id,AspectTerms,A_start,A_end,OpinionTerms,O_start,O_end,Categories,Polarities
1,,,,很好,0,2,整体,正面
1,,,,超值,3,5,价格,正面
1,,,,很好用,6,9,整体,正面
2,,,,很好,0,2,整体,正面
2,遮暇功能,3,7,差一些,7,10,功效,负面
2,,,,还不错,13,16,整体,正面
3,包装,0,2,太随便了,2,6,包装,负面
3,包装盒,9,12,没有,13,15,包装,负面
3,,,,很不好,20,23,整体,负面
4,,,,非常的不好,8,13,整体,负面
4,,,,垃圾,19,21,整体,负面
5,,,,很是划算,3,7,价格,正面
6,香味,14,16,淡淡的,11,14,气味,正面
6,,,,喜欢,17,19,整体,正面
7,,,,还不错,7,10,整体,正面
8,,,,很润,0,2,使用体验,正面
8,,,,好推开,4,7,使用体验,正面
8,,,,还可以,10,13,整体,正面
9,,,,很不错,11,14,整体,正面
10,,,,比较划算,7,11,价格,正面
10,,,,比较好用,13,17,整体,正面
11,,,,好用,0,2,整体,正面
11,,,,不油腻,2,5,使用体验,正面
11,,,,很清爽,5,8,使用体验,正面
12,,,,水润,2,4,整体,正面
12,,,,很值,14,16,价格,正面
13,物流,15,17,快,18,19,物流,正面
14,,,,很好的,0,3,整体,正面
14,,,,不错,28,30,整体,正面
15,上妆效果,0,4,容易上妆,5,9,功效,正面
15,持久情况,20,24,,,,功效,负面
15,,,,还不错,39,42,整体,正面
16,快递员,0,3,很好,3,5,物流,正面
16,,,,真实,40,42,功效,正面
16,,,,自然,38,40,功效,正面
16,,,,挺好用,34,37,整体,正面
17,,,,一般般,0,3,整体,中性
17,,,,还可以,4,7,整体,正面
17,价格,8,10,不算贵,10,13,价格,正面
18,小礼品,16,19,,,,价格,正面
18,,,,不错,9,11,整体,正面
18,快递小哥,26,30,,,,物流,正面
19,,,,很补水,17,20,功效,正面
20,,,,非常喜欢,4,8,整体,正面
21,,,,还不错,0,3,整体,正面
21,物流,5,7,很快,7,9,物流,正面
22,,,,赞,28,29,整体,正面
23,,,,比较方便,9,13,使用体验,正面
23,,,,还可以,2,5,整体,正面
24,物流,0,2,很快,2,4,物流,正面
24,,,,好,7,8,整体,正面
25,,,,太好用了,0,4,整体,正面
25,,,,大爱,12,14,整体,正面
25,味道,5,7,很好闻,8,11,气味,正面
26,优惠券,19,22,,,,价格,正面
26,,,,太合适,23,26,整体,正面
27,物流,4,6,特别快,6,9,物流,正面
27,隔离,9,11,特别好,11,14,功效,正面
28,,,,很好用,0,3,整体,正面
28,,,,物美价廉,19,23,价格,正面
29,,,,还好吧,2,5,整体,正面
29,味道,27,29,还好,29,31,气味,正面
29,,,,挺好用的,41,45,整体,正面
30,乳液,25,27,,,,成分,中性
30,,,,水水嫩嫩的,9,14,使用体验,正面
31,物流,0,2,好快,2,4,物流,正面
31,,,,挺好,21,23,整体,正面
32,发货,0,2,很快,2,4,物流,正面
32,活动,5,7,特别合算,12,16,价格,正面
32,贴合,20,22,很好,22,24,使用体验,正面
32,精华,25,27,蛮多,28,30,成分,正面
33,,,,还不错,0,3,整体,正面
34,,,,非常好,2,5,整体,正面
35,,,,挺好的,6,9,整体,正面
36,,,,很自然,10,13,功效,正面
36,,,,不油腻,15,18,使用体验,正面
36,,,,很清爽,19,22,使用体验,正面
37,,,,不错,0,2,整体,正面
37,,,,挺好的,3,6,整体,正面
37,,,,挺满意的,7,11,整体,正面
37,服务,12,14,非常好,15,18,服务,正面
38,,,,用着舒服,0,4,使用体验,正面
38,补水效果,5,9,不错,10,12,功效,正面
38,价格,13,15,实惠,15,17,价格,正面
39,,,,好用,0,2,整体,正面
39,性价比,3,6,很高,6,8,价格,正面
40,,,,很好,14,16,整体,正面
40,,,,不紧崩,10,13,使用体验,正面
40,,,,很温和,0,3,使用体验,正面
41,,,,不错,0,2,整体,正面
41,,,,很好,3,5,整体,正面
41,,,,物超所值,6,10,整体,正面
42,物流,14,16,很快,16,18,物流,正面
42,,,,还可以,21,24,整体,正面
43,速度,9,11,快,11,12,物流,正面
43,,,,好评,0,2,整体,正面
44,,,,小小,0,2,尺寸,负面
44,,,,不错,11,13,整体,正面
45,速度,4,6,很快,6,8,物流,正面
45,,,,不错,0,2,整体,正面
46,,,,很好,0,2,整体,正面
46,,,,还不错,17,20,整体,正面
46,,,,很喜欢,35,38,整体,正面
47,,,,差评,13,15,整体,负面
47,,,,太坑了,18,21,整体,负面
48,味道,10,12,还好,12,14,气味,正面
49,,,,还不错,2,5,整体,正面
49,,,,很好,17,19,整体,正面
50,,,,不错,2,4,整体,正面
50,活动,25,27,,,,价格,正面
50,,,,物美价廉,28,32,价格,正面
51,快递,0,2,挺快的,2,5,物流,正面
51,,,,没有过敏,14,18,使用体验,正面
52,价格,12,14,便宜,14,16,价格,正面
52,,,,不错,8,10,整体,正面
53,精华液量,2,6,非常足,6,9,成分,正面
53,保湿效果,10,14,棒棒哒,14,17,功效,正面
54,,,,很好用,0,3,整体,正面
55,降价,3,5,,,,价格,负面
55,,,,不开心,7,10,整体,负面
56,,,,好,13,14,整体,正面
57,泡沫,8,10,少,10,11,使用体验,负面
57,清洗,12,14,很干净,14,17,功效,正面
57,气味,18,20,优雅,20,22,气味,正面
57,发货,28,30,及时,30,32,物流,正面
58,物流,37,39,非常快,39,42,物流,正面
59,配送速度,18,22,很快,23,25,物流,正面
59,,,,挺好的,2,5,整体,正面
59,,,,五星好评,27,31,整体,正面
60,包装,2,4,很好,4,6,包装,正面
61,,,,好用,0,2,整体,正面
62,,,,很不错,0,3,整体,正面
62,,,,不错,15,17,整体,正面
63,,,,超喜欢,0,3,整体,正面
63,,,,无比的高大上,6,12,整体,正面
64,,,,是正品,0,3,真伪,正面
65,,,,挺不错的,0,4,整体,正面
66,卸妆效果,3,7,非常好,7,10,功效,正面
66,,,,好用,0,2,整体,正面
67,,,,很好,0,2,整体,正面
68,,,,很满意,46,49,整体,正面
68,,,,挺好用,40,43,整体,正面
69,,,,非常不错,0,4,整体,正面
70,水分,6,8,充足,8,10,成分,正面
70,,,,很好用,2,5,整体,正面
71,,,,是正品,0,3,真伪,正面
72,活动,0,2,,,,价格,正面
72,瓶子,13,15,很漂亮,15,18,包装,正面
72,瓶口,21,23,没有密封口,23,28,包装,负面
73,,,,蛮好的,7,10,整体,正面
73,,,,比较补水,2,6,功效,正面
74,,,,超值,5,7,价格,正面
75,,,,非常好用,0,4,整体,正面
75,遮瑕效果,22,26,特别好,27,30,功效,正面
75,,,,不会掉粉,31,35,使用体验,正面
76,,,,很滑,3,5,使用体验,负面
76,,,,不太适合,9,13,整体,负面
77,发货,7,9,很快,15,17,物流,正面
77,送货速度,10,14,很快,15,17,物流,正面
77,快递小哥,18,22,很好,23,25,物流,正面
78,,,,很好用,11,14,整体,正面
79,发货,0,2,迅速,2,4,物流,正面
79,,,,不错,8,10,整体,正面
80,,,,很好,0,2,整体,正面
80,,,,很快,3,5,物流,正面
81,,,,不油腻,10,13,使用体验,正面
81,,,,好推开,14,17,使用体验,正面
81,,,,很自然,6,9,功效,正面
81,,,,很好用,2,5,整体,正面
82,,,,好评,28,30,整体,正面
82,,,,好极了,0,3,整体,正面
82,,,,喜欢,9,11,整体,正面
82,,,,没毛病,20,23,整体,正面
83,,,,非常喜欢,5,9,整体,正面
83,,,,非常满意,0,4,整体,正面
84,,,,超级满意,6,10,整体,正面
84,,,,好用,0,2,整体,正面
84,,,,便宜,3,5,价格,正面
85,,,,真心不错,3,7,整体,正面
85,物流,21,23,超快的,25,28,物流,正面
85,,,,滑滑的,13,16,使用体验,正面
85,,,,非常舒服,16,20,使用体验,正面
86,,,,好用,7,9,整体,正面
86,,,,划算,9,11,价格,正面
87,性价比,18,21,很高,21,23,价格,正面
87,,,,不错的,9,12,整体,正面
88,,,,没有过敏,3,7,使用体验,正面
88,,,,挺好的,8,11,整体,正面
89,快递员,10,13,很敬业,13,16,物流,正面
89,,,,挺好的,6,9,整体,正面
90,,,,好用,0,2,整体,正面
91,,,,喜欢,7,9,整体,正面
92,,,,五星好评,0,4,整体,正面
92,快递,5,7,好评,11,13,包装,正面
92,服务,8,10,好评,11,13,服务,正面
93,发货,0,2,速度快,2,5,物流,正面
93,,,,还可以,8,11,整体,正面
94,服务态度,3,7,好,7,8,服务,正面
94,,,,好用,0,2,整体,正面
95,,,,还挺好的,3,7,整体,正面
95,补水效果,10,14,很好,14,16,功效,正面
95,快递小哥态度,17,23,很好,14,16,物流,正面
96,快递公司,8,12,给力,14,16,物流,正面
96,快递小哥,33,37,点赞,37,39,物流,正面
97,补水效果,12,16,非常不错,16,20,功效,正面
98,快递,0,2,点个赞,2,5,物流,正面
98,快递,0,2,超级快,6,9,物流,正面
98,质量,10,12,杠杠滴,14,17,其他,正面
98,,,,很不错,32,35,整体,正面
98,,,,棒棒哒,36,39,整体,正面
99,快递速度,2,6,快,6,7,物流,正面
99,性价比,8,11,不错,11,13,价格,正面
100,价格,8,10,没有原来美好,10,16,价格,中性
100,,,,很划算,0,3,价格,正面
100,,,,一直棒棒,38,42,整体,正面
100,,,,实惠,44,46,价格,正面
101,,,,很不错,0,3,整体,正面
101,,,,很滋润,15,18,使用体验,正面
101,,,,很水润,21,24,使用体验,正面
101,价格,25,27,很实惠,27,30,价格,正面
101,到货速度,36,40,很快,40,42,物流,正面
101,,,,很满意,43,46,整体,正面
102,,,,有点假白,3,7,功效,负面
103,,,,超级好用,14,18,整体,正面
103,,,,便宜,43,45,价格,正面
104,,,,挺好用的,7,11,整体,正面
105,活动,0,2,很划算,2,5,价格,正面
105,清洁,6,8,很彻底,8,11,功效,正面
105,泡沫,12,14,丰富,14,16,使用体验,正面
105,,,,好用,20,22,整体,正面
106,快递小哥,14,18,,,,物流,正面
107,,,,划算,10,12,价格,正面
108,,,,不错,8,10,整体,正面
108,,,,满意,11,13,整体,正面
109,,,,还不错,2,5,整体,正面
109,,,,喜欢,17,19,整体,正面
109,,,,颜色相近,12,16,功效,正面
110,快递,22,24,特别快,24,27,物流,正面
111,,,,不错,1,3,整体,正面
111,,,,有些粘腻,5,9,使用体验,负面
112,,,,还可以,0,3,整体,正面
113,,,,物美价廉,5,9,价格,正面
114,气味,0,2,很好闻,2,5,气味,正面
114,盒子,17,19,粉粉的,14,17,包装,正面
114,,,,不错,27,29,整体,正面
115,,,,好用,14,16,整体,正面
115,,,,更优惠,22,25,价格,正面
116,,,,还OK,16,19,整体,正面
117,,,,挺好用的,9,13,整体,正面
117,活动,17,19,,,,价格,正面
118,送货速度,0,4,很快,4,6,物流,正面
118,,,,很好,41,43,整体,正面
119,,,,喜欢,0,2,整体,正面
119,,,,很划算,3,6,价格,正面
120,隔离,10,12,好,16,17,功效,正面
120,保湿效果,12,16,好,16,17,功效,正面
120,,,,不干,18,20,使用体验,正面
121,,,,超级喜欢,13,17,整体,正面
122,,,,挺不错的,5,9,整体,正面
123,,,,很喜欢,0,3,整体,正面
123,清洁,9,11,太给力了,11,15,功效,正面
123,,,,很干净,18,21,使用体验,正面
124,,,,不好用,0,3,整体,负面
124,,,,骗人的,4,7,整体,负面
125,,,,不错,2,4,整体,正面
126,,,,可以,2,4,整体,正面
126,,,,很便宜,10,13,价格,正面
127,,,,很好,20,22,整体,正面
128,,,,不错,11,13,整体,正面
128,,,,挺亮白的,6,10,功效,正面
128,,,,挺水润的,0,4,使用体验,正面
129,,,,还可以,0,3,尺寸,正面
130,,,,还可以,10,13,整体,正面
131,快递,0,2,太给力了,2,6,物流,正面
132,物流,40,42,很快,42,44,物流,正面
133,活动,14,16,,,,价格,正面
133,,,,挺好的,0,3,整体,正面
133,,,,便宜,4,6,价格,正面
133,,,,实惠,6,8,价格,正面
134,颜色,0,2,很正,2,4,功效,正面
134,,,,好评,5,7,整体,正面
135,,,,很好,0,2,整体,正面
135,,,,实惠,4,6,价格,正面
135,,,,便宜,2,4,价格,正面
136,,,,很不错,0,3,整体,正面
137,物流,14,16,很快,16,18,物流,正面
138,,,,便宜,25,27,价格,正面
138,,,,很划算,32,35,价格,正面
138,,,,满分,47,49,整体,正面
139,遮黄效果,2,6,特别好,6,9,功效,正面
140,,,,均匀,6,8,使用体验,正面
140,,,,服帖,8,10,使用体验,正面
140,,,,很不错,0,3,整体,正面
141,,,,货真价实,6,10,整体,正面
141,,,,好用,11,13,整体,正面
142,速度,1,3,好快,3,5,物流,正面
143,精华素,12,15,满满,10,12,成分,正面
143,提亮,23,25,不错,27,29,功效,正面
143,保湿,21,23,不错,27,29,功效,正面
144,物流,0,2,好快,2,4,物流,正面
144,,,,还不错,15,18,整体,正面
144,,,,很水润,19,22,使用体验,正面
145,,,,好用,34,36,整体,正面
145,,,,遮暇,43,45,功效,正面
145,,,,美白,38,40,功效,正面
146,,,,好评,25,27,整体,正面
146,,,,喜欢,22,24,整体,正面
146,,,,很好用,18,21,整体,正面
147,,,,很好,9,11,整体,正面
148,,,,一般,4,6,整体,负面
148,,,,很干,22,24,使用体验,负面
149,,,,不错,4,6,整体,正面
150,,,,清爽,0,2,使用体验,正面
150,,,,不错,8,10,功效,正面
150,色泽,11,13,唯美,13,15,使用体验,正面
150,气味,16,18,甜美,18,20,气味,正面
150,气味,16,18,光滑,3,5,使用体验,正面
151,,,,香香的,0,3,气味,正面
152,,,,很好用,4,7,整体,正面
152,,,,不油腻,7,10,使用体验,正面
153,,,,不紧绷,17,20,使用体验,正面
154,,,,挺好用,4,7,整体,正面
155,,,,还可以,0,3,整体,正面
156,快递,5,7,很给力,7,10,物流,正面
157,客服回复,18,22,太慢,22,24,服务,负面
158,包装,0,2,简陋,2,4,包装,负面
158,说明书,7,10,没有,5,7,包装,负面
158,,,,正品,11,13,真伪,负面
159,味道,0,2,清新,2,4,气味,正面
159,,,,挺自然的,7,11,功效,正面
160,,,,挺喜欢的,0,4,整体,正面
160,,,,很好用,10,13,整体,正面
161,,,,很补水,5,8,功效,正面
161,,,,很好,2,4,整体,正面
162,,,,有点干,24,27,使用体验,负面
162,,,,哑光质感,38,42,使用体验,正面
162,,,,蛮好,43,45,整体,正面
163,包装,6,8,很好,9,11,包装,正面
163,包装,6,8,没有破损,12,16,包装,正面
163,快递人员服务态度,26,34,很好,9,11,物流,正面
163,,,,满意,38,40,整体,正面
164,遮瑕,5,7,不适合,7,10,功效,负面
164,隔离效果,13,17,挺好的,18,21,功效,正面
164,保湿度,22,25,一般般,26,29,功效,中性
164,,,,很好吸收,0,4,使用体验,正面
165,,,,很好用,2,5,整体,正面
166,,,,太赞了,10,13,整体,正面
167,,,,不错,0,2,整体,正面
168,送货,2,4,超级快,4,7,物流,正面
168,,,,是正品,12,15,真伪,正面
169,,,,喜欢,0,2,整体,正面
169,,,,很润,10,12,使用体验,正面
169,,,,很好吸收,14,18,使用体验,正面
170,包装,0,2,很好,2,4,包装,正面
171,,,,不错,2,4,整体,正面
172,,,,很棒,0,2,整体,正面
173,,,,好,2,3,整体,正面
173,,,,不干燥,7,10,使用体验,正面
173,,,,五星好评,13,17,整体,正面
174,,,,有点痒,10,13,使用体验,负面
174,,,,卸不干净,2,6,功效,负面
175,防晒效果,0,4,,,,功效,中性
176,,,,蛮好用,17,20,整体,正面
177,,,,比较清爽,8,12,使用体验,正面
177,,,,喜欢,13,15,整体,正面
178,颜色,0,2,好看,2,4,其他,正面
178,服务态度,5,9,很好,9,11,服务,正面
178,物流,12,14,快速,14,16,物流,正面
179,,,,很棒,22,24,整体,正面
180,,,,不错,3,5,整体,正面
181,,,,很好用,7,10,整体,正面
181,隔离效果,11,15,不错,15,17,功效,正面
182,活动,12,14,,,,价格,正面
182,,,,蛮不错的,0,4,整体,正面
183,,,,很不错,0,3,整体,正面
183,,,,清澈,4,6,使用体验,正面
184,,,,很自然,20,23,功效,正面
184,,,,很贴,27,29,使用体验,正面
184,,,,有光泽,34,37,功效,正面
184,,,,很好,38,40,整体,正面
185,新包装样式,0,5,很喜欢,6,9,包装,正面
186,物流,7,9,很给力,10,13,物流,正面
186,,,,很划算,3,6,价格,正面
187,保湿,12,14,真的好,14,17,功效,正面
187,,,,非常不错,0,4,整体,正面
188,服务态度,2,6,很好,6,8,服务,正面
188,物流,16,18,很快,19,21,物流,正面
188,,,,很不错,11,14,整体,正面
189,,,,喜欢喜欢,0,4,整体,正面
189,,,,特别补水,5,9,功效,正面
189,,,,真的很耐斯,10,15,整体,正面
190,,,,不错,6,8,整体,正面
190,物流,14,16,超级给力,16,20,物流,正面
191,,,,不错,2,4,整体,正面
192,新包装,6,9,特别喜欢,0,4,包装,正面
192,,,,很方便,11,14,其他,正面
192,,,,不紧绷,34,37,使用体验,正面
192,,,,很保湿,38,41,功效,正面
193,,,,不油腻,0,3,整体,正面
193,卸妆,4,6,很干净,7,10,功效,正面
193,,,,很划算,19,22,价格,正面
194,,,,好用,5,7,整体,正面
195,,,,很好用,2,5,整体,正面
195,,,,很补水,14,17,功效,正面
195,效果,18,20,不错,20,22,功效,正面
196,,,,不错,0,2,整体,正面
197,,,,好评,8,10,整体,正面
197,,,,还可以,4,7,整体,正面
198,,,,好用,0,2,整体,正面
198,,,,实惠,2,4,价格,正面
199,,,,过敏了,7,10,使用体验,正面
200,,,,好评,21,23,整体,正面
200,,,,很好,5,7,整体,正面
200,,,,白皙,8,10,功效,正面
200,,,,水嫩,10,12,使用体验,正面
200,,,,没有干粉,16,20,使用体验,正面
201,,,,一点也不紧绷,16,22,使用体验,正面
201,,,,超值,23,25,价格,正面
202,,,,很好用,25,28,整体,正面
202,,,,清爽,29,31,使用体验,正面
202,,,,不刺激,31,34,使用体验,正面
203,,,,非常好用,0,4,整体,正面
203,,,,特别补水,7,11,功效,正面
203,,,,很不错,17,20,整体,正面
204,包装,0,2,很高大尚,2,6,包装,正面
205,卸妆效果,9,13,很好,13,15,功效,正面
205,,,,很干净,16,19,功效,正面
205,,,,不刺激,22,25,使用体验,正面
205,,,,挺舒服的,28,32,使用体验,正面
205,,,,滑滑的,37,40,使用体验,正面
205,,,,很划算,41,44,价格,正面
206,,,,好用,14,16,整体,正面
207,,,,很好用,0,3,整体,正面
207,,,,喜欢,4,6,整体,正面
208,成分,9,11,很安全,11,14,成分,正面
208,,,,不错,24,26,整体,正面
209,保温效果,8,12,挺好的,12,15,功效,正面
209,,,,没有出现过敏,23,29,使用体验,正面
210,,,,不差,22,24,整体,正面
211,,,,不错,13,15,整体,正面
212,活动,9,11,很划算,12,15,价格,正面
212,,,,很好用,20,23,整体,正面
213,味道,5,7,不错,7,9,气味,正面
213,,,,物美价廉,0,4,价格,正面
214,物流,0,2,快,2,3,物流,正面
214,精华液,10,13,很多,13,15,成分,正面
214,,,,嫩嫩的,19,22,使用体验,正面
214,,,,不错,23,25,整体,正面
215,,,,有点白,2,5,使用体验,中性
216,香味,6,8,淡淡的,3,6,气味,正面
216,,,,超好用,0,3,整体,正面
217,包装,13,15,太简陋,15,18,包装,负面
218,,,,不喜欢,0,3,整体,负面
219,,,,油,0,1,使用体验,负面
220,,,,太假了,6,9,真伪,负面
220,,,,是假货,31,34,真伪,负面
221,,,,量大,0,2,其他,正面
221,,,,便宜,2,4,价格,正面
222,,,,感觉不错,6,10,整体,正面
222,,,,很水嫩,12,15,使用体验,正面
223,,,,不错,0,2,整体,正面
223,,,,很好,5,7,整体,正面
223,速度,8,10,很快,10,12,物流,正面
224,,,,好用,0,2,整体,正面
224,赠品,10,12,,,,价格,正面
224,,,,不错,13,15,整体,正面
225,,,,挺好的,7,10,整体,正面
225,,,,水水嫩嫩的,13,18,使用体验,正面
226,,,,好快,0,2,物流,正面
227,,,,很实惠,0,3,价格,正面
227,精华液,4,7,特别多,7,10,成分,正面
227,,,,一般,17,19,整体,正面
227,,,,不是很好吸收,22,28,使用体验,正面
228,,,,很小,7,9,尺寸,负面
228,赠品,30,32,没有,33,35,价格,负面
229,物流,0,2,快,3,4,物流,正面
229,,,,实惠,5,7,价格,正面
230,包装,19,21,挺不错的,23,27,包装,正面
231,活动,1,3,,,,价格,正面
232,,,,好评,0,2,整体,正面
233,,,,还可以,0,3,整体,正面
233,,,,挺补水的,7,11,功效,正面
234,价格,21,23,便宜,29,31,价格,正面
235,保质期,23,26,近期,12,14,新鲜度,负面
235,客服态度,30,34,敷衍了事,34,38,服务,负面
236,,,,满意,18,20,整体,正面
237,,,,不油腻,14,17,使用体验,正面
238,,,,好用,4,6,整体,正面
238,,,,不贵,6,8,价格,正面
238,,,,挺补水的,24,28,功效,正面
239,,,,很温和,7,10,使用体验,正面
239,礼盒包装,30,34,没有,28,30,包装,负面
240,,,,非常好,0,3,整体,正面
240,,,,很满意,8,11,整体,正面
240,,,,好评,16,18,整体,正面
241,保湿效果,7,11,不错,11,13,功效,正面
242,,,,挺好,0,2,整体,正面
243,,,,不错,0,2,整体,正面
244,价格,0,2,很优惠,2,5,价格,正面
244,,,,特别好,8,11,整体,正面
245,,,,好用,0,2,整体,正面
245,,,,滋润,3,5,使用体验,正面
245,,,,喜欢,6,8,整体,正面
246,,,,很好用,26,29,整体,正面
247,,,,很喜欢,21,24,整体,正面
247,,,,比较适合,16,20,整体,正面
248,价格,5,7,合算,7,9,价格,正面
248,送货速度,10,14,很快,14,16,物流,正面
249,,,,挺好的,2,5,整体,正面
249,,,,很喜欢,8,11,整体,正面
250,,,,不错,4,6,整体,正面
251,,,,不刺激,17,20,使用体验,正面
251,,,,很好,14,16,整体,正面
251,,,,很实惠,28,31,价格,正面
251,,,,满意,32,34,整体,正面
252,物流,25,27,给力,28,30,物流,正面
252,,,,给力,28,30,整体,正面
253,水分,0,2,不是很足,2,6,成分,负面
254,,,,还可以,0,3,整体,正面
254,,,,不错,12,14,整体,正面
255,,,,很好闻,3,6,气味,正面
256,服务态度,16,20,很好,20,22,服务,正面
256,,,,不错,2,4,整体,正面
257,,,,好用,0,2,整体,正面
257,,,,温和的,3,6,使用体验,正面
257,,,,喜欢,14,16,整体,正面
257,,,,不紧绷,10,13,使用体验,正面
258,包装,6,8,好差,8,10,包装,负面
259,,,,挺好,7,9,整体,正面
259,,,,很光滑,17,20,使用体验,正面
259,补水效果,21,25,很不错,25,28,功效,正面
260,包装,5,7,坏了,7,9,包装,负面
261,,,,很自然,9,12,功效,正面
261,,,,挺好用,0,3,整体,正面
261,,,,很滋润,4,7,使用体验,正面
262,,,,不好用,0,3,整体,负面
262,,,,不显白,8,11,功效,负面
263,速度,0,2,快,7,8,物流,正面
263,,,,方便,13,15,使用体验,正面
264,,,,很好用,0,3,整体,正面
264,,,,还不错,20,23,整体,正面
264,,,,挺适合,24,27,整体,正面
265,,,,是真东西,0,4,真伪,正面
266,气味,12,14,淡淡的,14,17,气味,正面
266,,,,很滋润,18,21,使用体验,正面
267,粉扑设计,0,4,非常棒,5,8,包装,正面
267,盒子颜值,9,13,很高,13,15,包装,正面
268,快递,15,17,真的快,17,20,物流,正面
268,物流速度,6,10,,,,物流,正面
269,,,,香香的,0,3,气味,正面
269,,,,很润,4,6,使用体验,正面
269,,,,挺好,7,9,整体,正面
270,,,,不是很好用,0,5,整体,负面
270,,,,不是很干净,8,13,功效,负面
271,,,,肤色好好,10,14,使用体验,正面
271,,,,快,17,18,物流,正面
271,服务,19,21,好,21,22,服务,正面
271,,,,好用,6,8,整体,正面
272,价格,10,12,便宜,13,15,价格,正面
272,,,,正品,34,36,真伪,正面
273,,,,还可以,0,3,整体,正面
274,,,,很好,15,17,整体,正面
275,,,,提好的,0,3,整体,正面
276,,,,挺好,0,2,整体,正面
276,泡沫,3,5,丰富,5,7,使用体验,正面
276,,,,很干净,10,13,使用体验,正面
277,洁面,10,12,挺好的,12,15,功效,正面
278,,,,还不错,0,3,整体,正面
279,,,,很多泡泡,0,4,使用体验,正面
279,,,,好用,5,7,整体,正面
280,,,,很好,6,8,整体,正面
281,,,,真的很不错,14,19,整体,正面
281,,,,很好用,22,25,整体,正面
281,,,,很适合,29,32,整体,正面
282,,,,非常好用,6,10,整体,正面
282,遮瑕效果,11,15,很好,15,17,功效,正面
283,,,,很好用,12,15,整体,正面
284,,,,很好用,0,3,整体,正面
284,,,,温和不刺激,4,9,使用体验,正面
284,清洁力,10,13,不错,14,16,功效,正面
284,,,,好评,17,19,整体,正面
285,,,,很好用,7,10,整体,正面
285,卸妆效果,11,15,很好,15,17,功效,正面
285,,,,不紧绷,21,24,使用体验,正面
286,,,,挺好闻的,0,4,气味,正面
286,,,,不假白,5,8,功效,正面
286,,,,亮肤,8,10,功效,正面
286,,,,滋润,10,12,使用体验,正面
287,,,,很好用,0,3,整体,正面
287,,,,很喜欢,3,6,整体,正面
287,,,,挺好的,9,12,整体,正面
287,,,,很贴皮肤,13,17,使用体验,正面
288,价格,0,2,便宜,2,4,价格,正面
288,活动,4,6,给力,6,8,价格,正面
288,,,,不错,17,19,整体,正面
289,,,,好用,0,2,整体,正面
289,,,,不浮粉,3,6,使用体验,正面
289,,,,不错,14,16,整体,正面
290,,,,挺补水的,3,7,功效,正面
290,,,,很薄,0,2,使用体验,正面
290,,,,贵了,11,13,价格,负面
291,,,,服帖,3,5,使用体验,正面
291,,,,自然,0,2,使用体验,正面
292,味道,14,16,很好闻,16,19,气味,正面
293,,,,蛮好用的,2,6,整体,正面
293,,,,轻薄,7,9,使用体验,正面
293,,,,不油腻,10,13,使用体验,正面
293,,,,蛮自然的,18,22,功效,正面
294,,,,不错哦,0,3,整体,正面
294,,,,特别便宜,4,8,价格,正面
294,,,,很湿润,24,27,使用体验,正面
295,赠的东西,0,4,挺多的,4,7,价格,正面
296,,,,还可以,0,3,整体,正面
296,遮瑕效果,4,8,挺好,8,10,功效,正面
296,,,,不保湿,13,16,功效,正面
296,,,,好干,21,23,使用体验,正面
297,,,,没以前好用,7,12,整体,负面
298,,,,良好,11,13,整体,正面
298,,,,无异常,16,19,整体,正面
298,,,,喜欢,20,22,整体,正面
299,,,,好用,7,9,整体,正面
300,包装,1,3,太随便了,6,10,包装,负面
300,,,,不值,36,38,整体,负面
301,,,,物美价廉,5,9,价格,正面
301,,,,放心,12,14,整体,正面
302,,,,非常好用,6,10,整体,正面
303,,,,油而不腻,23,27,使用体验,正面
304,,,,还不错,2,5,整体,正面
304,,,,轻薄,6,8,使用体验,正面
304,,,,不油腻,8,11,使用体验,正面
305,,,,很好用,2,5,整体,正面
306,,,,很均匀,4,7,使用体验,正面
306,,,,挺好的,0,3,整体,正面
307,,,,挺好的,14,17,整体,正面
308,,,,挺好用的,0,4,整体,正面
308,,,,不卡粉,5,8,使用体验,正面
308,,,,很自然,11,14,功效,正面
308,,,,喜欢,23,25,整体,正面
309,礼品,4,6,超级喜欢,6,10,服务,正面
310,,,,挺好用,11,14,整体,正面
311,,,,喜欢,29,31,整体,正面
312,,,,非常好用,0,4,整体,正面
313,快递,12,14,好快,14,16,物流,正面
314,包装,0,2,很满意,2,5,包装,正面
315,,,,很滑嫩,19,22,使用体验,正面
315,,,,不刺激,23,26,使用体验,正面
316,,,,有点油,6,9,使用体验,负面
317,,,,很好用,7,10,整体,正面
318,,,,很喜欢,8,11,整体,正面
319,,,,还不错,0,3,整体,正面
319,,,,挺喜欢的,3,7,整体,正面
320,,,,很好闻,3,6,气味,正面
320,,,,应该不错,15,19,整体,正面
320,赠品,20,22,很好,22,24,价格,正面
320,赠品,20,22,很实在,24,27,价格,正面
321,,,,挺好,7,9,整体,正面
321,,,,是正品,14,17,真伪,正面
322,,,,还可以,17,20,整体,正面
323,速度,4,6,很快,6,8,物流,正面
323,,,,不错,0,2,整体,正面
324,,,,好用,7,9,整体,正面
325,发货送货,2,6,很快,6,8,物流,正面
325,服务态度,9,13,很好,13,15,物流,正面
325,质量,16,18,值得信赖,18,22,其他,正面
325,,,,好评,23,25,整体,正面
326,,,,超实惠,8,11,价格,正面
326,,,,真的不错,22,26,整体,正面
327,,,,好用,2,4,整体,正面
328,,,,很清爽保湿,14,19,使用体验,正面
328,香味,26,28,淡淡的,23,26,气味,正面
328,香味,26,28,特别好闻,29,33,气味,正面
329,,,,特别好用,8,12,整体,正面
330,发货,27,29,比较慢,29,32,物流,负面
331,,,,柔软,2,4,使用体验,正面
331,,,,非常喜欢,7,11,整体,正面
331,,,,均匀,4,6,功效,正面
332,客服态度,0,4,很好,4,6,服务,正面
333,赠品,6,8,没,9,10,价格,负面
333,,,,很好,2,4,整体,正面
334,,,,正品,5,7,真伪,正面
334,,,,很好用,15,18,功效,正面
334,,,,水润,37,39,使用体验,正面
334,,,,白皙,39,41,功效,正面
334,,,,很自然,42,45,功效,正面
335,,,,还可以,2,5,整体,正面
335,,,,挺好的,6,9,整体,正面
336,,,,特价,0,2,价格,正面
336,物流,5,7,快,8,9,物流,正面
337,味道,10,12,不是很好闻,15,20,气味,负面
338,价格,14,16,实惠,16,18,价格,正面
339,塑封袋,4,7,,,,包装,负面
339,,,,好假,15,17,真伪,负面
339,,,,不开心,24,27,整体,负面
340,,,,挺好的,0,3,整体,正面
341,,,,不好晕开,28,32,使用体验,正面
341,,,,遮不住什么,34,39,功效,负面
342,,,,还不错,10,13,整体,正面
343,,,,挺不错的,0,4,整体,正面
344,,,,很好,2,4,整体,正面
344,,,,很水润,5,8,使用体验,正面
344,,,,物美价廉,9,13,价格,正面
344,,,,喜欢,14,16,整体,正面
345,,,,还可以,2,5,整体,正面
346,物流,0,2,很快,2,4,物流,正面
346,性价比,5,8,很高,8,10,价格,正面
346,,,,好评,11,13,整体,正面
347,物流,30,32,太给力,32,35,物流,正面
347,,,,特别实惠,21,25,价格,正面
348,补水效果,0,4,很好,4,6,功效,正面
348,味道,7,9,好闻,10,12,气味,正面
349,,,,很不错,2,5,整体,正面
349,,,,杠杠的,22,25,整体,正面
350,,,,保湿,0,2,功效,正面
350,,,,不油腻,2,5,使用体验,正面
351,香味,27,29,淡淡得,24,27,气味,正面
351,,,,太超值,30,33,价格,正面
351,,,,接近肤色,12,16,功效,正面
351,,,,不是特别油,17,22,使用体验,正面
351,,,,真不错,6,9,整体,正面
352,,,,不干,6,8,使用体验,正面
352,,,,挺温和,9,12,使用体验,正面
353,,,,很好,0,2,整体,正面
354,卸妆,9,11,温和,7,9,功效,正面
354,,,,不干,27,29,使用体验,正面
354,,,,干净,32,34,功效,正面
354,,,,量大耐用,35,39,其他,正面
354,,,,挺喜欢的,40,44,整体,正面
354,卸妆,9,11,无负担,11,14,功效,正面
355,,,,挺好,5,7,整体,正面
356,,,,很迷你,0,3,包装,正面
356,,,,很细腻,4,7,使用体验,正面
356,白的,7,9,不浮夸,9,12,功效,正面
356,香味,16,18,淡淡的,13,16,气味,正面
357,价格,0,2,实惠,2,4,价格,正面
357,物流,5,7,很快,7,9,物流,正面
358,,,,好评,9,11,整体,正面
358,,,,很温和,3,6,使用体验,正面
358,,,,不敏感,6,9,使用体验,正面
358,,,,可以的,0,3,整体,正面
359,价位,9,11,非常合适,12,16,价格,正面
360,价格,0,2,很优惠,2,5,价格,正面
360,保质期,8,11,太短,11,13,新鲜度,负面
360,,,,很不错,26,29,整体,正面
360,,,,好评,17,19,整体,正面
361,,,,很喜欢,0,3,整体,正面
361,,,,很好用,11,14,整体,正面
362,生产日期,7,11,比较旧,11,14,新鲜度,负面
363,,,,可以,0,2,整体,正面
364,活动,14,16,,,,价格,正面
364,包装,24,26,,,,包装,负面
365,快递速度,2,6,快,6,7,物流,正面
365,快递,41,43,点赞,43,45,物流,正面
366,,,,不错,0,2,整体,正面
367,价格,17,19,实惠,19,21,价格,正面
367,补水,23,25,很适合,27,30,功效,正面
367,护肤,25,27,很适合,27,30,功效,正面
367,修复角质层,33,38,,,,功效,中性
367,,,,很水,11,13,使用体验,正面
367,,,,不粘稠,13,16,使用体验,正面
368,,,,挺温和的,5,9,使用体验,正面
369,,,,很好,16,18,整体,正面
370,,,,便宜太多了,22,27,价格,正面
370,价格,28,30,优惠,30,32,价格,正面
370,,,,挺好,36,38,整体,正面
371,,,,不错,14,16,整体,正面
372,,,,非常好,0,3,整体,正面
372,,,,很白,15,17,使用体验,正面
372,,,,不壳粉,26,29,使用体验,正面
372,赠品,40,42,,,,价格,正面
372,隔离效果,18,22,很好,12,14,功效,正面
372,,,,是正品,44,47,真伪,正面
373,外壳,0,2,好看,2,4,包装,正面
373,,,,好评,16,18,整体,正面
374,,,,很好用,17,20,整体,正面
374,,,,水润润的,25,29,使用体验,正面
375,,,,很好,0,2,整体,正面
375,,,,很划算,3,6,价格,正面
375,,,,很喜欢,19,22,整体,正面
376,服务,11,13,非常好,13,16,服务,正面
377,味道,0,2,非常喜欢,2,6,气味,正面
377,,,,很滋润,7,10,使用体验,正面
378,,,,挺不错的,7,11,整体,正面
379,,,,喜欢,23,25,整体,正面
380,,,,有点小贵,22,26,价格,负面
380,,,,显白,10,12,功效,正面
380,,,,水润,12,14,使用体验,正面
380,,,,很好推开,5,9,使用体验,正面
381,,,,很讨厌,0,3,整体,负面
381,,,,破了,8,10,包装,负面
381,,,,水漏了,11,14,包装,负面
382,,,,划算,16,18,价格,正面
382,活动价,10,13,,,,价格,正面
382,,,,喜欢,2,4,整体,正面
383,,,,很不错,8,11,整体,正面
383,,,,挺好,24,26,整体,正面
384,味道,11,13,好,14,15,气味,正面
384,,,,很好用,7,10,整体,正面
385,,,,不是正品,4,8,真伪,负面
386,,,,很好用,2,5,整体,正面
387,,,,不错,0,2,整体,正面
387,价格,2,4,实惠,4,6,价格,正面
388,,,,很润,2,4,使用体验,正面
388,,,,很柔暖,5,8,使用体验,正面
388,,,,还可以,17,20,整体,正面
389,,,,还不错,3,6,整体,正面
389,,,,挺环保,40,43,其他,正面
389,,,,可以,44,46,整体,正面
390,,,,挺好,10,12,整体,正面
391,,,,很好用,0,3,整体,正面
392,,,,是正品,0,3,真伪,正面
392,,,,挺好,21,23,整体,正面
393,,,,非常好,2,5,整体,正面
393,,,,很喜欢,7,10,整体,正面
393,,,,棒棒的,11,14,整体,正面
394,,,,五分好评,24,28,整体,正面
394,配送,18,20,很给力,20,23,物流,正面
394,,,,还可以,12,15,整体,正面
395,,,,适合,9,11,整体,正面
396,,,,很喜欢,7,10,整体,正面
397,,,,有点干,20,23,使用体验,负面
397,,,,还不错,7,10,整体,正面
398,,,,可以,2,4,整体,正面
398,,,,很好涂抹,5,9,使用体验,正面
398,味道,10,12,喜欢,13,15,气味,正面
399,包装盒,0,3,压扁了,3,6,包装,负面
399,快递,7,9,很负责,9,12,物流,正面
400,,,,很好用,0,3,整体,正面
401,物流,5,7,很快,8,10,物流,正面
401,,,,很好,2,4,整体,正面
402,服务,0,2,超级棒,2,5,服务,正面
402,物流,7,9,很快,9,11,物流,正面
402,,,,正品,17,19,真伪,正面
402,,,,很高兴,25,28,整体,正面
403,,,,不卡粉,14,17,使用体验,正面
403,,,,喜欢,19,21,整体,正面
404,,,,不错,3,5,整体,正面
404,,,,很好,0,2,整体,正面
405,,,,非常好,6,9,整体,正面
405,,,,喜欢,10,12,整体,正面
406,,,,好用,16,18,整体,正面
406,,,,很细腻,21,24,使用体验,正面
406,,,,很提亮肤色,26,31,功效,正面
406,,,,相当不错,33,37,整体,正面
406,快递,40,42,没得说,44,47,物流,正面
407,,,,是正品,2,5,真伪,正面
407,价格,6,8,有优势,8,11,价格,正面
407,快递,12,14,很给力,15,18,物流,正面
408,,,,很划算,4,7,价格,正面
409,,,,挺好的,0,3,整体,正面
409,,,,不错,3,5,整体,正面
410,,,,挺好的,0,3,整体,正面
411,,,,不好用,0,3,使用体验,负面
412,包装,35,37,挺好看的,38,42,包装,正面
412,,,,好划算,0,3,价格,正面
413,,,,希望满意,7,11,整体,中性
414,,,,挺实惠,3,6,价格,正面
415,,,,超级好用,0,4,整体,正面
415,,,,超级划算,5,9,价格,正面
416,味道,19,21,还可以,21,24,整体,正面
417,上妆,8,10,比较滋润,10,14,使用体验,正面
417,,,,比较轻薄,28,32,使用体验,正面
417,持久度,33,36,挺ok的,38,42,使用体验,正面
417,遮瑕,19,21,没有那么强,22,27,功效,正面
418,补水,10,12,非常好,12,15,功效,正面
418,,,,超值,19,21,价格,正面
418,,,,清爽,24,26,使用体验,正面
418,补水,10,12,棒棒哒,28,31,功效,正面
419,,,,不错,15,17,整体,正面
420,,,,很好,0,2,整体,正面
420,,,,很快,3,5,物流,正面
421,,,,又划算,0,3,价格,正面
421,,,,滑滑的,28,31,使用体验,正面
421,,,,嫩嫩的,31,34,使用体验,正面
422,,,,还可以,2,5,整体,正面
422,,,,不会紧绷,9,13,使用体验,正面
422,去油效果,14,18,很好,18,20,功效,正面
422,,,,很舒服,24,27,使用体验,中性
422,,,,泡泡多,28,31,使用体验,正面
422,味道,32,34,清香,34,36,气味,正面
422,价格,39,41,很划算,41,44,价格,正面
423,,,,非常不错,0,4,整体,正面
423,泡沫,5,7,细腻,7,9,使用体验,正面
423,味道,10,12,很好闻,12,15,气味,正面
423,,,,棒棒哒,16,19,整体,正面
424,价格,0,2,不贵,2,4,价格,正面
424,,,,比较少,7,10,其他,负面
424,,,,还不错,13,16,整体,正面
424,,,,挺好的,16,19,整体,正面
425,,,,很喜欢,7,10,整体,正面
425,,,,不错,2,4,整体,正面
426,,,,便宜,6,8,价格,正面
426,,,,很好用,26,29,整体,正面
427,,,,很不错,5,8,整体,正面
427,赠品,31,33,,,,价格,正面
427,,,,赞,37,38,整体,正面
428,,,,一般,0,2,整体,中性
428,,,,不干净,6,9,功效,负面
429,送货速度,0,4,很快,4,6,物流,正面
429,,,,很好用,18,21,整体,正面
430,活动,9,11,,,,价格,正面
431,味道,17,19,一样,23,25,气味,正面
432,温和程度,0,4,很好,5,7,使用体验,正面
432,清洁效果,8,12,不错,13,15,功效,正面
432,泡沫丰富度,24,29,一般,30,32,使用体验,中性
432,控油效果,16,20,还行,21,23,功效,正面
432,保湿效果,33,37,挺可以,38,41,功效,正面
433,,,,还不错,4,7,整体,正面
433,,,,挺好,17,19,整体,正面
434,,,,很不错,0,3,整体,正面
434,配送,4,6,很快,6,8,物流,正面
435,,,,不错,30,32,整体,正面
435,,,,是正品,2,5,真伪,正面
436,,,,挺好的,4,7,整体,正面
437,,,,特别软,24,27,包装,中性
438,物流,0,2,真是快,2,5,物流,正面
438,,,,物美价廉,7,11,价格,正面
438,,,,好评,11,13,整体,正面
439,遮暇效果,5,9,一点都没有,0,5,功效,负面
439,,,,不过敏,15,18,使用体验,正面
440,酒精味,0,3,好浓,3,5,使用体验,负面
441,,,,超级好用,0,4,整体,正面
441,,,,物美价廉,5,9,价格,正面
442,,,,是正品,6,9,真伪,正面
443,,,,好用,0,2,整体,正面
443,,,,水润,4,6,使用体验,正面
444,,,,很快,5,7,物流,正面
445,,,,挺温和,9,12,使用体验,正面
445,,,,水润,13,15,使用体验,正面
446,,,,很好,0,2,整体,正面
447,,,,还可以,0,3,整体,正面
447,,,,不油不腻,5,9,使用体验,正面
448,速度,4,6,很快,6,8,物流,正面
448,,,,不错,0,2,整体,正面
449,,,,很划算,13,16,价格,正面
449,,,,很好,2,4,整体,正面
450,,,,一直用,0,3,整体,正面
450,,,,挺不错,3,6,整体,正面
451,保湿效果,36,40,真的不错,40,44,功效,正面
452,,,,还可以,0,3,整体,正面
452,,,,有些干,10,13,使用体验,负面
453,酒精味,8,11,有点点,5,8,气味,中性
454,,,,超级好用,0,4,整体,正面
454,,,,物美价廉,5,9,价格,正面
454,,,,超级好,13,16,整体,正面
455,,,,挺好用的,2,6,整体,正面
455,保湿度,7,10,强,10,11,功效,正面
456,,,,是正品,5,8,整体,正面
457,卡粉,10,12,不会有,7,10,使用体验,正面
457,浮粉现象,12,16,不会有,7,10,使用体验,正面
457,,,,很香,0,2,气味,正面
458,,,,超好用,2,5,整体,正面
458,,,,实惠,6,8,价格,正面
459,,,,挺好的,0,3,整体,正面
460,,,,不是正品,15,19,真伪,负面
461,,,,很好,0,2,整体,正面
461,,,,不错,2,4,整体,正面
461,,,,非常喜欢,4,8,整体,正面
462,,,,不错,2,4,整体,正面
462,水分,5,7,很多,9,11,成分,正面
462,包装,12,14,差劲,14,16,包装,负面
462,精华,7,9,很多,9,11,成分,正面
463,,,,超好用,0,3,整体,正面
463,,,,物美价廉,9,13,价格,正面
464,,,,很好用,0,3,整体,正面
465,涨价,16,18,太多了,18,21,价格,负面
466,活动,11,13,不给力,13,16,价格,负面
466,,,,快捷,2,4,其他,正面
466,,,,方便,0,2,其他,正面
466,,,,不错,4,6,整体,正面
467,,,,特别好,0,3,整体,正面
467,,,,很好,4,6,整体,正面
467,,,,非常好,7,10,整体,正面
467,,,,很喜欢,11,14,整体,正面
467,,,,特别实惠,15,19,价格,正面
468,物流,0,2,特别特别给力,2,8,物流,正面
468,卖家服务态度,9,15,非常好,15,18,服务,正面
469,,,,还可以,0,3,整体,正面
469,,,,水水的,5,8,使用体验,正面
470,遮瑕,0,2,还好,2,4,功效,正面
470,,,,太干,7,9,使用体验,负面
471,,,,很好用,0,3,整体,正面
471,,,,很喜欢,4,7,整体,正面
472,,,,很好,0,2,整体,正面
472,补水效果,6,10,杠杠滴,10,13,功效,正面
473,补水效果,0,4,特别好,4,7,功效,正面
473,价格,16,18,优惠,18,20,价格,正面
473,物流,21,23,快,24,25,物流,正面
473,,,,好评,8,10,整体,正面
474,味道,0,2,很喜欢,2,5,气味,正面
474,价格,6,8,很划算,9,12,价格,正面
475,快递,7,9,,,,物流,负面
476,,,,很喜欢,12,15,整体,正面
477,物流,22,24,快,24,25,物流,正面
477,包装,26,28,严实,28,30,包装,正面
478,,,,不错,0,2,整体,正面
478,,,,挺好,2,4,整体,正面
478,快递,5,7,及时,7,9,物流,正面
478,快递,5,7,专业,9,11,物流,正面
479,,,,还可以,0,3,整体,正面
479,,,,干净,14,16,功效,正面
479,味道,8,10,淡淡的,5,8,气味,正面
480,补水效果,0,4,不错,4,6,功效,正面
481,透气性,7,10,很一般,11,14,使用体验,负面
481,,,,泛白,0,2,使用体验,负面
481,,,,不持妆,3,6,使用体验,负面
482,,,,实惠,0,2,价格,正面
482,速度,10,12,很快,12,14,物流,正面
483,清洗,14,16,很容易,16,19,功效,正面
484,,,,便宜,0,2,价格,正面
484,,,,实惠,2,4,价格,正面
485,,,,挺不错,6,9,整体,正面
486,,,,还可以,5,8,整体,正面
487,,,,发错,0,2,物流,负面
488,味道,11,13,喜欢的,8,11,气味,正面
488,味道,11,13,很熟悉,18,21,气味,正面
489,,,,差评,20,22,整体,负面
489,,,,不好用,9,12,整体,负面
489,,,,很垃圾,12,15,整体,负面
489,,,,很忧伤,45,48,整体,负面
490,,,,还不错,2,5,整体,正面
490,,,,有点滑,29,32,使用体验,中性
490,清洁效果,34,38,一般般吧,38,42,功效,中性
491,成膜,17,19,快,19,20,功效,正面
491,防晒效果,0,4,,,,功效,中性
491,,,,不油,25,27,使用体验,正面
492,,,,挺补水的,13,17,功效,正面
492,,,,还不错,9,12,整体,正面
492,,,,很便宜,19,22,价格,正面
492,,,,好评,22,24,整体,正面
493,物流,3,5,超快,5,7,物流,正面
493,补水效果,27,31,不错,31,33,功效,正面
493,,,,挺好用,22,25,整体,正面
493,价格,34,36,很实惠,36,39,价格,正面
494,,,,挺好的,4,7,整体,正面
495,,,,刺激皮肤,6,10,使用体验,负面
495,,,,会紧绷,16,19,使用体验,负面
496,快递,2,4,太给力了,4,8,物流,正面
497,,,,不知道是不是正品,5,13,真伪,中性
498,服务,12,14,很满意,15,18,服务,正面
498,,,,很喜欢,21,24,整体,正面
499,物流,0,2,很快,2,4,物流,正面
499,质量,13,15,很好,15,17,其他,正面
499,活动,21,23,很划算,25,28,价格,正面
499,,,,正品,18,20,真伪,正面
500,,,,希望是正品,6,11,真伪,中性
501,,,,不错,6,8,整体,正面
501,,,,赞一个,9,12,整体,正面
502,味道,0,2,淡淡的,2,5,气味,正面
502,水分,7,9,超足,9,11,使用体验,正面
502,,,,没有刺激感,13,18,使用体验,正面
503,价格,6,8,实惠,8,10,价格,正面
504,,,,很好用,6,9,整体,正面
504,,,,经济,10,12,价格,正面
504,,,,实惠,13,15,价格,正面
505,味道,7,9,,,,气味,中性
505,质地,34,36,清爽,36,38,使用体验,正面
505,,,,不油腻,39,42,使用体验,正面
505,,,,有提亮,47,50,功效,正面
506,,,,不错,0,2,整体,正面
506,,,,挺好的,2,5,整体,正面
506,价格,6,8,实惠,8,10,价格,正面
506,赠品,12,14,,,,价格,正面
507,,,,最垃圾,6,9,整体,负面
507,,,,一点不好用,13,18,整体,负面
508,,,,太好了,0,3,整体,正面
509,补水效果,15,19,杠杠滴,19,22,功效,正面
509,,,,特别好用,11,15,整体,正面
510,,,,很好的,0,3,整体,正面
510,,,,白白的,6,9,功效,正面
510,,,,不油腻,11,14,使用体验,正面
511,发货,0,2,快,2,3,物流,正面
511,,,,一如既往的好,4,10,整体,正面
512,,,,很好用,2,5,整体,正面
513,收货,0,2,很快,2,4,物流,正面
513,,,,不错,14,16,整体,正面
514,价格,0,2,优惠,2,4,价格,正面
514,泡沫,5,7,多,7,8,使用体验,正面
514,,,,特别干净,15,19,功效,正面
514,,,,不紧绷,11,14,使用体验,正面
515,发货,2,4,超快,4,6,物流,正面
515,包装,7,9,挺好的,10,13,包装,正面
515,价格,22,24,实惠,24,26,价格,正面
515,,,,是正品,33,36,真伪,正面
516,,,,很好,2,4,整体,正面
516,,,,不错,7,9,整体,正面
516,性价比,20,23,高,23,24,价格,正面
517,,,,不错,2,4,整体,正面
517,,,,便宜不少,16,20,价格,正面
518,,,,很控油,0,3,功效,正面
518,,,,很持妆,3,6,功效,正面
518,,,,稍微有点干,9,14,使用体验,中性
518,颜色,15,17,很好,18,20,包装,正面
519,活动,6,8,最合适,12,15,价格,正面
520,物流,0,2,超快,2,4,物流,正面
520,,,,很好,5,7,整体,正面
520,,,,喜欢,8,10,整体,正面
521,送货,0,2,挺快,2,4,物流,正面
522,价格,9,11,合适,11,13,价格,正面
522,,,,很好用,15,18,整体,正面
523,,,,好评,4,6,整体,正面
524,,,,实惠,10,12,价格,正面
525,送货速度,3,7,超快,7,9,物流,正面
525,,,,不错,0,2,整体,正面
526,,,,一直都用,3,7,整体,正面
527,,,,还可以,12,15,整体,正面
528,物流,4,6,很快,6,8,物流,正面
528,活动,10,12,很划算,14,17,价格,正面
529,,,,不怎么样,0,4,整体,负面
529,,,,太白,8,10,功效,负面
529,,,,卡粉,5,7,使用体验,负面
530,,,,还可以,8,11,整体,正面
531,性价比,5,8,高,8,9,价格,正面
531,,,,好用,11,13,整体,正面
532,,,,挺干净,9,12,功效,正面
533,,,,还不错,9,12,整体,正面
534,,,,不错,0,2,整体,正面
534,,,,真的好用,3,7,整体,正面
534,,,,一点也不油,10,15,使用体验,正面
534,,,,超清爽的,16,20,使用体验,正面
535,物流,0,2,太快了,2,5,物流,正面
535,,,,很好用,26,29,整体,正面
536,,,,很喜欢,5,8,整体,正面
536,,,,很好,3,5,整体,正面
537,,,,很喜欢,10,13,整体,正面
537,,,,不贵,14,16,价格,正面
537,,,,好用,16,18,整体,正面
538,,,,很好,0,2,整体,正面
538,,,,不错,3,5,整体,正面
539,,,,好小,5,7,尺寸,负面
539,,,,挺湿润,8,11,使用体验,正面
540,味道,0,2,很好闻,2,5,气味,正面
540,,,,比较费,15,18,价格,负面
541,,,,还不错,2,5,整体,正面
541,,,,喜欢,6,8,整体,正面
542,,,,可以,2,4,整体,正面
543,性价比,0,3,高,3,4,价格,正面
543,,,,好评,6,8,整体,正面
543,赠品,15,17,,,,价格,正面
544,,,,很快,15,17,物流,正面
545,补水效果,7,11,还不错,13,16,功效,正面
545,优惠力度,19,23,,,,价格,负面
546,,,,好评,22,24,整体,正面
547,包装,7,9,很漂亮,9,12,包装,正面
548,遮瑕的效果,4,9,特别好,10,13,功效,正面
548,物流,19,21,特别快,22,25,物流,正面
548,,,,挺好的,0,3,整体,正面
548,,,,特别喜欢,14,18,整体,正面
549,补水效果,0,4,不错,4,6,功效,正面
549,物流,7,9,很快,10,12,物流,正面
549,,,,很好用,25,28,整体,正面
550,活动,4,6,很划算,11,14,价格,正面
550,,,,满意,0,2,整体,正面
551,,,,很不错,15,18,整体,正面
552,,,,挺好的,0,3,整体,正面
553,补水效果,0,4,好,4,5,功效,正面
553,,,,水润润的,9,13,使用体验,正面
553,味道,14,16,清香,16,18,气味,正面
553,,,,易吸收,19,22,使用体验,正面
553,活动,24,26,很划算,29,32,价格,正面
554,包装,9,11,还不错,11,14,包装,正面
554,物流,21,23,还蛮快,23,26,物流,正面
555,,,,还不错,0,3,整体,正面
555,价格,12,14,便宜,14,16,价格,正面
556,补水效果,35,39,不错,32,34,功效,正面
556,,,,超级划算,2,6,价格,正面
556,,,,快,20,21,物流,正面
556,,,,不错,32,34,整体,正面
556,,,,便宜,17,19,价格,正面
557,,,,挺好用,2,5,整体,正面
557,,,,挺舒服,6,9,整体,正面
557,,,,挺干净,10,13,功效,正面
558,,,,超级多,6,9,整体,正面
558,,,,好开心,0,3,整体,正面
559,保湿效果,6,10,非常好,10,13,功效,正面
560,,,,很好用,0,3,整体,正面
560,,,,一抹就开,16,20,使用体验,正面
560,,,,很好涂抹,11,15,使用体验,正面
561,,,,很实惠,8,11,价格,正面
561,,,,还可以,0,3,整体,正面
562,包装,0,2,太丑了,3,6,包装,负面
563,,,,很好,0,2,整体,正面
564,,,,很喜欢,12,15,整体,正面
564,,,,很香,16,18,气味,正面
564,,,,好快就到,6,10,物流,正面
565,,,,太白了,2,5,功效,负面
565,,,,白的不自然,6,11,功效,负面
566,,,,还不错,0,3,整体,正面
566,赠品,16,18,很多,14,16,价格,正面
567,精华,8,10,很多,10,12,成分,正面
567,,,,很不错,0,3,整体,正面
567,,,,便宜,5,7,价格,正面
568,,,,水水嫩嫩的,2,7,使用体验,正面
568,,,,不油腻,8,11,使用体验,正面
569,保质期,0,3,不足四年,27,31,新鲜度,负面
570,,,,是正品,3,6,真伪,正面
570,,,,很好,0,2,整体,正面
571,,,,还不错,3,6,整体,正面
572,,,,清香型,29,32,气味,正面
572,,,,很喜欢,33,36,整体,正面
573,,,,优惠多多,5,9,价格,正面
573,,,,非常满意,10,14,整体,正面
574,,,,没让人失望,7,12,整体,正面
575,,,,确实挺白的,0,5,功效,正面
575,,,,长痘,12,14,使用体验,负面
575,,,,刺痒,16,18,使用体验,负面
576,快递速度,10,14,很快,14,16,物流,正面
577,,,,好评,17,19,整体,正面
577,,,,很满意,10,13,整体,正面
577,,,,补水的,0,3,功效,正面
578,,,,很不错,0,3,整体,正面
578,,,,很水润,9,12,使用体验,正面
579,颜色,0,2,挺合适,2,5,包装,正面
579,,,,自然,6,8,功效,正面
579,,,,偏白,8,10,功效,中性
580,,,,不过敏,8,11,使用体验,正面
580,,,,好,12,13,整体,正面
581,发货速度,26,30,快,30,31,物流,正面
581,,,,好,34,35,整体,正面
582,,,,很好,6,8,整体,正面
583,,,,挺香的,0,3,气味,正面
583,效果,6,8,不错,8,10,功效,正面
583,泡沫,11,13,很多,13,15,使用体验,正面
584,,,,很不错,15,18,整体,正面
585,,,,非常好用,0,4,整体,正面
585,,,,很好,4,6,整体,正面
586,包装,0,2,精美,2,4,包装,正面
586,价格,10,12,合理,12,14,价格,正面
586,,,,上乘,7,9,整体,正面
587,,,,还好,12,14,整体,正面
587,速度,24,26,快,26,27,物流,正面
588,精华,9,11,很多,11,13,成分,正面
588,,,,挺好用,4,7,整体,正面
588,,,,粘稠,14,16,使用体验,正面
588,,,,很服帖,21,24,使用体验,正面
588,,,,挺好,32,34,整体,正面
589,,,,很不错,0,3,整体,正面
590,遮瑕,5,7,非常好,12,15,功效,正面
590,保湿效果,8,12,非常好,12,15,功效,正面
591,,,,非常好用,0,4,整体,正面
591,,,,很清爽舒服,8,13,使用体验,正面
592,,,,还行吧,0,3,整体,正面
593,隔离,0,2,非常好用,2,6,功效,正面
593,,,,有一点提亮肤色,7,14,功效,正面
594,补水效果,11,15,很好,15,17,功效,正面
594,,,,很柔滑,8,11,使用体验,正面
594,,,,真心好用,18,22,整体,正面
595,,,,可以的,2,5,整体,正面
596,补水,5,7,,,,功效,正面
596,,,,不错,0,2,整体,正面
597,,,,不错,0,2,整体,正面
597,,,,挺好用的,3,7,整体,正面
598,活动,1,3,还挺划算的,5,10,价格,正面
598,包装,11,13,很好,13,15,包装,正面
598,精华液,16,19,挺多的,20,23,成分,正面
598,效果,24,26,没什么突出的,27,33,功效,中性
599,,,,更滑,8,10,使用体验,正面
600,,,,很好,4,6,整体,正面
600,,,,挺好,11,13,整体,正面
601,,,,好,20,21,整体,正面
602,,,,好评,5,7,整体,正面
603,,,,非常好,0,3,整体,正面
603,,,,赞,12,13,整体,正面
604,,,,有点火辣辣的,19,25,使用体验,负面
605,价格,3,5,实惠,5,7,价格,正面
605,,,,正品,0,2,真伪,正面
605,礼物,14,16,,,,价格,正面
606,,,,是正品,0,3,真伪,正面
606,,,,便宜,19,21,价格,正面
607,,,,实用,2,4,整体,正面
607,性价比,5,8,高,8,9,价格,正面
607,,,,很喜欢,12,15,整体,正面
608,,,,不错,0,2,整体,正面
608,,,,挺温和的,3,7,使用体验,正面
609,,,,挺好的,0,3,整体,正面
609,价格,4,6,很实惠,6,9,价格,正面
610,,,,还不错,16,19,整体,正面
611,,,,好用,7,9,整体,正面
611,,,,服帖,10,12,功效,正面
611,,,,保湿,12,14,功效,正面
611,,,,不假白,15,18,功效,正面
612,,,,非常失望,0,4,整体,负面
612,,,,是次品,10,13,其他,负面
612,,,,差,34,35,整体,负面
613,,,,很满意,3,6,整体,正面
613,快递小哥,7,11,很礼貌,11,14,物流,正面
614,物流,0,2,很准时,2,5,物流,正面
614,快递员,6,9,,,,物流,正面
615,物流,6,8,快,8,9,物流,正面
616,,,,不错,2,4,整体,正面
616,,,,好评,20,22,整体,正面
617,,,,不敢用,10,13,整体,负面
618,,,,不错,3,5,整体,正面
619,性价比,0,3,比较高,3,6,价格,正面
620,,,,超级难用,0,4,整体,负面
620,上妆,8,10,超级差,10,13,使用体验,负面
621,,,,挺好用的,6,10,整体,正面
622,,,,不卡粉,23,26,使用体验,正面
623,,,,不错,22,24,整体,正面
623,,,,很适合,32,35,整体,正面
624,,,,挺不错的,0,4,整体,正面
625,,,,还不错,0,3,整体,正面
625,隔离效果,4,8,还可以,8,11,功效,正面
626,,,,挺好的,5,8,整体,正面
626,,,,卸得干净,11,15,功效,正面
626,,,,量也大,16,19,其他,正面
626,性价比,20,23,不错,23,25,其他,正面
627,快递员,10,13,投诉,8,10,物流,负面
627,服务态度,14,18,不好,18,20,物流,负面
628,,,,好用,0,2,整体,正面
628,,,,显白,15,17,功效,正面
629,,,,有点干,2,5,使用体验,负面
629,,,,不好涂开,6,10,使用体验,负面
630,包装,0,2,有点失望,2,6,包装,负面
630,,,,还可以,16,19,整体,正面
631,,,,很好,2,4,整体,正面
631,,,,不卡粉,5,8,使用体验,正面
631,,,,挺划算的,9,13,价格,正面
631,,,,美美哒,16,19,整体,正面
632,,,,还不错,0,3,整体,正面
632,,,,不是那么白,4,9,功效,正面
633,,,,非常满意,0,4,整体,正面
634,,,,喜欢,6,8,整体,正面
635,,,,还行吧,4,7,整体,正面
635,,,,补水,7,9,功效,正面
636,服务,0,2,不好,2,4,服务,负面
637,包装,0,2,精美,2,4,包装,正面
637,物流,5,7,快,14,15,物流,正面
638,,,,不错,16,18,整体,正面
639,,,,便宜,14,16,价格,正面
639,,,,挺满意,25,28,整体,正面
640,赠品,25,27,,,,价格,正面
641,,,,很好,2,4,整体,正面
642,,,,还可以吧,0,4,整体,正面
642,,,,不是那么水润,5,11,使用体验,负面
642,味道,12,14,有点大,14,17,气味,负面
642,物流,18,20,挺快的,20,23,物流,正面
643,隔离效果,7,11,不错,11,13,功效,正面
643,,,,显得皮肤很白,16,22,功效,正面
644,酒精味道,0,4,比较浓郁,4,8,气味,负面
645,,,,不错,0,2,整体,正面
645,,,,很好用,3,6,整体,正面
645,,,,能遮暇,7,10,功效,正面
645,,,,自然美,11,14,功效,正面
645,,,,很喜欢,15,18,整体,正面
646,,,,还不错,0,3,整体,正面
647,,,,还不错,18,21,整体,正面
647,,,,很好用,34,37,整体,正面
647,,,,很实惠,40,43,价格,正面
648,,,,是正品,0,3,真伪,正面
648,,,,非常满意,4,8,整体,正面
649,,,,很好用,0,3,整体,正面
649,,,,水嫩嫩的,5,9,使用体验,正面
649,,,,不会过敏,9,13,使用体验,正面
650,送货,7,9,快,9,10,物流,正面
650,包装盒,11,14,完好,14,16,包装,正面
651,,,,可以的,20,23,整体,正面
652,,,,超级好用,0,4,整体,正面
653,,,,很划算,12,15,价格,正面
654,量,4,5,挺多的,5,8,其他,正面
654,,,,还好吧,0,3,整体,正面
655,快递小哥,0,4,好服务,9,12,物流,正面
655,,,,不错,19,21,整体,正面
655,,,,很服帖,22,25,使用体验,正面
656,补水效果,4,8,不错,8,10,功效,正面
656,,,,没有过敏不适,11,17,使用体验,正面
657,,,,是正品,3,6,真伪,正面
657,,,,很滋润,0,3,使用体验,正面
658,,,,很好,11,13,整体,正面
659,客服,37,39,,,,服务,正面
659,,,,不错不错,28,32,整体,正面
660,,,,非常不错,7,11,整体,正面
660,,,,正品,25,27,真伪,正面
661,,,,挺好的,0,3,整体,正面
661,,,,不错的,35,38,整体,正面
662,,,,还不错,8,11,整体,正面
662,遮瑕,12,14,四星,14,16,功效,正面
662,持久度,17,20,四星,14,16,功效,正面
662,,,,挺好上妆,24,28,功效,正面
662,色号,34,36,稍微暗一点,38,43,功效,负面
663,包装,0,2,很好看,2,5,包装,正面
664,,,,还不错,4,7,整体,正面
664,颜色,11,13,喜欢,8,10,其他,正面
664,味道,14,16,喜欢,8,10,气味,正面
665,价格,0,2,实惠,2,4,价格,正面
665,,,,挺好的,8,11,整体,正面
666,,,,是正品,8,11,真伪,正面
667,赠品,2,4,好多,0,2,价格,正面
667,,,,挺自然,8,11,使用体验,正面
667,味道,13,15,好闻,16,18,气味,正面
668,遮暇效果,11,15,还不错,15,18,功效,正面
669,淡斑,14,16,真没看出来,17,22,功效,负面
670,,,,挺好的,11,14,整体,正面
671,好评,41,43,,,,整体,正面
671,物流,18,20,好快,20,22,物流,正面
671,,,,不错,36,38,整体,正面
672,,,,很喜欢,11,14,整体,正面
673,,,,好用,0,2,整体,正面
673,,,,赞,10,11,整体,正面
674,,,,挺不错的,0,4,整体,正面
674,,,,不紧绷,9,12,使用体验,正面
675,,,,有泡沫,0,3,使用体验,正面
675,,,,特别温和,6,10,使用体验,正面
675,香味,16,18,淡淡的,13,16,气味,正面
676,,,,还可以,22,25,整体,正面
677,价格,2,4,越来越高了,8,13,价格,负面
678,气味,7,9,刺鼻,5,7,气味,负面
678,,,,不错,14,16,整体,正面
679,,,,棒极了,16,19,整体,正面
680,,,,很喜欢,10,13,整体,正面
680,,,,很好用,15,18,整体,正面
681,,,,超级好用,8,12,整体,正面
681,,,,很服帖,15,18,使用体验,正面
682,,,,很好,0,2,整体,正面
682,,,,很喜欢,3,6,整体,正面
683,快递师傅,0,4,很给力,4,7,物流,正面
684,,,,还不错,6,9,整体,正面
684,颜色,14,16,自然,17,19,功效,正面
684,,,,不油腻,10,13,使用体验,正面
685,,,,很适合,9,12,整体,正面
686,,,,不是很好,2,6,整体,负面
687,,,,不怎么补水,2,7,功效,负面
687,,,,便宜,15,17,价格,正面
688,泡沫,15,17,细腻,17,19,使用体验,正面
688,,,,还不错,20,23,整体,正面
688,味道,26,28,,,,气味,负面
688,,,,挺适合,37,40,整体,正面
689,快递速度,10,14,快,14,15,物流,正面
689,,,,挺好的,0,3,整体,正面
690,泡沫,17,19,有点多,19,22,使用体验,负面
690,清洁力,23,26,还行的,26,29,功效,正面
691,,,,还行,2,4,整体,正面
692,,,,很划算,6,9,价格,正面
692,补水效果,16,20,,,,功效,中性
693,,,,挺喜欢用的,30,35,整体,正面
694,,,,连连的,11,14,使用体验,负面
695,,,,一如既往的好,0,6,整体,正面
696,物流,6,8,快,8,9,物流,正面
697,气味,10,12,蛮好,13,15,气味,正面
697,,,,还可以,0,3,整体,正面
697,,,,不怎么油腻,4,9,使用体验,正面
698,,,,还可以,2,5,整体,正面
698,,,,量很足,6,9,其他,正面
698,,,,挺干净,13,16,功效,正面
698,价格,17,19,实惠,20,22,价格,正面
699,,,,是正品,2,5,真伪,正面
699,,,,物美价廉,9,13,整体,正面
699,,,,点赞,29,31,价格,正面
699,物流,14,16,给力,16,18,物流,正面
699,快递小哥服务态度,18,26,很好,26,28,物流,正面
700,,,,很好,0,2,整体,正面
700,,,,很喜欢,2,5,整体,正面
701,味道,0,2,很香,5,7,气味,正面
701,,,,不浮粉,14,17,使用体验,正面
701,,,,很水润,11,14,使用体验,正面
701,,,,喜欢,18,20,整体,正面
702,质量,2,4,很好,4,6,其他,正面
702,,,,好评,11,13,整体,正面
702,服务态度,14,18,很棒,19,21,服务,正面
702,物流,29,31,神速,31,33,物流,正面
703,,,,是正品,0,3,真伪,正面
703,包装,5,7,很好,7,9,包装,正面
704,补水效果,0,4,超级好,4,7,功效,正面
705,,,,还行,9,11,整体,正面
705,,,,是正品,2,5,真伪,正面
706,,,,特别温和,0,4,使用体验,正面
706,,,,不刺激,5,8,使用体验,正面
707,,,,很好用,7,10,整体,正面
707,,,,不干,11,13,使用体验,正面
707,,,,好吸收,14,17,使用体验,正面
707,美白作用,18,22,,,,功效,正面
708,,,,很自然,12,15,功效,正面
709,快递,14,16,很快,17,19,物流,正面
709,快递小哥,25,29,一百个赞,29,33,物流,正面
709,商家,21,23,一百个赞,29,33,服务,正面
709,,,,特别的好,8,12,整体,正面
710,,,,还不错,10,13,整体,正面
711,,,,补水,21,23,功效,正面
711,,,,好便宜,13,16,价格,正面
711,,,,轻薄,19,21,使用体验,正面
712,,,,好用,23,25,整体,正面
712,,,,挺实惠,26,29,价格,正面
713,包装,0,2,好,2,3,包装,正面
713,物流,3,5,快,5,6,物流,正面
713,物流,3,5,给力,6,8,物流,正面
714,,,,很好,0,2,整体,正面
714,,,,很快,3,5,物流,正面
715,价钱,0,2,实惠,2,4,价格,正面
715,质量,5,7,很好,7,9,其他,正面
716,,,,不错,13,15,整体,正面
717,,,,不错,2,4,整体,正面
717,快递小哥,14,18,很给力,18,21,物流,正面
717,服务,21,23,很好,23,25,物流,正面
718,,,,很平整,18,21,使用体验,正面
718,,,,很舒服,30,33,使用体验,正面
718,吸收,34,36,很快,37,39,使用体验,正面
719,,,,便宜很多,4,8,价格,正面
719,,,,挺好用的,10,14,整体,正面
720,,,,挺好用,7,10,整体,正面
720,,,,超补水,12,15,功效,正面
721,,,,不错,3,5,整体,正面
722,,,,很好,2,4,整体,正面
723,,,,一般般,3,6,整体,中性
724,清洁能力,0,4,不太好,9,12,功效,负面
725,,,,特别好,0,3,整体,正面
726,,,,还行,0,2,整体,中性
727,,,,很好用,2,5,整体,正面
727,,,,很服帖,8,11,使用体验,正面
728,,,,挺好的,0,3,整体,正面
728,,,,好评,12,14,整体,正面
728,价格,4,6,便宜,6,8,价格,正面
728,,,,量又足,8,11,其他,正面
729,,,,掉皮,16,18,使用体验,负面
730,,,,很好用,2,5,整体,正面
731,,,,超级好用,0,4,整体,正面
731,补水,11,13,强,14,15,功效,正面
731,,,,大爱,16,18,整体,正面
732,物流,5,7,特别快,7,10,物流,正面
732,纸质,11,13,不错,13,15,其他,正面
732,活动价,20,23,,,,价格,正面
733,,,,比较优惠,8,12,价格,正面
734,,,,挺好的,8,11,整体,正面
734,,,,不会过敏,12,16,使用体验,正面
734,,,,赞,17,18,整体,正面
735,,,,挺好的,0,3,整体,正面
735,味道,4,6,闻着不错,6,10,气味,正面
736,,,,红肿,9,11,使用体验,负面
736,,,,痒,13,14,使用体验,负面
736,,,,假的,34,36,真伪,负面
737,,,,很好,7,9,整体,正面
738,,,,很舒服,2,5,使用体验,正面
739,,,,不错,4,6,整体,正面
739,,,,好,0,1,整体,正面
740,,,,还不错,2,5,整体,正面
741,,,,水润,5,7,使用体验,正面
741,,,,保湿,7,9,功效,正面
741,,,,很好,10,12,整体,正面
742,,,,不错,0,2,整体,正面
742,速度,4,6,很快,6,8,物流,正面
743,,,,还不错,0,3,整体,正面
743,,,,有点薄,5,8,使用体验,负面
744,价格,12,14,,,,价格,正面
744,,,,不错,17,19,整体,正面
744,,,,喜欢,20,22,整体,正面
745,,,,很舒服,5,8,整体,正面
745,,,,挺滋润,14,17,使用体验,正面
745,,,,不错,20,22,整体,正面
746,,,,挺好的,0,3,整体,正面
746,,,,不怎么白,17,21,功效,负面
746,,,,很滋润,4,7,使用体验,正面
746,,,,效果不是很明显,24,31,整体,负面
747,上妆,0,2,贴合皮肤,2,6,使用体验,正面
747,,,,自然,7,9,功效,正面
747,,,,不假面,10,13,功效,正面
748,,,,有美白效果,7,12,功效,正面
748,,,,很好用,0,3,整体,正面
749,服务,18,20,一流,20,22,服务,正面
749,,,,挺迅速的,9,13,物流,正面
750,,,,有点油,6,9,使用体验,负面
751,保湿效果,15,19,很不错,21,24,功效,正面
751,活动,27,29,,,,价格,正面
751,,,,挺好的,32,35,整体,正面
752,快递,19,21,很给力,22,25,物流,正面
752,,,,好用,11,13,整体,正面
753,,,,太超值,14,17,价格,正面
753,,,,很服帖,19,22,使用体验,正面
753,,,,很补水,23,26,功效,正面
753,味道,27,29,喜欢,30,32,气味,正面
754,,,,特别好用,6,10,整体,正面
754,,,,划算,12,14,价格,正面
755,,,,特别好,11,14,整体,正面
756,,,,还不错,0,3,整体,正面
757,味道,0,2,有点点膳,2,6,气味,负面
757,,,,听湿润,7,10,使用体验,正面
757,,,,有点白,19,22,功效,负面
757,,,,挺好,30,32,整体,正面
758,,,,好好用,0,3,整体,正面
758,,,,很划算,5,8,价格,正面
759,价格,0,2,实惠,2,4,价格,正面
759,物流,5,7,快,7,8,物流,正面
760,发货速度,0,4,挺快的,4,7,物流,正面
760,价格,8,10,便宜,10,12,价格,正面
761,送货,5,7,快,7,8,物流,正面
762,物流,5,7,快,7,8,物流,正面
763,,,,挺好用,5,8,整体,正面
763,,,,挺不错的,0,4,整体,正面
764,,,,非常满意,0,4,整体,正面
764,服务,11,13,很好,14,16,服务,正面
764,服务,11,13,很耐心,17,20,服务,正面
765,,,,很好,4,6,整体,正面
766,,,,物有所值,0,4,整体,正面
766,,,,很不错,7,10,整体,正面
767,,,,不错,2,4,整体,正面
768,,,,不错,0,2,整体,正面
768,,,,喜欢,3,5,整体,正面
769,物流,27,29,特别快,29,32,物流,正面
769,,,,好评,33,35,整体,正面
770,,,,很喜欢,2,5,整体,正面
771,,,,还可以,5,8,整体,正面
772,补水,4,6,不错,6,8,功效,正面
773,包装,0,2,精美,2,4,包装,正面
773,天猫直送,5,9,很给力,9,12,物流,正面
774,,,,是正品,6,9,真伪,正面
775,,,,很好,8,10,整体,正面
775,物流服务,26,30,好,31,32,物流,正面
775,物流服务,26,30,快,33,34,物流,正面
776,,,,滋润,13,15,使用体验,正面
776,精华,16,18,特别多,18,21,成分,正面
776,快递小哥态度,38,44,很好,44,46,物流,正面
777,,,,很好用,2,5,整体,正面
777,,,,很满意,16,19,整体,正面
778,,,,还不错,6,9,整体,正面
779,,,,真的好,0,3,整体,正面
780,物流,0,2,给力,2,4,物流,正面
780,效果,5,7,比想像的要好,7,13,功效,正面
781,,,,还不错,2,5,整体,正面
781,,,,超出预期,6,10,整体,正面
781,,,,很满意,11,14,整体,正面
781,,,,划算,19,21,价格,正面
782,,,,水水的,7,10,使用体验,正面
782,,,,很舒服,10,13,使用体验,正面
782,活动,23,25,超划算,25,28,价格,正面
783,,,,挺好用的,0,4,整体,正面
783,,,,不油,4,6,使用体验,正面
783,,,,很清爽,6,9,使用体验,正面
783,小礼品,13,16,,,,价格,正面
783,,,,很好用,19,22,整体,正面
784,,,,很可爱,0,3,整体,正面
784,,,,很喜欢,5,8,整体,正面
785,,,,不错,2,4,整体,正面
786,,,,是正品,3,6,真伪,正面
787,物流,0,2,很快,2,4,物流,正面
787,,,,不错,9,11,整体,正面
787,,,,很喜欢,12,15,整体,正面
788,,,,超级好用,8,12,整体,正面
788,,,,很不错,13,16,整体,正面
789,包装,19,21,精美,21,23,包装,正面
789,,,,非常好,0,3,整体,正面
789,,,,没毛病,11,14,整体,正面
789,,,,效果好,15,18,整体,正面
789,,,,真的很好,43,47,整体,正面
790,,,,特别好用,0,4,整体,正面
790,,,,不错,16,18,整体,正面
791,,,,很满意,9,12,整体,正面
792,赠品,8,10,,,,其他,负面
793,,,,很好,11,13,整体,正面
794,,,,好用,5,7,整体,正面
794,,,,超喜欢,28,31,整体,正面
795,,,,快,12,13,物流,正面
796,颜色,17,19,有点暗,19,22,功效,正面
796,,,,还好,25,27,整体,正面
797,,,,是正品,8,11,真伪,正面
797,,,,非常喜欢,12,16,整体,正面
798,,,,一般,2,4,整体,中性
799,,,,非常滋润,2,6,使用体验,正面
799,保湿,11,13,,,,功效,正面
799,补水,13,15,,,,功效,正面
800,,,,还不错,0,3,整体,正面
801,,,,不错,0,2,整体,正面
802,,,,没过敏,2,5,使用体验,正面
803,物流,0,2,还不错,2,5,物流,正面
803,小哥服务态度,6,12,好,12,13,物流,正面
804,,,,还可以,0,3,整体,正面
805,,,,还好,0,2,整体,中性
806,,,,很不错,2,5,整体,正面
806,,,,很好用,6,9,整体,正面
807,包装,0,2,很好,2,4,包装,正面
807,,,,很喜欢,7,10,整体,正面
808,,,,不错,3,5,整体,正面
808,,,,不紧绷,9,12,使用体验,正面
808,泡沫,13,15,细腻,15,17,使用体验,正面
809,,,,很喜欢,2,5,整体,正面
810,,,,浮粉,17,19,使用体验,负面
811,,,,挺温和的,0,4,使用体验,正面
811,,,,不刺激,5,8,使用体验,正面
811,,,,很香,10,12,气味,正面
812,补水,13,15,很好,15,17,功效,正面
812,,,,很赞,18,20,整体,正面
813,,,,蛮不错,12,15,整体,正面
814,物流,4,6,很快,6,8,物流,正面
815,物流速度,0,4,有点慢,4,7,物流,正面
816,,,,不错,2,4,整体,正面
816,,,,薄,5,6,使用体验,正面
816,,,,服帖,7,9,使用体验,正面
817,赠品,0,2,非常不错,2,6,价格,正面
817,,,,很好用,7,10,价格,正面
818,,,,很不错,4,7,整体,正面
819,,,,不错,4,6,整体,正面
820,,,,好用,0,2,整体,正面
820,,,,很喜欢,20,23,整体,正面
820,,,,不贵,26,28,价格,正面
821,,,,还不错,4,7,整体,正面
822,,,,还可以,2,5,整体,正面
823,物流,16,18,超快,18,20,物流,正面
823,,,,挺好用,11,14,整体,正面
824,,,,好评,0,2,整体,正面
824,,,,很贴脸,5,8,使用体验,正面
825,,,,不错,8,10,整体,正面
825,,,,正品,33,35,真伪,正面
826,,,,很好用,10,13,整体,正面
827,,,,不够细腻,7,11,使用体验,正面
827,,,,一片一片的,12,17,使用体验,正面
827,,,,浮粉,21,23,使用体验,正面
828,,,,蛮轻薄的,2,6,使用体验,正面
828,,,,很服帖,8,11,使用体验,正面
828,透气性,12,15,比较好,15,18,使用体验,正面
828,,,,水分还可以,30,35,使用体验,正面
828,,,,总体满意,36,40,整体,正面
829,,,,最喜欢,2,5,整体,正面
830,效果,0,2,一点不好,2,6,功效,负面
830,效果,0,2,洗不净,7,10,功效,负面
830,,,,比较油,16,19,使用体验,负面
831,优惠活动,13,17,很给力,17,20,价格,正面
831,,,,很不错,0,3,整体,正面
831,客服态度,21,25,也很好,25,28,服务,正面
831,,,,很喜欢,7,10,整体,正面
832,活动,3,5,,,,价格,正面
833,活动,13,15,,,,价格,正面
833,,,,物美价廉,22,26,价格,正面
834,,,,可以,0,2,整体,正面
835,,,,还好,2,4,整体,正面
835,性价比,15,18,很高,18,20,价格,正面
836,,,,很水润,8,11,使用体验,正面
837,,,,挺好的,8,11,整体,中性
837,,,,很轻薄,23,26,使用体验,正面
837,,,,很好的,29,32,整体,正面
838,,,,还行,2,4,整体,正面
839,,,,好看,6,8,整体,正面
839,,,,方便,8,10,使用体验,正面
839,,,,干净,13,15,功效,正面
840,,,,很棒,9,11,整体,正面
840,,,,很自然,12,15,功效,正面
840,,,,不加白,16,19,功效,正面
841,物流,19,21,快,22,23,物流,正面
841,,,,好用,14,16,整体,正面
841,,,,便宜,11,13,价格,正面
842,,,,还不错,2,5,整体,正面
843,,,,还可以,0,3,整体,正面
843,,,,没什么过敏,10,15,使用体验,正面
843,,,,比较服帖,16,20,使用体验,正面
844,,,,一般,2,4,整体,中性
845,,,,挺好,3,5,整体,正面
845,,,,白的自然,13,17,功效,正面
846,,,,非常满意,11,15,整体,正面
846,,,,很好,8,10,整体,正面
847,快递小哥,29,33,,,,物流,正面
847,,,,不错,0,2,整体,正面
848,,,,很自然,6,9,功效,正面
849,速度,16,18,快,18,19,物流,正面
850,包装,2,4,,,,整体,正面
851,,,,不是很好用,12,17,整体,负面
852,,,,好用,0,2,整体,正面
853,,,,挺喜欢,10,13,整体,正面
853,,,,好,22,23,整体,正面
854,,,,赞,0,1,整体,正面
855,,,,好评,0,2,整体,正面
855,物流,3,5,出乎意外的快,6,12,物流,正面
855,,,,赞,13,14,整体,正面
856,,,,保湿,10,12,功效,正面
856,,,,不干,12,14,使用体验,正面
856,,,,经济,15,17,价格,正面
856,,,,实惠,17,19,价格,正面
857,,,,很实惠,0,3,价格,正面
858,价格,16,18,实惠,18,20,价格,正面
858,,,,挺好的,0,3,整体,正面
859,,,,很好,0,2,整体,正面
860,,,,超好用,0,3,整体,正面
860,,,,很水润,3,6,使用体验,正面
861,,,,划算,28,30,价格,正面
862,,,,可以,0,2,整体,正面
862,,,,美美哒,3,6,整体,正面
863,,,,很滋润,13,16,使用体验,正面
864,,,,好,6,7,整体,正面
864,,,,太棒了,0,3,整体,正面
865,送货,0,2,快,2,3,物流,正面
865,服务,4,6,好,6,7,服务,正面
865,,,,非常棒,8,11,整体,正面
866,赠品,7,9,还可以,11,14,价格,正面
867,,,,挺好用的,4,8,整体,正面
867,,,,不厚重,9,12,使用体验,正面
867,,,,提亮肤色,13,17,功效,正面
867,味道,18,20,不错,20,22,气味,正面
868,,,,不错,0,2,整体,正面
868,,,,很喜欢,8,11,整体,正面
869,味道,5,7,淡淡的,7,10,气味,正面
869,,,,还行,2,4,整体,正面
870,,,,不油腻,0,3,使用体验,正面
871,,,,不错,2,4,整体,正面
871,,,,很满意,5,8,整体,正面
872,香味,12,14,,,,气味,正面
872,,,,挺好,2,4,整体,正面
872,,,,自然白,6,9,功效,正面
873,,,,正品,3,5,真伪,正面
873,,,,便宜很多,17,21,价格,正面
874,,,,是正品,6,9,真伪,正面
874,,,,很好用,10,13,整体,正面
874,快递,14,16,很给力,16,19,物流,正面
875,价格,11,13,不高,13,15,价格,正面
876,快递,2,4,超级快,4,7,物流,正面
876,,,,是正品,8,11,真伪,正面
877,,,,棒棒哒,19,22,整体,正面
877,,,,非常好用,7,11,整体,正面
877,,,,不油腻,15,18,使用体验,正面
877,,,,很有用,3,6,整体,正面
878,,,,棒棒的,11,14,整体,正面
879,活动,6,8,,,,价格,正面
879,颜色,13,15,很自然,15,18,功效,正面
879,,,,喜欢,26,28,整体,正面
880,,,,方便,3,5,整体,正面
880,上妆,6,8,很快,8,10,功效,正面
880,,,,很轻薄,11,14,使用体验,正面
880,,,,还可以,19,22,整体,正面
881,味道,3,5,太刺鼻,5,8,气味,负面
881,塑料味,10,13,太浓,13,15,气味,负面
882,,,,很不错,2,5,整体,正面
882,补水,6,8,挺好的,8,11,功效,正面
882,价格,12,14,很实惠,15,18,价格,正面
882,,,,很好用,27,30,整体,正面
883,,,,特别快,15,18,物流,正面
883,,,,很满意,19,22,整体,正面
884,遮瑕效果,0,4,超级好,4,7,功效,正面
884,,,,很亮,8,10,功效,正面
884,,,,很白,11,13,功效,正面
884,,,,很喜欢,14,17,整体,正面
885,物流,0,2,很快,2,4,物流,正面
885,,,,很好,11,13,整体,正面
886,,,,棒棒,9,11,整体,正面
887,物流,6,8,超快,8,10,物流,正面
887,价格,11,13,相当实惠,13,17,价格,正面
887,,,,很好,29,31,整体,正面
887,,,,干净,32,34,功效,正面
888,,,,非常好,28,31,整体,正面
889,,,,还可以,2,5,整体,正面
889,味道,13,15,清香,15,17,气味,正面
890,,,,很不错,2,5,整体,正面
890,,,,物有所值,6,10,整体,正面
891,保湿效果,0,4,还不错,4,7,功效,正面
892,补水,0,2,还行,2,4,功效,正面
892,,,,很便宜,5,8,价格,正面
893,,,,挺好的,12,15,整体,正面
893,赠品,19,21,,,,价格,正面
893,,,,非常满意,22,26,整体,正面
894,美白效果,0,4,不是太明显,4,9,功效,负面
894,价格,12,14,挺实惠的,14,18,价格,正面
894,,,,挺好的,39,42,整体,正面
894,,,,棒棒哒,43,46,整体,正面
895,,,,不错,2,4,整体,正面
896,,,,刺痛,21,23,使用体验,负面
896,,,,假的,24,26,真伪,负面
897,,,,好评,0,2,整体,正面
897,,,,不错,5,7,整体,正面
898,清洁效果,0,4,很好,4,6,功效,正面
898,,,,方便,7,9,整体,正面
898,,,,快捷,9,11,整体,正面
899,,,,不会差,6,9,整体,正面
900,,,,真心好用,7,11,整体,正面
900,保湿效果,12,16,好,16,17,功效,正面
900,,,,很贴肤,18,21,使用体验,正面
900,,,,很细腻,22,25,使用体验,正面
900,客服态度,33,37,好,16,17,服务,正面
901,,,,不错,9,11,整体,正面
902,赠品,0,2,,,,价格,正面
903,,,,可以,0,2,整体,正面
903,,,,还好,31,33,整体,正面
903,,,,干不干净,24,28,功效,中性
904,,,,不错,2,4,整体,正面
905,,,,还好,20,22,整体,正面
905,,,,挺小的,2,5,尺寸,负面
906,,,,不卡粉,3,6,使用体验,正面
906,,,,自然,0,2,功效,正面
906,,,,很接近肤色,7,12,功效,正面
906,,,,满意,13,15,整体,正面
907,送货速度,10,14,快,14,15,物流,正面
907,,,,很好,2,4,整体,正面
908,,,,不错,7,9,整体,正面
909,,,,挺好用的,0,4,整体,正面
910,,,,太不好,2,5,功效,负面
911,,,,应该不错的,9,14,整体,正面
912,,,,好用,3,5,整体,正面
913,,,,真的好用,2,6,整体,正面
914,,,,挺好用的,6,10,整体,正面
915,,,,还好,0,2,整体,正面
916,持久情况,8,12,还可以,13,16,功效,正面
916,,,,有点黏,17,20,使用体验,负面
917,清洁效果,5,9,好,9,10,功效,正面
918,,,,淡淡的香味,0,5,气味,正面
918,保湿效果,6,10,挺好,10,12,功效,正面
918,,,,容易吸收,13,17,使用体验,正面
919,,,,挺细腻的,9,13,使用体验,正面
919,,,,提亮肤色,18,22,功效,正面
920,,,,还行吧,24,27,整体,中性
921,,,,不错,0,2,整体,正面
921,,,,好自然,14,17,功效,正面
922,,,,很好用,0,3,整体,正面
922,,,,清透,4,6,使用体验,正面
922,,,,湿润,6,8,使用体验,正面
922,,,,提亮肤色,9,13,功效,正面
923,,,,很好,0,2,整体,正面
923,,,,物美价廉,2,6,价格,正面
924,快递大哥,19,23,人很好,23,26,物流,正面
924,快递大哥,19,23,好评,40,42,物流,正面
925,效果,0,2,不错,2,4,功效,正面
925,,,,有点稠,7,10,使用体验,中性
926,,,,很不错,0,3,整体,正面
926,精华,18,20,多,20,21,成分,正面
927,快递速度,0,4,很快,4,6,物流,正面
927,服务态度,7,11,很好,11,13,物流,正面
928,包装盒,0,3,太简陋了,8,12,整体,负面
928,服务,38,40,太差了,40,43,服务,负面
928,,,,很旧,20,22,包装,负面
928,,,,被骗了,25,28,整体,负面
929,,,,还行,0,2,整体,正面
929,,,,还好,13,15,整体,正面
930,,,,超级划算,0,4,价格,正面
931,,,,不错,12,14,整体,正面
932,,,,都说好,18,21,整体,正面
933,,,,太假了,0,3,整体,负面
933,,,,会掉粉,3,6,使用体验,负面
933,,,,起皮,7,9,使用体验,负面
933,,,,失望,20,22,整体,负面
934,,,,不错,14,16,整体,正面
935,,,,很好,7,9,整体,正面
935,,,,很喜欢,10,13,整体,正面
936,,,,很好,14,16,整体,正面
936,,,,很好看,7,10,整体,正面
937,,,,还不错,8,11,整体,正面
938,,,,很显白,2,5,功效,正面
938,,,,挺好,9,11,整体,正面
939,,,,不错,5,7,整体,正面
940,,,,还可以,2,5,整体,正面
940,,,,不过敏,6,9,使用体验,正面
941,,,,很好用,0,3,整体,正面
941,补水,9,11,很好用,0,3,功效,正面
941,,,,便宜,15,17,价格,正面
941,,,,优惠,17,19,价格,正面
942,,,,还可以,12,15,整体,正面
943,,,,是正品,0,3,真伪,正面
943,活动,4,6,划算,6,8,价格,正面
944,,,,挺不错的,0,4,整体,正面
944,,,,很轻薄,5,8,使用体验,正面
945,吸收,29,31,挺好,31,33,使用体验,正面
945,美白,21,23,没有感觉,15,19,功效,负面
945,淡斑,40,42,没感觉到,44,48,功效,负面
945,保湿,63,65,可以,67,69,功效,正面
946,,,,不错,5,7,整体,正面
947,,,,很舒服,11,14,使用体验,正面
947,,,,润润的,15,18,使用体验,正面
947,,,,棒棒哒,18,21,整体,正面
948,,,,不错,4,6,整体,正面
949,,,,滑滑的,3,6,使用体验,正面
950,,,,超级滋润,33,37,使用体验,正面
950,,,,很服帖,43,46,使用体验,正面
950,,,,是正品,0,3,真伪,正面
951,味道,5,7,清新,7,9,气味,正面
951,,,,还不错,10,13,整体,正面
951,,,,不油腻,15,18,使用体验,正面
952,,,,是不是真品,7,12,真伪,中性
953,送货,4,6,快,6,7,物流,正面
954,,,,还不错,0,3,整体,正面
954,美容液,4,7,比较丰富,7,11,成分,正面
954,尺寸大小,19,23,合适,23,25,尺寸,正面
954,,,,非常服帖,26,30,使用体验,正面
954,价格,33,35,不贵,36,38,价格,正面
954,,,,滑滑的,12,15,使用体验,正面
955,,,,好评,26,28,整体,正面
955,物流,4,6,很给力,6,9,物流,正面
955,快递员态度,10,15,很好,15,17,物流,正面
955,,,,还好吧,0,3,整体,正面
956,,,,超级好用,0,4,整体,正面
956,,,,很喜欢,7,10,整体,正面
957,包装,15,17,完好,17,19,包装,正面
957,,,,还行,29,31,整体,正面
957,清洁能力,32,36,洗不干净,37,41,功效,负面
957,,,,不推荐,42,45,整体,负面
958,,,,垃圾,0,2,物流,负面
959,面膜液,4,7,没有多少,0,4,成分,负面
959,,,,差了很多,13,17,整体,负面
960,,,,挺好的,0,3,整体,正面
960,物流,7,9,有点慢,9,12,物流,正面
961,价格,4,6,非常合适,6,10,价格,正面
961,,,,跟舒服,16,19,整体,正面
961,,,,喜欢,11,13,整体,正面
962,水分,0,2,多,2,3,成分,正面
962,速度,4,6,快,6,7,物流,正面
962,,,,挺好的,7,10,整体,正面
963,,,,挺好的,13,16,整体,正面
963,,,,挺服帖的,17,21,使用体验,正面
964,,,,不错,13,15,整体,正面
964,,,,挺好的,16,19,整体,正面
965,,,,非常好用,2,6,整体,正面
965,,,,比较滋润,18,22,使用体验,正面
966,,,,很喜欢,12,15,整体,正面
967,,,,是正品,20,23,真伪,正面
967,,,,不会刺痛,33,37,使用体验,正面
967,,,,不刺激,24,27,使用体验,正面
968,,,,非常的不错,0,5,整体,正面
968,,,,很自然,17,20,功效,正面
969,,,,很好,0,2,整体,正面
969,味道,3,5,很好,0,2,气味,正面
969,,,,很不错,13,16,整体,正面
969,,,,超级喜欢,17,21,整体,正面
970,味道,15,17,很好,17,19,气味,正面
970,卖家,25,27,好有爱,27,30,服务,正面
971,,,,很满意,7,10,整体,正面
971,,,,服贴,11,13,使用体验,正面
971,,,,不卡粉,13,16,使用体验,正面
971,,,,很好,17,19,整体,正面
972,,,,挺好的,3,6,整体,正面
972,,,,不错,0,2,整体,正面
973,赠品,0,2,很好,2,4,整体,正面
973,,,,好,10,11,整体,正面
973,,,,补水,5,7,功效,正面
973,,,,美白,7,9,功效,正面
974,,,,还行吧,0,3,整体,正面
974,,,,有点干,8,11,使用体验,负面
974,,,,还行,21,23,整体,正面
975,,,,挺好用的,19,23,整体,正面
976,快递,11,13,特别给力,6,10,物流,正面
977,,,,更好,10,12,整体,正面
978,,,,蛮好的,0,3,整体,正面
978,,,,划算,4,6,价格,正面
979,,,,水水润润的,18,23,使用体验,正面
979,,,,实惠,25,27,价格,正面
979,,,,很不错,31,34,整体,正面
980,,,,好用,4,6,整体,正面
980,,,,不油腻,0,3,使用体验,正面
981,,,,非常不错,9,13,整体,正面
981,发货,15,17,非常给力,18,22,物流,正面
981,,,,赞一下,24,27,整体,正面
982,,,,正品,9,11,真伪,正面
982,,,,还不错,0,3,整体,正面
982,,,,挺好用的,4,8,整体,正面
983,,,,有点白,8,11,功效,负面
983,,,,挺保湿,14,17,功效,正面
984,,,,不错,6,8,整体,正面
985,价格,16,18,合适,19,21,价格,正面
985,,,,很好用,7,10,整体,正面
986,,,,很不错,0,3,整体,正面
986,包装,7,9,比较好,9,12,包装,正面
986,,,,很喜欢,13,16,整体,正面
986,,,,有点小,31,34,尺寸,负面
987,,,,不错,8,10,整体,正面
987,,,,很便宜,12,15,价格,正面
988,,,,超级喜欢,0,4,整体,正面
988,,,,微微一点白,5,10,功效,正面
988,,,,薄薄的,11,14,使用体验,正面
988,,,,很舒服,14,17,使用体验,正面
989,,,,是正品,2,5,真伪,正面
989,质量,7,9,棒棒哒,9,12,其他,正面
989,服务,16,18,棒,23,24,物流,正面
989,物流,19,21,棒,23,24,物流,正面
990,,,,很好,0,2,整体,正面
990,,,,喜欢,5,7,整体,正面
991,,,,很舒服,4,7,使用体验,正面
991,,,,很清爽,8,11,使用体验,正面
991,,,,水水的,0,3,使用体验,正面
992,,,,非常好,0,3,整体,正面
992,,,,很喜欢,4,7,整体,正面
992,,,,细腻,8,10,使用体验,正面
992,,,,不油腻,10,13,使用体验,正面
992,,,,很好用,14,17,整体,正面
993,味道,9,11,很好闻,11,14,气味,正面
993,上妆效果,15,19,很好,19,21,功效,正面
994,赠品,17,19,好多,19,21,价格,正面
994,包装,21,23,挺好,23,25,包装,正面
994,,,,非常棒,5,8,整体,正面
994,,,,经济实惠,9,13,价格,正面
995,,,,贵,0,1,价格,负面
996,,,,好评,9,11,整体,正面
996,,,,不错,6,8,整体,正面
997,,,,还好,16,18,整体,正面
998,,,,假的,1,3,真伪,负面
999,,,,没有多大效果,8,14,整体,中性
1000,,,,非常满意,13,17,整体,正面
1000,,,,很喜欢,18,21,整体,正面
1000,态度,22,24,好,24,25,服务,正面
1000,物流,26,28,特别快,29,32,物流,正面
1001,,,,很好,8,10,功效,正面
1001,,,,是正品,11,14,真伪,正面
1002,保湿,3,5,,,,功效,中性
1003,,,,很划算,17,20,价格,正面
1003,味道,29,31,很好闻,31,34,气味,正面
1003,味道,29,31,很自然,35,38,气味,正面
1004,赠品,7,9,,,,价格,正面
1004,,,,希望是正品,10,15,真伪,中性
1005,,,,还可以,2,5,整体,正面
1006,,,,很服帖,0,3,使用体验,正面
1006,精华液,4,7,多,8,9,成分,正面
1006,,,,滑滑的,14,17,使用体验,正面
1006,,,,嫩嫩的,17,20,使用体验,正面
1007,,,,还不错,0,3,整体,正面
1007,,,,挺清爽的,9,13,使用体验,正面
1007,包装,4,6,完整,6,8,包装,正面
1008,物流,13,15,常快,16,18,物流,正面
1008,商家服务,19,23,好,23,24,服务,正面
1008,,,,非常喜欢,0,4,整体,正面
1008,,,,物超所值,5,9,整体,正面
1008,,,,超赞,10,12,整体,正面
1009,,,,粘稠些,29,32,使用体验,正面
1009,,,,挺好用的,34,38,整体,正面
1009,,,,很好推开,40,44,使用体验,正面
1009,,,,好评,45,47,整体,正面
1010,泡沫,5,7,适中,7,9,使用体验,正面
1010,清洁能力,0,4,有一定的,18,22,功效,正面
1010,,,,非常舒适,10,14,整体,正面
1011,服务态度,15,19,很好,19,21,服务,正面
1011,,,,还好,12,14,整体,正面
1011,,,,不错,0,2,整体,正面
1012,发货速度,0,4,非常快,4,7,物流,正面
1012,,,,正品,8,10,真伪,正面
1012,,,,五星好评,19,23,整体,正面
1013,包装,5,7,,,,包装,正面
1013,补水效果,35,39,不错,39,41,功效,正面
1014,包装,6,8,很细心,9,12,包装,正面
1015,快递,0,2,挺给力,2,5,物流,正面
1016,,,,非常好用,0,4,整体,正面
1016,,,,喜欢,5,7,整体,正面
1017,,,,挺好用的,0,4,整体,正面
1017,颜色,5,7,比较均匀,7,11,功效,正面
1018,,,,好评,6,8,整体,正面
1018,,,,挺舒服的,13,17,使用体验,正面
1018,,,,满意,0,2,整体,正面
1019,,,,还可以,12,15,整体,正面
1020,遮暇效果,0,4,很好,4,6,功效,正面
1020,美白效果,7,11,不错,12,14,功效,正面
1020,味道,17,19,有点太香,19,23,气味,负面
1021,,,,不错,8,10,整体,正面
1021,,,,不刺激,40,43,使用体验,正面
1022,,,,好很多,16,19,整体,正面
1022,,,,很好用,0,3,整体,正面
1022,,,,很服帖,3,6,使用体验,正面
1023,包装,0,2,很好,2,4,包装,正面
1023,,,,没有破损,8,12,包装,正面
1023,物流,13,15,很快,15,17,物流,正面
1024,,,,挺好用的,2,6,整体,正面
1024,,,,不紧绷,10,13,使用体验,正面
1025,,,,不错,7,9,整体,正面
1026,,,,好用,7,9,整体,正面
1027,,,,保湿,39,41,功效,正面
1027,,,,提亮,41,43,功效,正面
1027,,,,清洁,43,45,功效,正面
1027,,,,收缩毛孔,45,49,功效,正面
1027,,,,补水,37,39,功效,正面
1028,,,,挺好的,16,19,整体,正面
1028,,,,挺喜欢,20,23,整体,正面
1029,,,,物有所值,12,16,整体,正面
1030,物流,0,2,很快,2,4,物流,正面
1031,补水效果,11,15,不错,2,4,功效,正面
1031,大小,5,7,合适,8,10,尺寸,正面
1031,,,,不错,2,4,整体,正面
1032,,,,一般,4,6,整体,中性
1032,,,,太厚,11,13,其他,负面
1033,香味,6,8,淡淡的,3,6,气味,正面
1033,,,,很好用,9,12,整体,正面
1033,保湿效果,12,16,不错,16,18,功效,正面
1034,,,,补水,4,6,功效,正面
1034,,,,好用,2,4,整体,正面
1035,,,,还不错,7,10,整体,正面
1035,,,,挺通透的,11,15,使用体验,正面
1036,,,,满意,15,17,整体,正面
1037,,,,很喜欢,10,13,整体,正面
1038,,,,挺好的,2,5,整体,正面
1039,,,,很满意,7,10,整体,正面
1040,物流,8,10,非常快,10,13,物流,正面
1040,包装,14,16,很好,16,18,包装,正面
1041,活动,21,23,,,,价格,正面
1041,,,,还不错,6,9,整体,正面
1042,补水,8,10,没什么问题,13,18,功效,正面
1042,,,,便宜,23,25,价格,正面
1043,,,,喜欢,0,2,整体,正面
1044,,,,非常满意,0,4,整体,正面
1044,,,,物美价廉,5,9,价格,正面
1044,,,,非常好用,19,23,整体,正面
1045,包装,4,6,很喜欢,6,9,包装,正面
1046,精华液,2,5,很多,0,2,成分,正面
1046,面膜纸,6,9,薄透,10,12,使用体验,正面
1047,,,,还不错,13,16,整体,正面
1048,,,,比较温和,11,15,使用体验,正面
1049,,,,还不错,7,10,整体,正面
1049,价格,13,15,多多促销,15,19,价格,正面
1049,价格,13,15,多多优惠,20,24,价格,正面
1050,,,,最好用,5,8,整体,正面
1051,,,,挺好用的,0,4,整体,正面
1052,持妆,0,2,不错,8,10,功效,正面
1052,控油效果,3,7,不错,8,10,功效,正面
1052,遮暇,11,13,一般般,13,16,功效,中性
1053,,,,不错,23,25,整体,正面
1054,活动,3,5,,,,价格,正面
1054,,,,快,32,33,物流,正面
1055,物流,0,2,快,2,3,物流,正面
1056,,,,挺好的,4,7,整体,正面
1056,,,,不错,15,17,整体,正面
1057,,,,非常不错,5,9,整体,正面
1058,快递,0,2,很速度,2,5,物流,正面
1059,,,,一般般,0,3,整体,中性
1060,卸妆,25,27,挺好的,28,31,功效,正面
1060,泡沫,34,36,很多,36,38,使用体验,正面
1060,,,,很好,0,2,整体,正面
1060,,,,很喜欢,3,6,整体,正面
1061,,,,很好用,0,3,整体,正面
1061,,,,不错,15,17,整体,正面
1062,,,,好评,25,27,整体,正面
1062,,,,挺划算的,20,24,价格,正面
1063,,,,还不错,4,7,整体,正面
1064,,,,不油腻,8,11,使用体验,正面
1064,,,,很自然,12,15,功效,正面
1064,味道,16,18,很好闻,18,21,气味,正面
1064,物流,38,40,很快,40,42,物流,正面
1064,,,,满意,43,45,整体,正面
1065,味道,0,2,不是很喜欢,2,7,气味,负面
1065,味道,0,2,怪怪的,10,13,气味,负面
1066,物流配送,0,4,非常快,4,7,物流,正面
1066,香味,23,25,,,,气味,正面
1066,,,,很喜欢,28,31,整体,正面
1067,,,,划算,15,17,价格,正面
1067,赠品,19,21,,,,价格,正面
1068,,,,挺好,9,11,整体,正面
1068,,,,不错,11,13,整体,正面
1068,,,,挺快,30,32,物流,正面
1069,物流,5,7,很快,7,9,物流,正面
1070,物流,8,10,快,10,11,物流,正面
1070,,,,很划算,17,20,价格,正面
1071,,,,五星好评,17,21,整体,正面
1072,,,,是正品,11,14,真伪,正面
1072,,,,很好,8,10,整体,正面
1072,物流,24,26,很快,27,29,物流,正面
1073,,,,非常好,0,3,整体,正面
1074,包装,9,11,不错,11,13,包装,正面
1074,,,,很划算,0,3,价格,正面
1075,,,,很小,0,2,整体,负面
1075,,,,不大好,3,6,整体,负面
1076,,,,很不错,0,3,整体,正面
1076,快递,27,29,超快,30,32,物流,正面
1076,,,,不是特别显白,4,10,功效,正面
1076,,,,很自然,11,14,功效,正面
1077,,,,干巴巴,0,3,使用体验,负面
1077,,,,一点都不水润,4,10,使用体验,负面
1077,,,,很硬,13,15,使用体验,负面
1077,,,,也不好使,15,19,整体,负面
1078,,,,可以,2,4,整体,正面
1078,瓶盖,13,15,碎了,17,19,物流,负面
1079,态度,12,14,非常好,14,17,服务,正面
1080,,,,很好用,0,3,整体,正面
1080,,,,很舒服,10,13,整体,正面
1081,物流,18,20,超快,20,22,物流,正面
1081,服务,22,24,到家,24,26,物流,正面
1081,增品,31,33,没收到,40,43,价格,正面
1082,,,,五星好评,14,18,整体,正面
1083,物流,0,2,超级给力,2,6,物流,正面
1083,价格,12,14,合适,15,17,价格,正面
1083,,,,很好,9,11,整体,正面
1084,,,,好干燥,2,5,使用体验,负面
1085,,,,很好用,0,3,整体,正面
1085,,,,很舒服,10,13,使用体验,正面
1085,,,,很水润,13,16,使用体验,正面
1086,,,,不错,4,6,整体,正面
1086,,,,便宜好多,11,15,价格,正面
1086,,,,划算,16,18,价格,正面
1087,,,,好,0,1,整体,正面
1088,,,,还不错,0,3,整体,正面
1088,遮瑕,4,6,不错,10,12,功效,正面
1088,提亮效果,6,10,不错,10,12,功效,正面
1088,,,,有点干,16,19,使用体验,负面
1088,,,,起皮,28,30,使用体验,负面
1089,快递,0,2,很快,3,5,物流,正面
1090,,,,很不错,2,5,整体,正面
1091,,,,太一般了,2,6,整体,负面
1091,,,,干死了,18,21,使用体验,负面
1092,快递速度,0,4,很快,4,6,物流,正面
1092,包装,11,13,不错,16,18,包装,正面
1093,,,,好用,0,2,整体,正面
1093,,,,增白,9,11,功效,正面
1093,,,,遮瑕,11,13,功效,正面
1094,快递,2,4,,,,物流,负面
1095,,,,很干净,0,3,功效,正面
1096,,,,还不错,7,10,整体,正面
1096,,,,挺好用的,11,15,整体,正面
1097,,,,不贴,0,2,使用体验,负面
1097,,,,很容易掉粉,2,7,使用体验,负面
1097,,,,浮粉,8,10,使用体验,负面
1098,,,,挺好用,17,20,整体,正面
1099,,,,还可以,15,18,整体,正面
1100,,,,还不错,2,5,整体,正面
1100,速度,6,8,很快,8,10,物流,正面
1101,,,,好没用,0,3,整体,负面
1102,,,,可以啊,0,3,整体,正面
1102,,,,提好用,4,7,整体,正面
1103,持久情况,0,4,还好,11,13,功效,正面
1103,防晒效果,14,18,一般,18,20,功效,中性
1103,物流,21,23,多块,23,25,物流,正面
1104,盖子,9,11,松的,11,13,包装,正面
1104,,,,还行,17,19,整体,正面
1105,营养液,14,17,很充足,17,20,成分,正面
1106,精华,3,5,多,5,6,成分,正面
1106,,,,还行,0,2,整体,正面
1107,,,,不错,2,4,整体,正面
1108,味,8,9,不错,9,11,气味,正面
1109,,,,还可以,6,9,整体,正面
1110,物流,0,2,很快,2,4,物流,正面
1110,,,,比较好,15,18,整体,正面
1111,,,,非常好用,6,10,整体,正面
1112,,,,挺好用的,9,13,整体,正面
1113,水份,7,9,几乎没有,9,13,成分,负面
1113,,,,很干,15,17,使用体验,负面
1114,,,,太差了,0,3,整体,负面
1114,,,,粉浮着,5,8,使用体验,中性
1114,,,,特别少,12,15,其他,负面
1115,,,,还可以,0,3,整体,正面
1115,量,4,5,多,5,6,其他,正面
1116,,,,非常好用,2,6,整体,正面
1117,颜色,21,23,正好,23,25,功效,正面
1117,活动,27,29,,,,价格,正面
1117,,,,很喜欢,0,3,整体,正面
1117,,,,挺划算的,36,40,价格,正面
1118,,,,好好的,6,9,整体,正面
1119,味道,9,11,好闻,12,14,气味,正面
1119,,,,还可以,0,3,整体,正面
1119,,,,挺服帖,4,7,使用体验,正面
1120,性价比,35,38,真高,38,40,价格,正面
1120,,,,非常的实惠,14,19,价格,正面
1121,味道,6,8,很好闻,8,11,气味,正面
1121,送货,19,21,很快,21,23,物流,正面
1122,,,,没有过敏,15,19,使用体验,正面
1122,,,,挺薄,7,9,使用体验,正面
1122,,,,贴肤,10,12,使用体验,正面
1122,,,,不痒,22,24,使用体验,正面
1122,,,,还可以,27,30,整体,正面
1123,,,,还不错,15,18,整体,正面
1124,,,,挺不错的,0,4,整体,正面
1125,物流,10,12,快,13,14,物流,正面
1125,,,,不干,0,2,使用体验,正面
1125,,,,不紧绷,2,5,使用体验,正面
1125,,,,非常好,6,9,整体,正面
1126,,,,不错,30,32,整体,正面
1126,,,,很好推开,23,27,使用体验,正面
1126,,,,均匀肤色,12,16,功效,正面
1127,,,,有点失望,5,9,整体,负面
1127,日期,10,12,不是新的,12,16,新鲜度,负面
1128,包装,16,18,挺好的,18,21,包装,正面
1129,赠品,8,10,,,,价格,正面
1129,,,,很好用,17,20,整体,正面
1130,,,,很不错,29,32,整体,正面
1130,,,,特别水润,35,39,使用体验,正面
1131,味道,33,35,淡淡的,35,38,气味,中性
1131,,,,还行,21,23,整体,正面
1132,,,,太香了,3,6,气味,负面
1133,,,,很好,12,14,整体,正面
1133,粉质,15,17,细腻,17,19,使用体验,正面
1133,,,,比较好推开,20,25,使用体验,正面
1133,,,,好评,26,28,整体,正面
1134,,,,很好用,7,10,整体,正面
1135,快递,6,8,很快,8,10,物流,正面
1135,,,,油亮油亮,15,19,使用体验,负面
1135,,,,很白,3,5,功效,正面
1136,,,,不错哦,10,13,整体,正面
1136,,,,很自然,14,17,功效,正面
1136,,,,很好推开,18,22,使用体验,正面
1137,,,,不太喜欢,11,15,整体,负面
1137,,,,很划算,37,40,价格,正面
1138,,,,干的脱皮,21,25,使用体验,负面
1138,,,,还可以,0,3,整体,正面
1139,,,,很好,0,2,整体,正面
1139,泡沫,3,5,很细腻,5,8,使用体验,正面
1140,,,,挺好的,0,3,整体,正面
1140,遮瑕效果,4,8,好,8,9,功效,正面
1141,,,,还不错,6,9,整体,正面
1142,,,,非常好用,0,4,整体,正面
1142,,,,非常香,5,8,气味,正面
1143,,,,还挺好的,11,15,整体,正面
1144,,,,辣眼睛,14,17,使用体验,负面
1144,味道,18,20,刺鼻,21,23,气味,负面
1144,,,,太失望了,24,28,整体,负面
1145,,,,不错,2,4,整体,正面
1145,保湿效果,5,9,一般,9,11,功效,中性
1146,,,,是正品,0,3,真伪,正面
1146,,,,非常好用,9,13,整体,正面
1147,,,,比较显白,0,4,功效,正面
1147,香味,11,13,淡淡的,8,11,气味,正面
1147,发货速度,14,18,挺快,18,20,物流,正面
1148,保湿效果,22,26,好,26,27,功效,正面
1148,,,,很实惠,0,3,价格,正面
1148,,,,遮暇,28,30,功效,正面
1148,,,,容易油,33,36,使用体验,负面
1149,,,,服帖,19,21,使用体验,正面
1149,,,,显白,22,24,功效,正面
1150,,,,不错,6,8,整体,正面
1151,价位,0,2,经济,2,4,价格,正面
1151,价位,0,2,实惠,4,6,价格,正面
1151,,,,挺好的,13,16,整体,正面
1151,,,,挺补水,17,20,功效,正面
1152,上妆效果,0,4,满好的,5,8,功效,正面
1152,,,,不错,17,19,整体,正面
1152,,,,很自然,20,23,功效,正面
1153,价格,0,2,很合适,2,5,价格,正面
1153,,,,很清爽,9,12,使用体验,正面
1153,,,,不刺激,13,16,使用体验,正面
1154,,,,可以哦,0,3,整体,正面
1154,,,,水份多多,4,8,使用体验,正面
1155,,,,很喜欢,0,3,整体,正面
1155,卸妆,9,11,非常彻底,11,15,功效,正面
1155,,,,很干净,16,19,使用体验,正面
1155,,,,一点也不干,20,25,使用体验,正面
1156,卸妆效果,18,22,一般般,22,25,功效,负面
1157,,,,挺不错的,3,7,整体,正面
1158,价格,0,2,实惠,2,4,价格,正面
1158,,,,物超所值,17,21,整体,正面
1159,泡沫,10,12,多,13,14,使用体验,正面
1159,,,,洗干净,21,24,功效,正面
1159,,,,不腻,25,27,使用体验,正面
1159,,,,不干,28,30,使用体验,正面
1160,,,,挺好,0,2,整体,正面
1160,,,,经济,3,5,价格,正面
1160,,,,实惠,5,7,价格,正面
1160,效果,13,15,不错,15,17,功效,正面
1160,,,,不卡粉,18,21,使用体验,正面
1160,,,,持久,22,24,使用体验,正面
1160,,,,清新,24,26,使用体验,正面
1161,包装,0,2,好看,2,4,包装,正面
1161,,,,挺好用的,5,9,整体,正面
1162,,,,很不错,12,15,整体,正面
1162,,,,有点白,26,29,功效,正面
1163,,,,很喜欢,10,13,整体,正面
1163,,,,真心不错,26,30,整体,正面
1164,,,,可以,2,4,整体,正面
1164,服务,12,14,不敢恭维,17,21,服务,负面
1165,,,,是正品,9,12,真伪,正面
1166,补水效果,5,9,还行,9,11,功效,正面
1167,价格,10,12,低一点,12,15,价格,正面
1168,,,,好用,14,16,整体,正面
1168,,,,超级补水,17,21,功效,正面
1168,,,,保湿,21,23,功效,正面
1169,,,,很好,2,4,整体,正面
1169,物流,5,7,给了,7,9,物流,正面
1169,,,,不错,10,12,整体,正面
1170,,,,还是不错的,6,11,整体,正面
1171,物流速度,0,4,特别快,6,9,物流,正面
1171,卖家态度,10,14,不错,15,17,服务,正面
1171,,,,喜欢,37,39,整体,正面
1172,,,,还可以,8,11,整体,中性
1173,,,,好用,0,2,整体,正面
1174,,,,不错,0,2,整体,正面
1174,,,,挺好用,3,6,整体,正面
1175,,,,很好用,2,5,整体,正面
1175,,,,不油腻,26,29,使用体验,正面
1175,,,,很爽,23,25,使用体验,正面
1176,,,,正品,10,12,真伪,正面
1177,价格,2,4,实惠,4,6,价格,正面
1177,物流,22,24,超快,24,26,物流,正面
1177,,,,很好用,7,10,整体,正面
1177,,,,超级划算,15,19,价格,正面
1177,,,,非常满意,27,31,整体,正面
1178,盒子,7,9,没有,10,12,包装,负面
1179,保湿,6,8,不错,12,14,功效,正面
1179,补水效果,8,12,不错,12,14,功效,正面
1180,,,,还可以,0,3,整体,正面
1180,水份,4,6,挺足的,6,9,成分,正面
1181,,,,挺好用的,10,14,整体,正面
1181,,,,不卡粉,15,18,使用体验,正面
1181,,,,挺实惠的,26,30,价格,正面
1182,精华液,7,10,很多,10,12,成分,正面
1182,,,,很喜欢,13,16,整体,正面
1183,,,,不错,0,2,整体,正面
1183,遮暇,3,5,还可以,5,8,功效,正面
1184,香味,7,9,淡淡的,4,7,气味,正面
1184,,,,还可以,15,18,整体,正面
1185,,,,好评,0,2,整体,正面
1185,,,,干净,5,7,使用体验,正面
1185,,,,不紧绷,7,10,使用体验,正面
1185,,,,好闻,11,13,气味,正面
1186,,,,超好用,28,31,整体,正面
1186,,,,润润的,35,38,使用体验,正面
1187,,,,很好,5,7,整体,正面
1187,快递小哥,15,19,送货到家,21,25,物流,正面
1188,,,,好，棒,0,3,整体,正面
1188,,,,好，用,4,7,整体,正面
1189,赠品,17,19,,,,价格,正面
1189,,,,好划算,0,3,价格,正面
1190,,,,还行,8,10,整体,中性
1191,,,,很喜欢,23,26,整体,正面
1192,,,,不油腻,0,3,使用体验,正面
1192,,,,不错,6,8,整体,正面
1192,,,,好用,9,11,整体,正面
1193,,,,实惠,11,13,价格,正面
1193,,,,好用,14,16,整体,正面
1194,,,,不好用,4,7,整体,负面
1194,,,,太干了,0,3,使用体验,负面
1195,,,,比较满意,15,19,整体,正面
1195,,,,便宜,23,25,价格,正面
1196,,,,可以,0,2,整体,正面
1196,香味,2,4,可以,0,2,气味,正面
1197,,,,很好,0,2,整体,正面
1197,,,,不卡粉,3,6,使用体验,正面
1197,保湿,7,9,好,9,10,功效,正面
1198,,,,不错,5,7,整体,正面
1199,,,,很快,0,2,物流,正面
1199,,,,不错,4,6,整体,正面
1200,,,,闷痘,0,2,使用体验,负面
1200,,,,搓泥,3,5,使用体验,负面
1200,,,,过期,10,12,新鲜度,负面
1201,包装,3,5,也很好,5,8,包装,正面
1201,,,,很不错,0,3,整体,正面
1202,,,,非常不错,5,9,整体,正面
1202,味道,10,12,好闻,12,14,气味,正面
1203,活动,2,4,,,,价格,正面
1203,,,,温和,8,10,使用体验,正面
1203,,,,不太刺激,10,14,使用体验,正面
1204,,,,不错,11,13,整体,正面
1205,,,,一般,0,2,整体,中性
1205,,,,不是很滋润,7,12,使用体验,负面
1206,吸收,13,15,很不错,15,18,使用体验,正面
1207,,,,不错,0,2,整体,正面
1207,,,,容易推开,3,7,使用体验,正面
1208,遮瑕,5,7,特别好,7,10,功效,正面
1208,,,,挺好用的,0,4,整体,正面
1209,,,,很好用,0,3,整体,正面
1209,香味,9,11,淡淡的,6,9,气味,正面
1210,,,,水水润润的,8,13,使用体验,正面
1210,,,,真的很好,19,23,整体,正面
1210,补水,14,16,,,,功效,正面
1211,,,,很好用,0,3,整体,正面
1211,,,,不紧绷,6,9,使用体验,正面
1211,,,,超值的,18,21,价格,正面
1212,,,,很好用,0,3,整体,正面
1212,,,,好评,11,13,整体,正面
1213,价格,5,7,实惠,7,9,价格,正面
1213,,,,不错,2,4,整体,正面
1214,,,,很好,13,15,整体,正面
1215,,,,好用,0,2,整体,正面
1215,,,,有一点白,8,12,功效,中性
1215,味道,19,21,不好闻,21,24,气味,负面
1216,,,,还可以,4,7,整体,正面
1216,,,,水份很多,8,12,使用体验,正面
1217,粉底,11,13,有香味,13,16,气味,负面
1217,隔离,2,4,很好用,4,7,功效,正面
1217,,,,不太喜欢,17,21,气味,负面
1218,,,,很喜欢,5,8,整体,正面
1218,,,,经济又实惠,8,13,价格,正面
1218,,,,好评,13,15,整体,正面
1219,,,,很好用,12,15,整体,正面
1219,价格,16,18,亲民,18,20,价格,正面
1219,上妆效果,21,25,很好,25,27,功效,正面
1220,气味,11,13,相似,13,15,气味,正面
1220,,,,好舒服,19,22,使用体验,正面
1220,,,,滑滑的,22,25,使用体验,正面
1220,,,,不拉眼,26,29,使用体验,正面
1220,,,,真的好用,30,34,整体,正面
1221,,,,好用,16,18,整体,正面
1221,,,,喜欢,11,13,整体,正面
1222,精华液,0,3,很多,3,5,成分,正面
1222,吸收,8,10,很快,10,12,使用体验,正面
1223,包装,21,23,很喜欢,23,26,包装,正面
1224,快递服务,11,15,很好,16,18,物流,正面
1224,,,,很常满意,19,23,整体,正面
1225,,,,很棒,0,2,整体,正面
1225,,,,超级喜欢,4,8,整体,正面
1225,,,,真好,23,25,物流,正面
1225,,,,大爱,35,37,整体,正面
1226,,,,炒鸡棒棒,18,22,整体,正面
1227,清洁能力,14,18,挺好的,18,21,功效,正面
1227,,,,不紧绷,24,27,使用体验,正面
1228,,,,很满意,21,24,整体,正面
1228,,,,还不错,17,20,整体,正面
1229,,,,还行吧,0,3,整体,正面
1229,,,,还不错,4,7,整体,正面
1229,,,,还可以,11,14,整体,正面
1230,,,,假货,2,4,真伪,负面
1230,肤色,6,8,不正,9,11,功效,负面
1230,,,,不能用,12,15,整体,负面
1231,卸妆,13,15,很干净,15,18,功效,正面
1231,,,,很不错,19,22,整体,正面
1231,,,,很方便,26,29,其他,正面
1232,速度,4,6,很快,6,8,物流,正面
1232,,,,不错,0,2,整体,正面
1233,清洁作用,7,11,很一般,11,14,功效,中性
1234,,,,好推开,2,5,使用体验,正面
1234,,,,清薄,6,8,使用体验,正面
1234,,,,透气,9,11,使用体验,正面
1234,,,,很好用,12,15,整体,正面
1235,,,,不错,8,10,其他,正面
1235,,,,便宜,18,20,价格,正面
1235,,,,是正品,10,13,真伪,正面
1236,,,,不是很好用,2,7,整体,负面
1236,妆感,27,29,还可以,29,32,使用体验,正面
1237,,,,不油腻,4,7,使用体验,正面
1237,,,,挺干的,0,3,使用体验,负面
1238,,,,很喜欢,0,3,整体,正面
1238,,,,快,5,6,物流,正面
1239,泡沫,3,5,不多,5,7,使用体验,中性
1239,,,,比较干净,11,15,功效,正面
1239,,,,不紧绷,17,20,使用体验,正面
1239,,,,还可以,35,38,整体,正面
1239,发货,39,41,挺快,41,43,物流,正面
1239,,,,好评,45,47,整体,正面
1240,物流,9,11,很快,13,15,物流,正面
1240,,,,比较水润,19,23,使用体验,正面
1240,美白效果,30,34,,,,功效,中性
1241,,,,还可以,5,8,整体,正面
1242,,,,是正品,9,12,真伪,正面
1242,,,,很满意,25,28,整体,正面
1243,发货,7,9,飞快,9,11,物流,正面
1243,质量,12,14,不错,14,16,其他,正面
1243,,,,值得推荐,17,21,整体,正面
1244,遮瑕效果,2,6,一般,6,8,功效,中性
1245,,,,还好吧,0,3,整体,正面
1246,,,,非常不错,2,6,整体,正面
1247,,,,还行,2,4,整体,正面
1247,,,,不好用,17,20,整体,负面
1248,控油效果,0,4,很好,5,7,功效,正面
1248,清洁效果,8,12,很干净,13,16,功效,正面
1248,泡沫丰富度,17,22,刚刚合适,23,27,使用体验,正面
1248,保湿效果,28,32,一整天,35,38,功效,正面
1248,温和程度,39,43,很好,5,7,使用体验,正面
1249,速度,2,4,快,4,5,物流,正面
1249,,,,物美价廉,6,10,价格,正面
1249,服务,11,13,好,13,14,服务,正面
1250,,,,很划算,0,3,价格,正面
1251,客服态度,22,26,很好,27,29,服务,正面
1251,,,,是正品,18,21,整体,中性
1252,,,,很方便,5,8,使用体验,正面
1252,,,,不油腻,22,25,使用体验,正面
1253,,,,希望是正品,5,10,真伪,中性
1254,粉扑,0,2,好硬,2,4,使用体验,负面
1254,粉液,5,7,一般般,8,11,使用体验,负面
1254,价格,21,23,对的起,16,19,价格,正面
1255,服务,10,12,好,12,13,服务,正面
1255,品质,6,8,好,12,13,整体,正面
1255,开票,14,16,快,17,18,服务,正面
1256,,,,一般,2,4,整体,中性
1257,,,,好评,0,2,整体,正面
1258,活动,1,3,,,,整体,正面
1258,价格,5,7,很便宜,7,10,价格,正面
1258,,,,很实惠,11,14,价格,正面
1258,精华液,26,29,很多,29,31,成分,正面
1259,,,,正品,20,22,真伪,正面
1259,包装,14,16,,,,包装,正面
1260,清洁效果,5,9,特别好,10,13,功效,正面
1260,,,,超级好用,0,4,整体,正面
1261,保湿,0,2,很好,8,10,功效,正面
1261,锁水效果,2,6,很好,8,10,功效,正面
1261,活动,15,17,,,,价格,正面
1262,,,,还不错,29,32,功效,正面
1263,快递小哥,15,19,,,,物流,正面
1263,,,,是正品,39,42,真伪,正面
1264,,,,很好,15,17,整体,正面
1264,送货速度,18,22,快,22,23,物流,正面
1265,价格,16,18,优惠很多,21,25,价格,正面
1266,物流速度,3,7,,,,物流,正面
1267,,,,特别好用,7,11,整体,正面
1268,,,,挺好用的,0,4,整体,正面
1269,,,,很喜欢,12,15,整体,正面
1269,,,,很不错,19,22,整体,正面
1269,,,,超级棒,26,29,整体,正面
1270,新包装,7,10,,,,包装,正面
1270,,,,非常不错,11,15,整体,正面
1270,,,,很划算,16,19,价格,正面
1271,价格,18,20,实惠,21,23,价格,正面
1271,,,,很好用,14,17,整体,正面
1272,,,,比较好用,9,13,整体,正面
1273,,,,润润的,7,10,使用体验,正面
1274,清洁能力,5,9,挺好的,9,12,功效,正面
1274,,,,很清爽,16,19,气味,正面
1274,,,,很实惠,26,29,价格,正面
1274,,,,没有紧绷感,33,38,使用体验,正面
1275,,,,不错,6,8,整体,正面
1276,补水效果,0,4,很明显,6,9,功效,正面
1277,优惠活动,0,4,,,,价格,正面
1277,性价比,8,11,较高,11,13,价格,正面
1278,,,,用着好,12,15,整体,正面
1279,,,,还挺好,11,14,整体,正面
1280,物流,6,8,非常快,8,11,物流,正面
1280,,,,非常喜欢,14,18,整体,正面
1281,性价,7,9,非常好,9,12,价格,正面
1281,,,,非常不错,3,7,整体,正面
1282,,,,不错,0,2,整体,正面
1282,,,,挺好吸收,3,7,使用体验,正面
1282,香味,8,10,特别喜欢,10,14,气味,正面
1283,,,,不是正品,15,19,真伪,负面
1283,,,,最差的,5,8,整体,负面
1283,,,,不好,2,4,整体,负面
1284,包装,9,11,,,,包装,负面
1284,快递,17,19,还可以,19,22,物流,正面
1285,,,,是正品,17,20,真伪,正面
1285,,,,应该也不错,25,30,整体,正面
1285,价格,35,37,比较实惠,37,41,价格,正面
1286,,,,非常好用,13,17,整体,正面
1287,,,,好用,9,11,整体,正面
1288,,,,划算,11,13,价格,正面
1288,卖家,14,16,不错,22,24,服务,正面
1288,快递服务,17,21,不错,22,24,物流,正面
1288,,,,五星好评,25,29,整体,正面
1289,效果,20,22,不错,22,24,整体,正面
1289,,,,给个赞,25,28,整体,正面
1290,保湿效果,0,4,好,4,5,功效,正面
1290,,,,不错,8,10,整体,正面
1291,快递师傅态度,5,11,很多,12,14,物流,正面
1291,,,,很好,2,4,整体,正面
1292,价格,8,10,实惠,11,13,价格,正面
1292,,,,很好用,4,7,整体,正面
1293,,,,很不错,24,27,整体,正面
1294,,,,很不错,10,13,整体,正面
1295,物流,0,2,挺快的,2,5,物流,正面
1296,,,,真心不好用,0,5,整体,负面
1297,物流速度,12,16,快,17,18,物流,正面
1297,老板,19,21,很好,22,24,服务,正面
1297,,,,不错,4,6,整体,正面
1297,,,,很喜欢,8,11,整体,正面
1298,,,,很轻薄透亮,9,14,使用体验,正面
1298,,,,超好用,21,24,整体,正面
1299,,,,不太开心,14,18,整体,负面
1300,,,,好评,0,2,整体,正面
1301,包装,4,6,精致,6,8,包装,正面
1301,,,,很不错,0,3,整体,正面
1302,,,,水润,0,2,使用体验,正面
1302,,,,保湿,2,4,功效,正面
1302,,,,不油腻,4,7,使用体验,正面
1303,体亮,5,7,自然,7,9,功效,正面
1303,,,,特别满意,0,4,整体,正面
1304,泡泡,5,7,很少,7,9,使用体验,负面
1304,清洁,12,14,不是很够,14,18,功效,负面
1304,,,,很温和,23,26,使用体验,正面
1305,,,,好用,0,2,整体,正面
1305,,,,不厚,2,4,使用体验,正面
1305,,,,不过敏,5,8,使用体验,正面
1306,,,,很水润,9,12,使用体验,正面
1306,,,,跟服帖,14,17,使用体验,正面
1306,,,,用着很好,18,22,整体,正面
1307,,,,比较合适,7,11,整体,正面
1308,礼品,9,11,,,,价格,正面
1308,,,,不错,4,6,整体,正面
1308,,,,很服帖,0,3,功效,正面
1309,,,,很喜欢,7,10,整体,正面
1309,,,,很好用,2,5,整体,正面
1310,服务,15,17,就是好,17,20,物流,正面
1310,快递小哥服务态度,25,33,特别好,33,36,物流,正面
1311,,,,很服贴,13,16,使用体验,正面
1311,,,,自然,16,18,功效,正面
1311,,,,很好,21,23,整体,正面
1312,贴合度,0,3,很好,4,6,使用体验,正面
1312,贴合度,0,3,很满意,6,9,使用体验,正面
1313,,,,大爱,0,2,整体,正面
1313,,,,太方便了,3,7,使用体验,正面
1313,,,,还挺省,13,16,其他,正面
1314,,,,真的很一般,8,13,整体,负面
1314,,,,不是很值,44,48,价格,负面
1314,卸妆,14,16,不是太干净,16,21,功效,负面
1315,,,,棒棒哒,0,3,整体,正面
1315,效果,12,14,很好,14,16,功效,正面
1315,活动,18,20,很划算,22,25,价格,正面
1316,,,,不错,8,10,整体,正面
1317,活动力度,9,13,很大,14,16,价格,正面
1317,,,,非常好,5,8,整体,正面
1318,,,,好用,0,2,整体,正面
1318,,,,不错,9,11,整体,正面
1318,,,,很好,17,19,整体,正面
1319,,,,还行,4,6,整体,正面
1320,,,,不好用,0,3,整体,负面
1320,,,,不滋润,3,6,功效,负面
1321,,,,不错,5,7,整体,正面
1321,,,,挺好的,8,11,整体,正面
1322,,,,很好用,4,7,整体,正面
1322,,,,物美价廉,8,12,价格,正面
1323,,,,很喜欢,2,5,整体,正面
1324,,,,不错,10,12,整体,正面
1325,,,,便宜,16,18,价格,正面
1326,物流,6,8,超快,8,10,物流,正面
1326,,,,挺舒服,16,19,使用体验,正面
1327,,,,没有紧绷感,8,13,使用体验,正面
1327,,,,挺干燥的,16,20,使用体验,负面
1328,补水,0,2,不错,2,4,功效,正面
1328,,,,有点点过敏,7,12,使用体验,负面
1329,味道,11,13,别太香,13,16,气味,中性
1330,,,,便宜了很多,14,19,价格,正面
1331,客服,0,2,非常满意,4,8,服务,正面
1332,速度,4,6,很快,6,8,物流,正面
1332,,,,不错,0,2,整体,正面
1333,,,,很舒服,8,11,整体,正面
1333,,,,非常好,15,18,整体,正面
1333,,,,很棒,12,14,整体,正面
1334,,,,垃圾,0,2,整体,负面
1334,形状,14,16,不规整,16,19,尺寸,负面
1335,包装,9,11,很可爱,11,14,包装,正面
1336,,,,还不错,5,8,整体,正面
1336,,,,提亮肤色,17,21,功效,正面
1336,,,,可以,24,26,整体,正面
1337,,,,很好用,0,3,整体,正面
1337,,,,很温和,6,9,使用体验,正面
1338,,,,还行,7,9,整体,正面
1338,,,,挺保湿的,10,14,功效,正面
1339,,,,划算多了,20,24,价格,正面
1340,补水效果,10,14,还可以,14,17,功效,正面
1340,,,,是正品,18,21,真伪,正面
1341,,,,非常好,0,3,整体,正面
1341,,,,容易打开,5,9,使用体验,正面
1341,,,,不错,11,13,整体,正面
1342,价格,18,20,合理,20,22,价格,正面
1342,,,,很薄,0,2,使用体验,正面
1342,,,,服帖,3,5,使用体验,正面
1342,,,,不黏糊糊,7,11,使用体验,正面
1342,,,,还可以,12,15,整体,正面
1343,,,,不错,9,11,整体,正面
1344,,,,还不错,29,32,整体,正面
1345,赠品,4,6,很多,2,4,价格,正面
1345,,,,一般般,10,13,整体,中性
1346,,,,超级好用,7,11,整体,正面
1346,,,,很干净,19,22,功效,正面
1347,,,,不紧绷,5,8,使用体验,正面
1347,,,,挺好的,9,12,整体,正面
1347,,,,满意,30,32,整体,正面
1348,,,,很好用,0,3,整体,正面
1348,,,,非常舒服,10,14,使用体验,正面
1349,颜色,0,2,粉粉的,2,5,其他,正面
1349,,,,很好,8,10,整体,正面
1349,,,,不油腻,11,14,使用体验,正面
1349,,,,清爽,15,17,使用体验,正面
1350,,,,便宜多了,4,8,价格,正面
1351,物流,0,2,够快,2,4,物流,正面
1351,,,,还可以,5,8,整体,正面
1352,遮盖力,6,9,一般,9,11,功效,中性
1352,,,,很滋润,14,17,使用体验,正面
1352,,,,很好用,18,21,整体,正面
1353,,,,好用,5,7,整体,正面
1354,,,,很好,0,2,整体,正面
1354,,,,很不错,3,6,整体,正面
1354,,,,很满意,7,10,整体,正面
1354,价格,11,13,便宜实惠,13,17,价格,正面
1355,保湿效果,12,16,不错,16,18,功效,正面
1355,,,,非常好用,7,11,整体,正面
1356,,,,再便宜点,8,12,价格,负面
1357,,,,还不错,0,3,整体,正面
1358,,,,不怎么好用,0,5,整体,负面
1359,,,,还可以,0,3,整体,正面
1360,,,,很不错,2,5,整体,正面
1360,,,,贴装,6,8,使用体验,正面
1361,,,,好,5,6,整体,正面
1362,,,,还可以,0,3,整体,正面
1362,,,,挺好用的,4,8,整体,正面
1362,,,,挺保湿的,9,13,功效,正面
1363,,,,好用,0,2,整体,正面
1363,,,,不干涩,5,8,使用体验,正面
1364,物流,2,4,真快,4,6,物流,正面
1365,,,,好,0,1,整体,正面
1365,价位,14,16,很给力,17,20,价格,正面
1366,,,,不错,0,2,整体,正面
1366,速度,3,5,快,5,6,物流,正面
1367,,,,特别好,10,13,整体,正面
1368,价格,13,15,实惠,16,18,价格,正面
1369,快递,18,20,真的不错,20,24,物流,正面
1370,,,,很不错的,13,17,整体,正面
1371,速度,5,7,很快,7,9,物流,正面
1372,,,,正品,11,13,真伪,正面
1372,,,,很便宜,5,8,价格,正面
1373,,,,不错,0,2,整体,正面
1373,,,,还保湿,3,6,功效,正面
1374,,,,很喜欢,6,9,整体,正面
1374,,,,挺不错,14,17,其他,正面
1374,,,,好用,24,26,整体,正面
1375,,,,很补水,7,10,使用体验,正面
1375,物流,19,21,棒棒哒,21,24,物流,正面
1375,物流,19,21,棒棒哒,21,24,物流,正面
1375,,,,是正品,2,5,真伪,正面
1375,服务,16,18,棒棒哒,21,24,服务,正面
1376,,,,挺好用的,0,4,整体,正面
1376,,,,轻薄,5,7,使用体验,正面
1376,,,,很提亮肤色,10,15,功效,正面
1377,,,,超级好用,10,14,整体,正面
1378,,,,好,0,1,整体,正面
1379,包装,0,2,,,,包装,中性
1379,,,,挺好的,32,35,整体,正面
1380,活动,22,24,,,,价格,正面
1380,,,,还不错,40,43,整体,正面
1381,,,,非常满意,0,4,整体,正面
1382,控油效果,0,4,一般,4,6,功效,中性
1382,持久情况,8,12,没问题,21,24,功效,正面
1383,快递,0,2,,,,物流,正面
1384,,,,可以的,14,17,整体,正面
1385,,,,是正品,4,7,真伪,正面
1385,,,,挺好用的,11,15,整体,正面
1386,,,,不错,2,4,整体,正面
1386,,,,很方便,5,8,整体,正面
1387,性价比,13,16,高,17,18,价格,正面
1387,,,,还不错,2,5,整体,正面
1388,,,,很好,4,6,整体,正面
1388,速度,9,11,快,11,12,物流,正面
1389,美白效果,6,10,,,,功效,正面
1389,,,,好用,0,2,整体,正面
1389,,,,喜欢,11,13,整体,正面
1390,水分,0,2,多,2,3,成分,正面
1390,,,,好吸收,4,7,使用体验,正面
1390,,,,不错,8,10,整体,正面
1391,,,,不错,0,2,整体,正面
1391,小礼品,17,20,很多,21,23,价格,正面
1392,,,,挺服帖,14,17,使用体验,正面
1392,,,,挺遮瑕,19,22,功效,正面
1392,,,,提亮肤色,23,27,功效,正面
1393,,,,是正品,35,38,真伪,正面
1393,,,,保湿,44,46,功效,正面
1393,,,,没有浮粉,39,43,使用体验,正面
1394,,,,很好闻,3,6,气味,正面
1394,,,,很好用,7,10,整体,正面
1394,,,,不紧绷,13,16,使用体验,正面
1394,,,,好评,17,19,整体,正面
1395,,,,不错,11,13,整体,正面
1395,送货,16,18,快,19,20,物流,正面
1396,,,,好用,11,13,整体,正面
1397,包装,0,2,太随便了,2,6,包装,负面
1397,包装盒,9,12,没有,13,15,包装,负面
1398,,,,很好,0,2,整体,正面
1399,味道,0,2,不错,2,4,气味,正面
1399,,,,很不错,7,10,整体,正面
1400,,,,是正品,10,13,真伪,正面
1400,保质期,15,18,,,,新鲜度,中性
1401,,,,很满意,0,3,整体,正面
1401,,,,不错,7,9,整体,正面
1401,性价比,10,13,不错,7,9,价格,正面
1402,,,,妥妥的,0,3,整体,正面
1402,,,,没毛病,3,6,整体,正面
1403,,,,挺好用的,0,4,整体,正面
1403,,,,不错,4,6,整体,正面
1404,物流,12,14,快,14,15,物流,正面
1404,快递小哥,18,22,,,,物流,正面
1405,遮暇效果,0,4,一般般,4,7,功效,中性
1406,活动,12,14,,,,价格,正面
1407,包装,5,7,完整,7,9,包装,正面
1407,,,,很漂亮,16,19,整体,正面
1407,味道,20,22,很不错,24,27,气味,正面
1407,,,,满意,28,30,整体,正面
1408,,,,不卡粉,22,25,使用体验,正面
1408,,,,很好用,15,18,整体,正面
1408,,,,好服帖,19,22,使用体验,正面
1408,,,,超级划算,7,11,价格,正面
1409,,,,便宜好多,24,28,价格,正面
1409,,,,是正品,11,14,真伪,正面
1409,,,,好用,15,17,整体,正面
1410,,,,真心划算,0,4,价格,正面
1410,,,,挺不错的,8,12,整体,正面
1411,,,,不错,0,2,整体,正面
1411,,,,好的,5,7,整体,正面
1411,,,,很不错,10,13,整体,正面
1412,,,,不错,4,6,整体,正面
1412,,,,比较自然,8,12,功效,正面
1413,,,,棒棒哒,0,3,整体,正面
1414,,,,挺好用的,9,13,整体,正面
1415,,,,超级喜欢,0,4,整体,正面
1416,,,,太划算,3,6,价格,正面
1417,,,,希望是正品,21,26,真伪,中性
1418,产品,2,4,一流,0,2,整体,正面
1418,快递,7,9,三流,5,7,物流,负面
1419,,,,很划算,6,9,价格,正面
1420,,,,不错,6,8,整体,正面
1421,,,,还不错,0,3,整体,正面
1421,,,,很温和,4,7,使用体验,正面
1422,,,,还不错,8,11,整体,正面
1422,补水效果,12,16,还可以,16,19,功效,正面
1423,,,,超级好用,0,4,整体,正面
1423,,,,滑滑的,18,21,使用体验,正面
1424,物流,15,17,超快,17,19,物流,正面
1424,,,,很好,22,24,整体,正面
1425,活动,40,42,,,,价格,正面
1425,,,,不错,0,2,整体,正面
1425,,,,挺好用的,28,32,整体,正面
1426,效果,0,2,还不知道,2,6,功效,中性
1426,补水,13,15,可以,15,17,功效,正面
1426,味道,19,21,太香了,21,24,气味,负面
1427,包装,2,4,很好,10,12,包装,正面
1427,,,,很好用,17,20,整体,正面
1428,质量,7,9,很好,9,11,其他,正面
1428,香味,18,20,淡淡的,15,18,气味,正面
1428,清洁效果,21,25,好,26,27,功效,正面
1429,,,,还行,12,14,整体,正面
1429,,,,没有过敏,15,19,使用体验,正面
1430,,,,很补水,28,31,功效,正面
1430,精华液,32,35,很多,36,38,成分,正面
1430,,,,好评,39,41,整体,正面
1431,,,,不错,0,2,整体,正面
1431,,,,便宜,5,7,价格,正面
1431,,,,希望是正品,8,13,真伪,中性
1432,,,,好,0,1,整体,正面
1432,,,,不错,2,4,整体,正面
1432,价格,4,6,实惠,6,8,价格,正面
1432,物流,8,10,快,10,11,物流,正面
1432,,,,666,11,14,整体,正面
1433,,,,挺好用的,9,13,整体,正面
1433,,,,不紧绷,16,19,使用体验,正面
1434,,,,不错,10,12,整体,正面
1435,隔离效果,0,4,挺不错,4,7,功效,正面
1436,,,,好用,13,15,整体,正面
1436,,,,实惠,16,18,价格,正面
1437,味道,6,8,挺淡,8,10,气味,正面
1437,味道,6,8,蛮好闻,10,13,气味,正面
1437,,,,有点黏黏,21,25,使用体验,中性
1437,,,,挺小只,27,30,尺寸,正面
1438,,,,很满意,0,3,整体,正面
1439,,,,还不错,21,24,整体,正面
1440,,,,改善肤色,11,15,功效,正面
1440,,,,不干,16,18,使用体验,正面
1441,物流,0,2,好快,2,4,物流,正面
1441,,,,很好用,16,19,整体,正面
1441,,,,实惠,21,23,价格,正面
1442,,,,卸不掉,18,21,功效,负面
1443,,,,不错,20,22,整体,正面
1443,,,,大爱,23,25,整体,正面
1444,味道,0,2,挺好的,2,5,气味,正面
1444,速度,5,7,快,8,9,物流,正面
1445,,,,还不错,0,3,整体,正面
1445,,,,很划算,4,7,价格,正面
1445,持久力,8,11,可以,12,14,使用体验,正面
1446,保湿,9,11,很好,11,13,功效,正面
1447,,,,应该挺好的,14,19,整体,正面
1448,,,,还可以,0,3,整体,正面
1449,送货,2,4,快,6,7,物流,正面
1449,,,,很喜欢,16,19,整体,正面
1449,,,,很方便,42,45,整体,正面
1450,礼品,17,19,,,,价格,正面
1450,,,,好评,20,22,整体,正面
1450,,,,一如既往的好,4,10,整体,正面
1451,,,,挺好的,0,3,整体,正面
1452,,,,不过敏,7,10,使用体验,正面
1452,保湿照顾,22,26,还不错,26,29,功效,正面
1453,补水效果,3,7,很好,7,9,功效,正面
1453,,,,可以,0,2,整体,正面
1454,上妆效果,0,4,还好,5,7,功效,正面
1455,,,,挺好,5,7,整体,正面
1456,,,,不好用,0,3,整体,负面
1456,,,,很烂,3,5,整体,负面
1457,,,,很薄,2,4,使用体验,正面
1457,,,,很服帖,4,7,使用体验,正面
1457,价钱,8,10,美丽,10,12,价格,正面
1458,,,,很不错,8,11,整体,正面
1459,,,,是正品,4,7,真伪,正面
1460,活动,4,6,挺合适,8,11,价格,正面
1460,,,,不错,13,15,整体,正面
1460,,,,好用,17,19,整体,正面
1461,,,,没有过敏,5,9,使用体验,正面
1461,,,,好,3,4,其他,正面
1461,价格,18,20,实惠,20,22,价格,正面
1461,,,,比较温和,13,17,使用体验,正面
1462,,,,很好,7,9,整体,正面
1462,,,,喜欢,9,11,整体,正面
1463,,,,正品,0,2,真伪,正面
1463,,,,很不错,12,15,整体,正面
1464,,,,挺好,2,4,整体,正面
1465,,,,不错,4,6,整体,正面
1465,客服服务态度,7,13,不错,4,6,服务,正面
1465,物流,19,21,应该改进,21,25,物流,负面
1465,客服,36,38,敷衍了事,42,46,物流,负面
1466,,,,正品,26,28,真伪,正面
1466,,,,非常好用,2,6,整体,正面
1467,包装,14,16,太简陋了点,16,21,包装,正面
1467,,,,还不错,2,5,整体,正面
1468,客服,7,9,热心,9,11,服务,正面
1469,,,,有些油,0,3,使用体验,负面
1470,,,,是正品,10,13,真伪,正面
1470,,,,很香,21,23,气味,正面
1471,,,,是正品,0,3,真伪,正面
1472,上妆,5,7,很好,9,11,功效,正面
1472,,,,不油腻,13,16,使用体验,正面
1472,,,,有点干,26,29,使用体验,负面
1472,,,,很持久,47,50,功效,正面
1473,,,,还可以,2,5,整体,正面
1474,,,,很好,0,2,整体,正面
1474,,,,很喜欢,8,11,整体,正面
1475,包装,0,2,很精美,2,5,包装,正面
1475,图案,6,8,漂亮,9,11,其他,正面
1475,,,,很喜欢,12,15,整体,正面
1476,物流,0,2,很快,2,4,物流,正面
1476,,,,还不错,25,28,整体,正面
1477,,,,很舒服,2,5,整体,正面
1478,,,,还好,0,2,整体,正面
1479,,,,真的好用,2,6,整体,正面
1480,,,,还不错,2,5,整体,正面
1481,物流配送中心,0,6,很快,6,8,物流,正面
1481,,,,很好,13,15,整体,正面
1481,,,,很满意,16,19,整体,正面
1481,,,,好评,25,27,整体,正面
1482,,,,不好用,14,17,整体,负面
1482,,,,太干了,18,21,使用体验,负面
1482,,,,没有说的那么保湿,22,30,功效,负面
1482,,,,上当了,31,34,整体,负面
1483,,,,很好用,0,3,整体,正面
1483,包装,6,8,比较好携带,8,13,包装,正面
1484,,,,很好用,9,12,整体,正面
1484,味道,13,15,很好闻,16,19,气味,正面
1485,,,,很好用,21,24,整体,正面
1485,,,,轻薄,26,28,使用体验,正面
1485,,,,很提肤色,29,33,功效,正面
1486,,,,还不错,15,18,整体,正面
1487,,,,好用,0,2,整体,正面
1487,,,,不油腻,3,6,使用体验,正面
1487,,,,喜欢,7,9,整体,正面
1487,瓶子,13,15,新款,10,12,包装,正面
1487,,,,方便,20,22,使用体验,正面
1488,,,,很好用,0,3,整体,正面
1488,,,,不干,4,6,使用体验,正面
1489,赠品,26,28,好多,24,26,价格,正面
1489,,,,很好用,14,17,整体,正面
1489,,,,好评,2,4,整体,正面
1490,,,,很划算,2,5,价格,正面
1490,,,,不刺激,16,19,使用体验,正面
1490,,,,很温和,13,16,使用体验,正面
1491,快递服务态度,0,6,好,6,7,物流,正面
1492,,,,挺好用的,0,4,整体,正面
1492,味道,4,6,很好闻,6,9,气味,正面
1493,价格,8,10,真的优惠,10,14,价格,正面
1494,,,,保湿,0,2,功效,正面
1494,,,,不油腻,2,5,使用体验,正面
1494,,,,很贴,6,8,使用体验,正面
1494,,,,最喜欢的,11,15,整体,正面
1495,,,,很一般,2,5,整体,中性
1496,,,,不好上妆,0,4,功效,负面
1496,,,,搓泥了,20,23,使用体验,负面
1496,,,,有些失望,29,33,整体,负面
1497,价格,8,10,挺实惠,11,14,价格,正面
1497,,,,还可以,0,3,整体,正面
1497,,,,还行,5,7,整体,正面
1497,,,,特别喜欢,23,27,整体,正面
1497,,,,挺好的,36,39,整体,正面
1498,,,,特喜欢,2,5,整体,正面
1498,,,,划算,21,23,价格,正面
1499,活动,20,22,,,,价格,正面
1500,,,,好评,13,15,整体,正面
1501,,,,还不错啦,0,4,整体,正面
1501,,,,挺滋润补水的,5,11,使用体验,正面
1502,,,,很划算,4,7,价格,正面
1502,,,,挺好用的,16,20,整体,正面
1503,,,,不错,22,24,整体,正面
1503,,,,很好吸收,15,19,使用体验,正面
1504,赠品,0,2,很好,2,4,价格,正面
1504,,,,丝润,8,10,使用体验,正面
1504,,,,光滑,10,12,使用体验,正面
1505,,,,好小,17,19,尺寸,负面
1506,清洁效果,6,10,不是很好,10,14,功效,负面
1506,,,,挺温和的,0,4,使用体验,正面
1507,,,,可以,13,15,整体,正面
1508,快寄,0,2,很给力,2,5,物流,正面
1508,,,,水水润润,31,35,使用体验,正面
1509,,,,真品牌,43,46,真伪,正面
1510,物流,0,2,快,2,3,物流,正面
1510,价格,4,6,便宜,6,8,价格,正面
1510,,,,滋润,20,22,使用体验,正面
1511,送货,0,2,快,2,3,物流,正面
1511,,,,还不错,13,16,整体,正面
1511,活动,18,20,划算,22,24,价格,正面
1512,,,,一般,0,2,整体,中性
1512,,,,没那么好用,3,8,整体,负面
1513,物流,0,2,很快,2,4,物流,正面
1513,补水效果,10,14,很明显,14,17,功效,正面
1514,包装,0,2,很好,2,4,包装,正面
1515,,,,不错,18,20,整体,正面
1515,,,,好评,25,27,整体,正面
1516,瓶子,0,2,很漂亮,2,5,包装,正面
1516,快递,12,14,很快,14,16,物流,正面
1516,态度,16,18,好,18,19,物流,正面
1516,,,,很喜欢,5,8,整体,正面
1516,,,,很好用,9,12,整体,正面
1517,,,,很好,20,22,整体,正面
1517,,,,很不错,9,12,整体,正面
1518,快递员,15,18,,,,物流,正面
1519,,,,好用,0,2,整体,正面
1519,,,,水水的,3,6,使用体验,正面
1519,,,,很细,8,10,使用体验,正面
1520,,,,挺好的,2,5,整体,正面
1521,,,,是正品,2,5,真伪,正面
1522,快递,12,14,太不靠谱,14,18,物流,负面
1522,商家,20,22,不解决,23,26,服务,负面
1523,物流,0,2,挺快的,2,5,物流,正面
1523,,,,是正品,19,22,真伪,正面
1523,,,,很放心,25,28,整体,正面
1524,快递,17,19,真的很快呀,20,25,物流,正面
1525,颜值,0,2,较高,2,4,包装,正面
1525,,,,不错,7,9,整体,正面
1526,,,,好用,0,2,整体,正面
1526,补水,8,10,不错,10,12,功效,正面
1527,卸妆,4,6,干净,7,9,功效,正面
1527,,,,很温和,0,3,使用体验,正面
1527,,,,还不错,12,15,整体,正面
1528,,,,便宜了好多,15,20,价格,正面
1528,,,,非常好,0,3,整体,正面
1529,,,,很满意,8,11,整体,正面
1529,价格,12,14,便宜,15,17,价格,正面
1530,价钱,7,9,实惠,9,11,价格,正面
1530,,,,不干,23,25,使用体验,正面
1531,物流,28,30,很快,30,32,物流,正面
1532,物流,29,31,很快,31,33,物流,正面
1533,,,,不错,2,4,整体,正面
1533,价格,5,7,合适,7,9,价格,正面
1533,物流,10,12,给力,12,14,物流,正面
1534,,,,很不错,10,13,整体,正面
1535,物流,13,15,快,15,16,物流,正面
1535,,,,好,19,20,整体,正面
1536,,,,超喜欢,5,8,整体,正面
1537,香味,17,19,不太喜欢,21,25,气味,负面
1537,质地,26,28,轻薄,29,31,使用体验,正面
1537,,,,挺滋润,36,39,使用体验,正面
1538,,,,不错,3,5,整体,正面
1538,,,,很好,0,2,整体,正面
1539,价格,0,2,较便宜,2,5,价格,正面
1540,,,,一般,2,4,整体,中性
1540,,,,有点卡粉,7,11,使用体验,负面
1541,,,,不错,20,22,整体,正面
1542,,,,比较好用,14,18,整体,正面
1543,,,,很光滑,23,26,使用体验,正面
1543,,,,好推开,11,14,使用体验,正面
1543,,,,不卡粉,14,17,使用体验,正面
1544,,,,挺好的,2,5,整体,正面
1544,,,,买的值,14,17,价格,正面
1545,价格,9,11,优惠,11,13,价格,正面
1545,,,,正品,34,36,真伪,正面
1545,,,,很好,30,32,整体,正面
1546,,,,超级好用,2,6,整体,正面
1546,,,,非常喜欢,7,11,整体,正面
1547,味道,0,2,很好闻,2,5,气味,正面
1547,清洁能力,6,10,不错,11,13,功效,正面
1548,发货,2,4,很快,4,6,物流,正面
1548,活动力度,7,11,很大,11,13,价格,正面
1548,,,,很实惠,14,17,价格,正面
1549,补水效果,0,4,,,,功效,正面
1550,服务,3,5,非常好,5,8,服务,正面
1551,精华,9,11,挺多的,11,14,成分,正面
1551,,,,很好,0,2,整体,正面
1551,,,,挺薄的,5,8,使用体验,正面
1551,,,,很舒服,18,21,使用体验,正面
1552,清洁度,0,3,还不错,3,6,功效,正面
1552,保湿效果,7,11,很好,11,13,功效,正面
1553,物流,0,2,好快,2,4,物流,正面
1554,清洁效果,10,14,不错,14,16,功效,正面
1554,,,,不紧绷,19,22,使用体验,正面
1555,酒精味,0,3,很明显,3,6,气味,负面
1556,,,,还不错,2,5,整体,正面
1556,,,,很舒服,16,19,使用体验,正面
1557,清香,5,7,淡淡的,2,5,气味,正面
1557,,,,还可以,8,11,整体,正面
1558,精华,8,10,挺多的,10,13,成分,正面
1558,,,,还不错,4,7,整体,正面
1558,,,,挺好用的,14,18,使用体验,正面
1559,,,,不错,0,2,整体,正面
1559,补水效果,3,7,很好,7,9,功效,正面
1560,物流,0,2,很快,2,4,物流,正面
1560,态度,5,7,很好,7,9,物流,正面
1560,颜值,12,14,很高,14,16,包装,正面
1561,,,,不错,2,4,整体,正面
1562,物流,6,8,超快,8,10,物流,正面
1562,延展性,20,23,很好,23,25,使用体验,正面
1562,,,,调节肤色,31,35,功效,正面
1562,,,,很好用,36,39,整体,正面
1563,,,,挺好,3,5,整体,正面
1563,味道,6,8,挺清淡的,9,13,气味,正面
1564,,,,非常好,0,3,整体,正面
1565,,,,很好用,2,5,整体,正面
1565,补水效果,5,9,很好,9,11,功效,正面
1566,包装,0,2,完好,2,4,包装,正面
1566,快递小哥服务,5,11,很好,11,13,物流,中性
1567,,,,挺好的,0,3,整体,正面
1567,,,,不错,15,17,整体,正面
1568,包装,8,10,,,,包装,中性
1569,,,,很不错,2,5,整体,正面
1569,,,,干净,6,8,功效,正面
1569,,,,不紧绷,8,11,使用体验,正面
1570,送货速度,0,4,快,4,5,物流,正面
1570,包装,6,8,完整,8,10,包装,正面
1570,,,,杠杠的,15,18,整体,正面
1571,,,,比较喜欢,14,18,整体,正面
1571,,,,挺补水的,27,31,功效,正面
1571,,,,水嫩的,42,45,使用体验,正面
1572,包装,6,8,,,,包装,正面
1572,滋润度,16,19,正好,23,25,使用体验,正面
1572,增白效果,32,36,不喜欢,37,40,功效,负面
1573,,,,很好用,5,8,整体,正面
1573,,,,用量少,9,12,使用体验,正面
1573,,,,洗的干净,12,16,功效,正面
1574,,,,很不错,10,13,整体,正面
1575,遮瑕效果,9,13,不错,13,15,功效,正面
1575,,,,挺好用,0,3,整体,正面
1575,,,,很好,6,8,整体,正面
1575,,,,湿润,16,18,使用体验,正面
1576,补水效果,0,4,太好,4,6,功效,正面
1576,,,,5星好评,29,33,整体,正面
1577,,,,挺好用的,16,20,整体,正面
1577,,,,是正品,21,24,真伪,正面
1578,,,,很好用,0,3,整体,正面
1579,送货速度,2,6,真的很快,6,10,物流,正面
1579,服务态度,11,15,好,16,17,物流,正面
1580,价格,7,9,便宜,9,11,价格,正面
1580,,,,还不错,2,5,整体,正面
1581,,,,还可以,30,33,整体,正面
1582,,,,挺好的,4,7,整体,正面
1583,,,,物美价廉,4,8,价格,正面
1583,,,,不错,0,2,整体,正面
1584,香味,8,10,不是很喜欢,11,16,气味,负面
1584,,,,有保湿效果,17,22,功效,正面
1585,收货,10,12,完美,8,10,物流,正面
1585,,,,很喜欢,0,3,整体,正面
1585,,,,非常好,4,7,整体,正面
1586,设计,28,30,很贴心,24,27,包装,正面
1586,,,,挺好的,0,3,整体,正面
1586,,,,很便宜,15,18,价格,正面
1587,,,,很快,3,5,物流,正面
1587,,,,还可以,8,11,整体,正面
1587,,,,满意,12,14,整体,正面
1588,,,,很喜欢,0,3,整体,正面
1589,,,,不泛白,4,7,功效,正面
1589,,,,不是特别油腻,8,14,使用体验,正面
1589,,,,还可以,15,18,整体,正面
1589,防晒效果,19,23,,,,功效,中性
1590,快递,2,4,就是快,4,7,物流,正面
1591,,,,很好用,14,17,整体,正面
1592,,,,一般般,0,3,整体,中性
1593,,,,还挺好用的,2,7,整体,正面
1594,,,,还可以,0,3,整体,正面
1594,包装,18,20,不是很好,20,24,包装,负面
1594,吸收,10,12,挺好的,12,15,使用体验,正面
1595,,,,非常不错,0,4,整体,正面
1595,,,,非常划算,14,18,价格,正面
1595,,,,太棒了,23,26,价格,正面
1596,补水效果,19,23,不错,23,25,功效,正面
1596,,,,很好用,15,18,整体,正面
1597,,,,很好用,9,12,整体,正面
1597,,,,不过敏,15,18,整体,正面
1598,活动,1,3,挺优惠的,4,8,价格,正面
1599,价格,9,11,实惠,15,17,价格,正面
1599,,,,是正品,18,21,真伪,正面
1599,物流,22,24,快,24,25,物流,正面
1600,,,,好评,37,39,整体,正面
1601,到货,0,2,快,2,3,物流,正面
1601,,,,好用,4,6,整体,正面
1601,补水,7,9,好,13,14,功效,正面
1601,隔离效果,9,13,好,13,14,功效,正面
1601,价格,15,17,实惠,17,19,价格,正面
1601,,,,很喜欢,23,26,整体,正面
1601,,,,很划算,20,23,价格,正面
1602,包装,3,5,没心情了,6,10,包装,负面
1602,,,,不知道是不是正品,11,19,真伪,中性
1603,,,,很不错,9,12,整体,正面
1603,,,,很好,17,19,其他,正面
1603,,,,自然,20,22,功效,正面
1604,,,,还不错,5,8,整体,正面
1605,,,,好评,11,13,整体,正面
1605,快递小哥,17,21,好,26,27,物流,正面
1605,,,,给赞,28,30,整体,正面
1606,清洁能力,0,4,很给力,5,8,功效,正面
1607,,,,好用,5,7,整体,正面
1607,,,,非常的服帖,8,13,使用体验,正面
1607,精华液,14,17,不多,18,20,成分,正面
1607,,,,很清爽,28,31,使用体验,正面
1607,,,,很喜欢,32,35,整体,正面
1608,,,,还不错,22,25,整体,正面
1609,,,,好评,6,8,整体,正面
1610,服务,24,26,好,26,27,服务,正面
1611,,,,很不错,0,3,整体,正面
1611,,,,实惠,4,6,价格,正面
1611,,,,好用,6,8,整体,正面
1611,,,,喜欢,8,10,整体,正面
1612,,,,舒服,2,4,使用体验,正面
1612,,,,不错,4,6,整体,正面
1612,,,,实惠,17,19,价格,正面
1612,,,,实用,20,22,整体,正面
1613,,,,很舒服,2,5,整体,正面
1614,快递,0,2,很快,2,4,物流,正面
1614,味道,8,10,还好,11,13,气味,正面
1614,,,,很喜欢,5,8,整体,正面
1615,,,,不刺激,2,5,使用体验,正面
1616,物流,6,8,很快,8,10,物流,正面
1616,快递小哥,11,15,很热情,15,18,物流,正面
1617,,,,还不错,8,11,整体,正面
1617,,,,挺喜欢,12,15,整体,正面
1618,,,,还不错,15,18,整体,正面
1619,,,,不知道是不是正品,0,8,真伪,中性
1620,,,,还不错,7,10,整体,正面
1620,,,,便宜,11,13,价格,正面
1621,,,,很好,2,4,整体,正面
1621,,,,很心塞,23,26,价格,负面
1622,,,,很舒服,17,20,使用体验,正面
1622,,,,非常不错,4,8,整体,正面
1623,,,,浮粉,0,2,使用体验,负面
1623,,,,不贴合,3,6,使用体验,负面
1624,,,,太快了,9,12,物流,正面
1625,,,,非常不错,5,9,整体,正面
1625,,,,物有所值,0,4,整体,正面
1626,,,,非常好,0,3,整体,正面
1626,,,,很划算,9,12,价格,正面
1627,味道,0,2,很不错,2,5,气味,正面
1627,,,,好用,26,28,整体,正面
1628,,,,很好,3,5,整体,正面
1629,遮瑕效果,0,4,,,,功效,中性
1630,价格,35,37,美丽,38,40,价格,正面
1630,精华,8,10,很多,10,12,成分,正面
1630,,,,很不错,2,5,整体,正面
1631,,,,确实不错,0,4,整体,正面
1632,物流,16,18,就是快,18,21,物流,正面
1632,快递小哥服务态度,31,39,比较好,39,42,物流,正面
1632,,,,比较满意,0,4,整体,正面
1633,,,,不错,2,4,整体,正面
1634,,,,非常不错,13,17,整体,正面
1635,,,,挺不错的,9,13,整体,正面
1635,,,,很补水,21,24,功效,正面
1636,,,,还不错,26,29,整体,正面
1637,,,,还行,0,2,整体,正面
1637,味道,4,6,不习惯,9,12,气味,负面
1638,物流,14,16,挺快的,17,20,物流,正面
1638,,,,挺好的,0,3,整体,正面
1639,,,,很保湿,3,6,功效,正面
1639,,,,很划算,9,12,价格,正面
1640,,,,太合适,8,11,价格,正面
1640,补水,25,27,,,,功效,中性
1640,美白,19,21,,,,功效,中性
1640,紧致,17,19,,,,功效,中性
1641,,,,还行,22,24,整体,正面
1641,,,,挺滋润的,24,28,使用体验,正面
1642,,,,很好用,17,20,整体,正面
1642,,,,补水,21,23,功效,正面
1642,快递,25,27,真的很快,27,31,物流,正面
1643,价位,20,22,合理,23,25,价格,正面
1643,,,,不错,11,13,整体,正面
1644,,,,还好吧,0,3,整体,正面
1645,,,,喜欢,6,8,整体,正面
1646,,,,很好用,0,3,整体,正面
1647,水份,3,5,充足,5,7,成分,正面
1647,保湿效果,8,12,棒,13,14,功效,正面
1647,,,,很好,0,2,整体,正面
1648,泡沫,12,14,丰富,14,16,使用体验,正面
1648,,,,干净,19,21,功效,正面
1648,,,,不干燥,21,24,使用体验,正面
1649,,,,还可以,6,9,整体,正面
1650,,,,不贵,7,9,价格,正面
1650,,,,好用,11,13,整体,正面
1650,,,,很好,4,6,整体,正面
1650,,,,很自然,18,21,功效,正面
1650,,,,挺喜欢的,22,26,整体,正面
1651,,,,超级喜欢,14,18,整体,正面
1651,,,,不错,0,2,整体,正面
1651,,,,应该可以,33,37,整体,正面
1652,,,,质优价廉,0,4,价格,正面
1652,送货速度,5,9,快,9,10,物流,正面
1653,,,,超级划算,0,4,价格,正面
1653,盒子,16,18,很漂亮,18,21,包装,正面
1653,,,,润润的,25,28,使用体验,正面
1654,,,,不错,14,16,整体,正面
1655,,,,不过敏,8,11,使用体验,正面
1656,,,,很好,10,12,整体,正面
1657,,,,不错,0,2,整体,正面
1657,,,,挺满意的,3,7,整体,正面
1658,,,,还不错,14,17,整体,正面
1659,价格,16,18,很好,7,9,使用体验,正面
1659,,,,美白,10,12,功效,正面
1659,,,,遮瑕,13,15,功效,正面
1659,价格,16,18,挺实惠,19,22,价格,正面
1659,,,,货真价值,23,27,整体,正面
1660,,,,很好,0,2,整体,正面
1661,,,,不错,7,9,整体,正面
1662,价格,13,15,便宜,15,17,价格,正面
1662,送货,18,20,快,20,21,物流,正面
1662,,,,挺好的,0,3,整体,正面
1662,,,,很方便,22,25,整体,正面
1662,,,,很喜欢,4,7,整体,正面
1663,物流,6,8,特别快,8,11,物流,正面
1664,包装,29,31,忒简单,31,34,包装,负面
1664,,,,薄点,17,19,使用体验,正面
1665,,,,可以,7,9,整体,正面
1666,价格,7,9,实惠,9,11,价格,正面
1666,,,,不错,13,15,整体,正面
1666,,,,喜欢,17,19,整体,正面
1667,物流,0,2,快,2,3,物流,正面
1668,卸妆,0,2,还不错,2,5,整体,正面
1668,赠品,6,8,,,,价格,正面
1669,,,,非常好,4,7,整体,正面
1669,物流,10,12,非常强,13,16,物流,正面
1670,,,,挺好用的,0,4,整体,正面
1670,,,,太少了,6,9,其他,负面
1671,,,,很舒服,3,6,整体,正面
1671,,,,不会浮粉,7,11,使用体验,正面
1672,,,,很好用,0,3,整体,正面
1672,,,,挺湿润的,4,8,使用体验,正面
1672,,,,不干,9,11,使用体验,正面
1672,物流,25,27,给力,29,31,物流,正面
1673,,,,很好用,0,3,整体,正面
1674,,,,正品,8,10,真伪,正面
1675,,,,非常好,0,3,整体,正面
1675,,,,好帖,8,10,使用体验,正面
1675,,,,好喜欢,5,8,整体,正面
1676,,,,挺好的,8,11,整体,正面
1677,,,,一般般,6,9,整体,中性
1678,,,,还可以,0,3,整体,正面
1679,包装,0,2,很大气,2,5,包装,正面
1679,,,,很服帖,7,10,使用体验,正面
1679,外观,12,14,很漂亮,15,18,包装,正面
1680,,,,很好,5,7,整体,正面
1680,,,,便宜,9,11,价格,正面
1681,味道,20,22,喜欢,17,19,气味,正面
1682,,,,还不错,0,3,整体,正面
1682,,,,挺清爽的,6,10,使用体验,正面
1683,,,,挺好的,0,3,整体,正面
1683,,,,便宜,11,13,价格,正面
1684,,,,最实汇的,0,4,价格,正面
1685,快递,7,9,非常给力,9,13,物流,正面
1685,活动力度,19,23,大,23,24,价格,正面
1685,,,,很便宜,25,28,价格,正面
1686,补水效果,8,12,超好,12,14,功效,正面
1686,,,,好实惠,4,7,价格,正面
1687,,,,五星好评,13,17,整体,正面
1688,泡沫,4,6,不多,6,8,使用体验,中性
1688,清洁力,10,13,跟强,13,15,功效,正面
1688,,,,很好用,0,3,整体,正面
1688,,,,有香味,16,19,气味,正面
1688,,,,很补水,23,26,功效,正面
1689,,,,正品,3,5,真伪,正面
1690,,,,那么白,9,12,功效,负面
1691,,,,不怎么样,2,6,整体,负面
1691,,,,不是很遮瑕,7,12,功效,负面
1691,,,,不服帖,13,16,使用体验,负面
1692,质量,2,4,不错,4,6,其他,正面
1692,,,,非常喜欢,6,10,整体,正面
1692,,,,很满意,16,19,整体,正面
1693,,,,很润,0,2,使用体验,正面
1693,,,,喜欢,3,5,整体,正面
1694,,,,有点味道,2,6,气味,负面
1694,,,,不太喜欢,7,11,气味,负面
1694,,,,还好,14,16,整体,正面
1694,,,,过得去,17,20,整体,正面
1695,,,,很实惠,2,5,价格,正面
1696,,,,非常满意,5,9,整体,正面
1696,快递员,18,21,很好,22,24,物流,正面
1696,,,,好评,25,27,整体,正面
1697,,,,五分好评,11,15,整体,正面
1697,价格,6,8,划算,8,10,价格,正面
1698,发货速度,0,4,很快,4,6,物流,正面
1699,,,,不错,0,2,整体,正面
1700,,,,挺好的,12,15,整体,正面
1700,,,,好用,22,24,整体,正面
1701,,,,不错,2,4,整体,正面
1701,,,,不油,5,7,使用体验,正面
1702,,,,稍微过敏,20,24,使用体验,负面
1703,价格,5,7,很美丽,8,11,价格,正面
1703,,,,挺好了,0,3,整体,正面
1704,,,,非常好,13,16,整体,正面
1704,,,,不沙眼睛,21,25,使用体验,正面
1705,清爽度,0,3,,,,使用体验,中性
1705,,,,实惠,9,11,价格,正面
1706,,,,挺好用,0,3,整体,正面
1706,价格,20,22,实惠,22,24,价格,正面
1707,,,,确实不错,6,10,整体,正面
1708,包装,25,27,很好,27,29,包装,正面
1709,性价比,20,23,高,24,25,价格,正面
1709,,,,好用,17,19,整体,正面
1710,,,,很好,5,7,整体,正面
1711,保湿,12,14,很不错,14,17,功效,正面
1712,精华,5,7,特别多,8,11,成分,正面
1712,,,,非常好用,0,4,整体,正面
1713,,,,好评,23,25,整体,中性
1714,上妆效果,0,4,容易上装,5,9,使用体验,正面
1714,,,,自然,14,16,功效,正面
1714,,,,不干燥,21,24,使用体验,正面
1715,,,,蛮好用的,2,6,整体,正面
1715,,,,蛮白的,11,14,功效,正面
1715,,,,特别细腻,23,27,使用体验,正面
1715,,,,均匀,27,29,功效,正面
1716,,,,方便,12,14,整体,正面
1716,速度,17,19,快,19,20,物流,正面
1717,,,,一般,0,2,整体,中性
1718,,,,喜欢,12,14,整体,正面
1718,,,,提亮肤色,7,11,功效,正面
1719,,,,好惊喜,32,35,整体,正面
1720,,,,还不错,16,19,整体,正面
1721,包装,1,3,不行,5,7,包装,负面
1722,,,,特别好用,9,13,整体,正面
1723,,,,超喜欢,7,10,整体,正面
1723,,,,很不错,14,17,整体,正面
1723,,,,一如既往的喜欢,20,27,整体,正面
1724,,,,补水,35,37,功效,正面
1724,,,,保湿,37,39,功效,正面
1724,,,,提亮,39,41,功效,正面
1724,,,,清洁,41,43,功效,正面
1724,,,,收缩毛孔,43,47,功效,正面
1725,,,,很好,9,11,整体,正面
1725,,,,不错,36,38,整体,正面
1726,,,,绝对正品,23,27,真伪,正面
1726,,,,不过敏,41,44,使用体验,正面
1726,,,,美美哒,37,40,整体,正面
1727,卖家,3,5,很好,0,2,服务,正面
1727,礼品,12,14,,,,价格,正面
1728,价钱,12,14,合理,14,16,价格,正面
1728,赠品,17,19,很多,19,21,价格,正面
1729,,,,很好用,0,3,整体,正面
1729,,,,很白,4,6,功效,正面
1730,,,,还不错,7,10,整体,正面
1730,价格,11,13,很亲民,14,17,价格,正面
1731,防晒,0,2,不错,6,8,功效,正面
1731,,,,显白,14,16,功效,正面
1731,隔离效果,2,6,不错,6,8,功效,正面
1732,卸妆,0,2,比较干净,2,6,功效,正面
1733,快递,0,2,快,3,4,物流,正面
1733,,,,特别自然,19,23,功效,正面
1733,,,,白了一个度,26,31,功效,正面
1734,,,,很不错,2,5,整体,正面
1734,,,,不浮粉,6,9,使用体验,正面
1734,,,,不跑妆,10,13,使用体验,正面
1735,香味,16,18,特喜欢,11,14,气味,正面
1736,,,,挺好的,0,3,整体,正面
1736,,,,好吸收,4,7,使用体验,正面
1736,,,,适合,9,11,整体,正面
1737,,,,不错,2,4,整体,正面
1737,,,,好评,5,7,整体,正面
1738,,,,跟补水,4,7,功效,正面
1739,,,,垃圾,4,6,整体,负面
1739,,,,欺骗,29,31,服务,负面
1740,,,,很好,19,21,整体,正面
1741,快递,11,13,很给力,13,16,物流,正面
1741,,,,蛮好的,24,27,整体,正面
1741,活动,29,31,便宜了很多,34,39,价格,正面
1742,,,,很好用,2,5,整体,正面
1743,,,,超级好用,0,4,整体,正面
1743,,,,美美的,13,16,整体,正面
1744,,,,超级划算,14,18,价格,正面
1745,,,,油,0,1,使用体验,负面
1746,,,,还是不错的,6,11,功效,正面
1747,,,,挺划算,2,5,价格,正面
1748,,,,蛮喜欢的,22,26,整体,正面
1749,,,,是正品,3,6,真伪,正面
1750,,,,非常好,19,22,整体,正面
1751,,,,特别好,0,3,整体,正面
1751,,,,很滋润,9,12,使用体验,正面
1751,补水效果,12,16,不错,17,19,功效,正面
1751,,,,满分,20,22,整体,正面
1752,,,,非常好用,12,16,整体,正面
1752,,,,很满意,22,25,整体,正面
1753,,,,不错,12,14,整体,正面
1754,,,,还不错,0,3,整体,正面
1754,,,,便宜很多,16,20,价格,正面
1755,,,,挺好的,9,12,整体,正面
1756,,,,好用,15,17,整体,正面
1757,,,,还好,5,7,整体,正面
1757,,,,不爽,27,29,价格,负面
1758,物流,0,2,快,2,3,物流,正面
1759,,,,很好用,0,3,整体,正面
1759,,,,白白透透的,7,12,功效,正面
1759,,,,一点也不浮,13,18,使用体验,正面
1759,,,,好上妆,19,22,使用体验,正面
1760,修饰肤色,4,8,比较自然,11,15,功效,正面
1761,,,,还不错,10,13,整体,正面
1761,价格,14,16,便宜,17,19,价格,正面
1762,物流,0,2,真快,2,4,物流,正面
1762,,,,很划算,13,16,价格,正面
1763,,,,喜欢,2,4,整体,正面
1764,,,,是正品,0,3,真伪,正面
1764,,,,很好用,8,11,整体,正面
1765,水分,3,5,足,5,6,成分,正面
1765,,,,很实惠,23,26,价格,正面
1765,,,,不错,0,2,整体,正面
1765,,,,贴个面部,7,11,使用体验,正面
1765,,,,非常好用,12,16,整体,正面
1766,,,,很好用,0,3,整体,正面
1767,物流,10,12,很快,12,14,物流,正面
1767,服务态度,15,19,很好,19,21,服务,正面
1767,,,,不错,2,4,整体,正面
1768,送货速度,0,4,快,4,5,物流,正面
1768,,,,好,5,6,整体,正面
1769,,,,没有紧绷感,5,10,使用体验,正面
1769,,,,补水,0,2,功效,正面
1770,,,,好用,0,2,整体,正面
1770,,,,很实惠,11,14,价格,正面
1771,送货,4,6,很给力,7,10,物流,正面
1771,,,,不错,19,21,整体,正面
1772,物流,0,2,慢死,2,4,物流,负面
1772,赠品,22,24,没,21,22,价格,负面
1773,,,,挺好的,11,14,整体,正面
1773,,,,好评,15,17,整体,正面
1774,,,,好用,0,2,整体,正面
1774,,,,非常不错,11,15,整体,正面
1775,上妆效果,0,4,不错,5,7,功效,正面
1775,上妆效果,0,4,很自然,8,11,功效,正面
1776,价格,0,2,便宜,3,5,价格,正面
1776,味道,6,8,清新,8,10,气味,正面
1776,,,,很舒适,13,16,使用体验,正面
1776,,,,清爽,16,18,使用体验,正面
1777,快递小哥,17,21,很给力,21,24,服务,正面
1777,包装,27,29,,,,包装,负面
1778,物流速度,24,28,很快,28,30,物流,正面
1778,,,,很不错,0,3,整体,正面
1778,,,,喜欢,16,18,整体,正面
1778,,,,点赞,19,21,整体,正面
1779,,,,不好用,0,3,整体,负面
1779,清洁能力,4,8,差的要死,8,12,功效,负面
1780,,,,很贴皮肤,8,12,使用体验,正面
1781,,,,特别好,2,5,整体,正面
1782,,,,还可以,9,12,整体,正面
1782,,,,服帖,16,18,使用体验,正面
1783,,,,很水润,0,3,使用体验,正面
1783,,,,超级好用,4,8,整体,正面
1784,,,,很清爽,4,7,使用体验,正面
1784,,,,还行,22,24,整体,正面
1784,,,,很好涂开,8,12,使用体验,正面
1784,,,,泛油光,16,19,使用体验,中性
1785,,,,超级服帖,24,28,使用体验,正面
1785,,,,很喜欢,29,32,整体,正面
1786,包装,6,8,好,8,9,包装,正面
1786,服务,10,12,好,8,9,服务,正面
1786,,,,五星好评,14,18,整体,正面
1787,,,,非常喜欢,7,11,整体,正面
1787,,,,非常好用,0,4,整体,正面
1788,快递,0,2,速度快,2,5,物流,正面
1788,,,,还不错,6,9,整体,正面
1789,,,,很好用,0,3,整体,正面
1789,,,,便宜,11,13,价格,正面
1790,泡沫,2,4,不太好洗掉,4,9,使用体验,负面
1791,设计,6,8,很帮,8,10,其他,正面
1791,,,,挺好用的,11,15,整体,正面
1792,,,,还可以,0,3,整体,中性
1793,,,,满意,2,4,整体,正面
1794,补水效果,0,4,好,4,5,功效,正面
1794,,,,好用,15,17,整体,正面
1795,物流速度,12,16,快,17,18,物流,正面
1795,老板,19,21,很好,22,24,服务,正面
1795,,,,还是不错的,2,7,整体,正面
1795,,,,很喜欢,8,11,整体,正面
1796,,,,不错,0,2,整体,正面
1796,,,,很好用,3,6,整体,正面
1797,,,,好评,0,2,整体,正面
1797,,,,很好用,9,12,整体,正面
1798,推开,6,8,不错,9,11,使用体验,正面
1798,,,,很香,0,2,气味,正面
1798,,,,白白嫩嫩的,12,17,使用体验,正面
1799,,,,难用,0,2,整体,负面
1799,,,,不适合,11,14,整体,负面
1799,,,,怪怪的,22,25,整体,负面
1799,,,,浮了,30,32,使用体验,负面
1800,活动,2,4,超级合适,4,8,价格,正面
1800,送货速度,18,22,非常快,22,25,物流,正面
1800,精华液,29,32,很多,32,34,成分,正面
1801,,,,还可以,18,21,整体,正面
1802,包装,3,5,很好,0,2,包装,正面
1802,,,,很好,0,2,整体,正面
1803,物流,15,17,很快,17,19,物流,正面
1803,,,,很好,0,2,整体,正面
1803,,,,非常好,2,5,整体,正面
1803,,,,很满意,6,9,整体,正面
1803,,,,不错,12,14,整体,正面
1804,,,,可以,0,2,整体,正面
1804,,,,很好用,3,6,整体,正面
1805,,,,不错,0,2,整体,正面
1805,,,,快,4,5,物流,正面
1806,活动,1,3,,,,价格,正面
1806,,,,还行,17,19,整体,正面
1807,,,,挺好用,0,3,整体,正面
1807,,,,不干皮,4,7,使用体验,正面
1807,,,,肤色很亮,10,14,功效,正面
1807,,,,不脱妆,15,18,使用体验,正面
1807,,,,好用,32,34,整体,正面
1808,活动,13,15,很实惠,16,19,价格,正面
1808,补水效果,3,7,很好,7,9,功效,正面
1808,,,,好用,0,2,整体,正面
1809,,,,很不错,0,3,整体,正面
1809,,,,很好,24,26,整体,正面
1810,,,,还可以,0,3,整体,正面
1810,,,,挺服帖的,7,11,使用体验,正面
1811,,,,还可以,0,3,整体,正面
1812,,,,可以,0,2,整体,正面
1812,,,,油亮亮的,11,15,使用体验,负面
1813,,,,超喜欢的,0,4,整体,正面
1813,,,,很自然,7,10,功效,正面
1813,,,,美美哒,10,13,整体,正面
1814,,,,滑滑的,4,7,使用体验,正面
1814,,,,不紧绷,8,11,使用体验,正面
1815,态度,18,20,很好,20,22,服务,正面
1815,,,,相当的满意,23,28,服务,正面
1816,,,,一般,5,7,整体,中性
1817,,,,挺好的,15,18,整体,正面
1817,,,,有点香,21,24,气味,负面
1817,,,,不适应,27,30,气味,负面
1818,,,,还不错,11,14,整体,正面
1818,,,,不油腻,15,18,使用体验,正面
1818,,,,很滋润,19,22,使用体验,正面
1819,,,,不太好,0,3,整体,负面
1820,补水效果,4,8,不错,8,10,功效,正面
1821,,,,比较贴合,9,13,使用体验,正面
1821,,,,不错,0,2,整体,正面
1822,颜色,0,2,比较好看,2,6,功效,正面
1822,,,,清凉,11,13,使用体验,正面
1822,,,,还可以,17,20,整体,正面
1823,味道,21,23,不好,27,29,气味,负面
1824,,,,很划算,7,10,价格,正面
1824,,,,不错,18,20,整体,正面
1825,外观,0,2,好看,2,4,包装,正面
1825,,,,很滋润,13,16,使用体验,正面
1825,香味,23,25,很好闻,26,29,气味,正面
1826,速度,5,7,佩服,0,2,物流,正面
1827,,,,不错,2,4,整体,正面
1827,,,,很喜欢,5,8,整体,正面
1828,,,,很超值,7,10,价格,正面
1829,收货,0,2,迅速,2,4,物流,正面
1829,,,,很保湿,14,17,功效,正面
1829,,,,不行,34,36,整体,负面
1829,,,,很粘,41,43,使用体验,负面
1830,,,,不是很好用,5,10,整体,负面
1831,价格,0,2,优惠,2,4,价格,正面
1831,,,,挺好,7,9,整体,正面
1831,,,,很喜欢,10,13,整体,正面
1832,遮瑕效果,0,4,超好,4,6,功效,正面
1832,,,,有点干,14,17,使用体验,负面
1833,,,,很划算,8,11,价格,正面
1833,,,,挺好的,4,7,整体,正面
1833,,,,还不错,0,3,整体,正面
1834,大小,0,2,刚好,2,4,尺寸,正面
1834,水份,5,7,足,7,8,成分,正面
1834,,,,白嫩,11,13,使用体验,正面
1835,,,,满意,5,7,整体,正面
1836,,,,好评,19,21,整体,正面
1836,,,,很好用,15,18,整体,正面
1836,,,,很好,3,5,整体,正面
1837,,,,不错,0,2,整体,正面
1838,,,,一直信赖,18,22,整体,正面
1838,,,,很划算的,0,4,价格,正面
1839,,,,正品,15,17,真伪,正面
1839,,,,蛮好用的,6,10,整体,正面
1840,,,,还可以,2,5,整体,正面
1841,,,,好用,7,9,整体,正面
1842,,,,很好用,26,29,整体,正面
1843,赠品,9,11,,,,价格,正面
1843,,,,有点油,15,18,使用体验,正面
1844,,,,很喜欢,0,3,整体,正面
1845,,,,很不错,0,3,整体,正面
1845,保湿效果,12,16,不错,16,18,功效,正面
1845,遮瑕效果,19,23,很好,23,25,功效,正面
1845,,,,不算太贵,27,31,价格,正面
1845,,,,能接受,32,35,价格,正面
1846,,,,挺好的,2,5,整体,正面
1847,,,,不错,0,2,整体,正面
1848,,,,很喜欢,4,7,整体,正面
1848,,,,好,9,10,整体,正面
1848,,,,不错,11,13,整体,正面
1849,,,,还不错,7,10,整体,正面
1849,味道,11,13,一样,17,19,气味,正面
1849,,,,挺好用,24,27,整体,正面
1850,,,,不错,2,4,整体,正面
1850,,,,挺好的,7,10,整体,正面
1851,,,,很滋润,0,3,使用体验,正面
1851,,,,不厚重,4,7,使用体验,正面
1851,,,,好用,8,10,整体,正面
1852,,,,挺好用的,5,9,整体,正面
1853,,,,挺好的,0,3,整体,正面
1854,物流,0,2,很快,2,4,物流,正面
1854,,,,还可以,20,23,整体,正面
1854,,,,满喜欢的,25,29,整体,正面
1855,,,,不错,0,2,整体,正面
1855,,,,挺好用,10,13,整体,正面
1856,,,,假的,6,8,真伪,负面
1856,,,,都是胶,13,16,使用体验,负面
1856,,,,坑人,20,22,整体,负面
1857,,,,非常满意,9,13,整体,正面
1858,,,,一如既往的好,18,24,整体,正面
1858,发货速度,25,29,快,29,30,物流,正面
1858,包装,31,33,仔细,33,35,包装,正面
1858,日期,36,38,新鲜,38,40,新鲜度,正面
1859,,,,不错,0,2,整体,正面
1859,,,,很好,9,11,整体,正面
1860,客服,26,28,没有人理会,28,33,服务,负面
1861,快递,13,15,超快,15,17,物流,正面
1862,物流,13,15,很快,16,18,物流,正面
1862,,,,还不错,9,12,整体,正面
1863,,,,很给力,17,20,整体,正面
1864,,,,东西少了,2,6,其他,负面
1865,补水效果,2,6,明显,6,8,功效,正面
1865,吸收,9,11,迅速,11,13,使用体验,正面
1866,,,,一如既往的好,10,16,整体,正面
1867,外箱,14,16,,,,包装,负面
1868,,,,很亲和,6,9,使用体验,正面
1868,,,,很好用,10,13,整体,正面
1869,,,,挺好,5,7,整体,正面
1870,,,,很气人,19,22,物流,负面
1870,,,,有点坑,9,12,物流,负面
1871,,,,假货,0,2,真伪,负面
1872,,,,还好,11,13,整体,正面
1872,,,,挺薄的,7,10,使用体验,正面
1873,清洁能力,0,4,,,,功效,中性
1873,香味,15,17,喜欢,12,14,气味,正面
1873,,,,细滑,5,7,使用体验,正面
1873,,,,容易冲洗,7,11,使用体验,正面
1874,,,,好用的,0,3,整体,正面
1874,补水效果,4,8,挺好的,8,11,功效,正面
1875,,,,挺好用的,2,6,整体,正面
1875,,,,挺好,38,40,整体,正面
1876,,,,正品,3,5,真伪,正面
1877,,,,温和不刺激,0,5,使用体验,正面
1877,,,,很棒,13,15,整体,正面
1877,价格,29,31,平民价,32,35,价格,正面
1877,,,,很好,36,38,整体,正面
1878,,,,棒棒哒,0,3,整体,正面
1879,,,,不太适合,3,7,整体,负面
1879,,,,不吸收,9,12,使用体验,负面
1880,,,,辣眼睛,23,26,使用体验,负面
1881,,,,不好用,0,3,整体,负面
1881,遮瑕效果,4,8,不好,8,10,功效,负面
1881,,,,比较干,11,14,使用体验,负面
1881,,,,不保湿,15,18,功效,负面
1882,速度,11,13,,,,整体,正面
1883,,,,挺好用的,0,4,整体,正面
1884,,,,很舒服,2,5,使用体验,正面
1884,,,,滑滑的,7,10,使用体验,正面
1885,,,,还可以,0,3,整体,正面
1886,,,,正品,3,5,真伪,正面
1886,价格,8,10,很实惠,10,13,价格,正面
1887,,,,一般般,0,3,整体,中性
1888,活动,0,2,,,,价格,正面
1888,补水效果,5,9,很好,9,11,功效,正面
1888,味道,12,14,好闻,14,16,气味,正面
1889,物流,15,17,非常的快,18,22,物流,正面
1889,,,,不错,2,4,整体,正面
1889,,,,很实在,5,8,整体,正面
1889,,,,非常的好用,9,14,整体,正面
1890,,,,量足,0,2,其他,正面
1890,,,,喜欢,17,19,整体,正面
1891,,,,还不错,2,5,整体,正面
1892,,,,特别特别划算,0,6,价格,正面
1892,,,,便宜,11,13,价格,正面
1892,,,,不长闭合,26,30,使用体验,正面
1892,,,,不油,36,38,使用体验,正面
1893,,,,水润,3,5,使用体验,正面
1894,价,5,6,廉,6,7,价格,正面
1895,,,,不错,2,4,整体,正面
1895,包装,6,8,完整,8,10,包装,正面
1896,包装,5,7,精美,7,9,包装,正面
1896,,,,不错,2,4,整体,正面
1897,,,,不错,0,2,整体,正面
1897,,,,很满意,6,9,整体,正面
1898,,,,油腻腻的,23,27,使用体验,负面
1898,,,,不喜欢,2,5,整体,负面
1899,,,,还行,0,2,整体,正面
1900,,,,还可以,0,3,整体,正面
1901,,,,很香,0,2,气味,正面
1902,,,,不错的,32,35,整体,正面
1903,,,,还可以,0,3,整体,正面
1903,,,,有点油,6,9,使用体验,中性
1904,遮瑕力,0,3,一般,3,5,功效,中性
1904,,,,轻薄,9,11,使用体验,正面
1904,,,,提亮肤色,12,16,功效,正面
1905,,,,不刺激,10,13,使用体验,正面
1905,,,,很好,14,16,整体,正面
1905,,,,清洁,0,2,功效,正面
1905,,,,干净,2,4,功效,正面
1905,价格,5,7,亲民,7,9,价格,正面
1906,活动,0,2,,,,价格,正面
1906,,,,很划算,6,9,价格,正面
1906,,,,很保湿,11,14,功效,正面
1906,,,,补水,14,16,功效,正面
1907,,,,还不错,2,5,整体,正面
1907,,,,很润,7,9,使用体验,正面
1908,送货,0,2,比较快,2,5,物流,正面
1909,,,,太差,0,2,整体,负面
1909,,,,卡粉,3,5,使用体验,负面
1910,,,,还不错,10,13,整体,正面
1910,,,,挺细腻,14,17,使用体验,正面
1911,,,,非常好用,0,4,整体,正面
1912,,,,太干,5,7,使用体验,负面
1912,,,,有点小,14,17,尺寸,中性
1912,上妆效果,23,27,一般,28,30,功效,中性
1912,持久情况,31,35,,,,功效,正面
1913,,,,超级喜欢,0,4,整体,正面
1913,服务,8,10,棒棒哒,10,13,服务,正面
1914,,,,不好用,0,3,整体,负面
1915,,,,还可以,0,3,整体,正面
1916,,,,特别好用,0,4,整体,正面
1916,,,,美美哒,12,15,使用体验,正面
1917,味道,12,14,还不错,14,17,气味,正面
1918,,,,挺好的,7,10,整体,正面
1918,,,,不油腻,13,16,使用体验,正面
1918,,,,清透,11,13,使用体验,正面
1919,礼盒,0,2,很精美,2,5,包装,正面
1919,,,,一点点,19,22,尺寸,负面
1919,赠品,23,25,很丰富,25,28,价格,正面
1920,快递员,0,3,很细心,3,6,物流,正面
1921,,,,不好,0,2,整体,负面
1922,,,,相当不错,4,8,整体,正面
1922,,,,很水润,9,12,使用体验,正面
1922,,,,很舒服,13,16,使用体验,正面
1923,,,,正品,13,15,真伪,正面
1924,,,,还不错,11,14,整体,正面
1925,妆感,0,2,比较厚重,2,6,使用体验,中性
1925,,,,很舒服,9,12,使用体验,正面
1926,,,,很好,0,2,整体,正面
1927,,,,非常不错,7,11,整体,正面
1928,赠品,5,7,,,,价格,正面
1929,,,,很好,10,12,整体,正面
1929,价格,13,15,便宜,15,17,价格,正面
1930,,,,很好,0,2,整体,正面
1931,物流,2,4,真不错,4,7,物流,正面
1931,,,,好评,43,45,整体,正面
1931,,,,细腻,38,40,使用体验,正面
1931,,,,滋润,40,42,使用体验,正面
1932,,,,不错,10,12,整体,正面
1933,,,,还可以,0,3,整体,正面
1933,酒精味,10,13,浓浓的,7,10,气味,负面
1934,,,,不错,0,2,整体,正面
1934,,,,好闻,7,9,气味,正面
1935,,,,挺好用的,0,4,整体,正面
1935,,,,超补水,5,8,功效,正面
1936,快递,10,12,超赞,12,14,物流,正面
1936,,,,超级好用,18,22,整体,正面
1936,,,,很服帖,25,28,使用体验,正面
1936,,,,修饰肤色,29,33,功效,正面
1936,,,,很喜欢,36,39,整体,正面
1936,,,,很赞,34,36,整体,正面
1937,补水效果,5,9,杠杠的,9,12,功效,正面
1938,,,,非常好,0,3,整体,正面
1939,,,,很好,0,2,整体,正面
1939,,,,不会过敏,9,13,使用体验,正面
1939,,,,很舒服,35,38,使用体验,正面
1939,,,,很水润,38,41,使用体验,正面
1939,,,,是正品,3,6,真伪,正面
1940,,,,很好,0,2,整体,正面
1940,,,,很快,3,5,物流,正面
1941,,,,喜欢,2,4,整体,正面
1941,,,,有点点油,9,13,使用体验,负面
1942,,,,很好用,0,3,整体,正面
1942,,,,很自然,9,12,功效,正面
1942,,,,很舒服,13,16,使用体验,正面
1943,包装,0,2,很好,2,4,包装,正面
1943,,,,很合适,15,18,整体,正面
1944,,,,还可以,14,17,整体,正面
1944,,,,大赞,32,34,整体,正面
1944,包装,22,24,,,,包装,正面
1945,活动价格,29,33,没有便宜很多,34,40,价格,负面
1946,,,,很好,8,10,整体,正面
1947,活动,1,3,,,,价格,正面
1947,,,,非常实惠,15,19,价格,正面
1947,保湿效果,22,26,不错,27,29,功效,正面
1948,,,,还可以,2,5,整体,正面
1948,,,,非常喜欢,6,10,整体,正面
1949,,,,很好用,16,19,整体,正面
1950,,,,非常好,0,3,整体,正面
1951,味道,13,15,好,16,17,气味,正面
1951,,,,很衬肤色,8,12,功效,正面
1952,,,,比较满意,7,11,整体,正面
1953,,,,很适合,8,11,整体,正面
1954,,,,还可以,0,3,整体,正面
1954,物流,39,41,挺快,42,44,物流,正面
1955,,,,还行,16,18,整体,正面
1955,保湿,25,27,差一些,29,32,功效,负面
1955,保湿,25,27,有点干,33,36,功效,负面
1955,吸收,46,48,还好,48,50,使用体验,正面
1956,性价比,4,7,高很多,7,10,价格,正面
1956,物流,11,13,很快,13,15,物流,正面
1956,,,,点赞,16,18,整体,正面
1957,,,,还挺多的,2,6,整体,正面
1958,,,,还行吧,0,3,整体,正面
1958,味道,6,8,不是很喜欢,10,15,气味,负面
1959,,,,一如既往的好,0,6,整体,正面
1960,,,,可以,18,20,整体,正面
1961,味道,6,8,不一样,8,11,气味,负面
1961,,,,假的,15,17,真伪,负面
1962,精华液,2,5,很多,0,2,成分,正面
1962,物流速度,19,23,很快,23,25,物流,正面
1962,面膜纸,6,9,薄透,10,12,使用体验,正面
1963,包装,0,2,高档,2,4,包装,正面
1963,,,,好用,5,7,整体,正面
1963,,,,不卡粉,7,10,使用体验,正面
1963,遮瑕效果,11,15,不错,15,17,功效,正面
1964,,,,不错,20,22,整体,正面
1965,价位,14,16,很亲民,16,19,价格,正面
1965,,,,还可以,9,12,整体,正面
1966,物流,0,2,超快,2,4,物流,正面
1966,,,,有点味道,23,27,气味,负面
1966,,,,希望是正品,29,34,真伪,中性
1967,发货,20,22,快,22,23,物流,正面
1968,,,,水水嫩嫩的,5,10,使用体验,正面
1968,,,,很好,0,2,整体,正面
1968,价格,11,13,实惠,14,16,价格,正面
1969,,,,有点胶味,4,8,气味,负面
1969,,,,不好用,0,3,整体,负面
1970,,,,很细腻,2,5,使用体验,正面
1970,,,,自然,5,7,功效,正面
1970,,,,确实很好,8,12,整体,正面
1970,,,,满意,13,15,整体,正面
1971,,,,很好用,11,14,整体,正面
1971,遮瑕力,33,36,一般般,36,39,功效,中性
1971,提亮,42,44,蛮好,51,53,功效,正面
1972,包装,26,28,完好无损,30,34,包装,正面
1973,活动,0,2,,,,价格,正面
1973,,,,很便宜,5,8,价格,正面
1974,,,,很好,2,4,整体,正面
1975,物流,5,7,超级速度,7,11,物流,正面
1976,,,,挺好用,21,24,整体,正面
1976,,,,挺滋润,31,34,使用体验,正面
1976,保湿,28,30,,,,功效,中性
1977,礼品,0,2,很好,2,4,价格,正面
1978,,,,挺好的,6,9,整体,正面
1978,,,,不错,10,12,整体,正面
1979,,,,挺好的,0,3,整体,正面
1979,,,,喜欢,4,6,整体,正面
1979,速度,9,11,很快,11,13,物流,正面
1980,香味,8,10,太重,11,13,气味,负面
1980,,,,一般般,0,3,整体,中性
1981,物流小哥服务,0,6,特别好,6,9,物流,正面
1981,商家,10,12,不错,13,15,服务,正面
1981,,,,五星好评,17,21,整体,正面
1982,,,,还不错,5,8,整体,正面
1983,,,,很温和,3,6,整体,正面
1983,,,,不油腻,25,28,使用体验,正面
1983,,,,很不错,31,34,整体,正面
1983,保湿效果,35,39,很好,39,41,功效,正面
1983,,,,不错,42,44,整体,正面
1984,物流,0,2,很快,2,4,物流,正面
1985,,,,不错,0,2,整体,正面
1985,,,,补水多了,11,15,功效,正面
1986,,,,不错,0,2,整体,正面
1987,,,,蛮好,15,17,整体,正面
1988,,,,便宜,9,11,价格,正面
1988,活动,15,17,很划算,18,21,价格,正面
1989,味道,0,2,很喜欢,2,5,气味,正面
1989,,,,很舒服,10,13,使用体验,正面
1989,,,,不干燥,14,17,使用体验,正面
1989,,,,不蜕皮,18,21,使用体验,正面
1989,,,,很满意,24,27,整体,正面
1990,快递小哥,12,16,非常给力,16,20,物流,正面
1990,,,,非常不错,4,8,整体,正面
1990,快递,25,27,,,,物流,正面
1991,颜色,0,2,偏暗,2,4,功效,负面
1991,持久,5,7,可以,7,9,功效,正面
1992,,,,非常好,0,3,整体,正面
1992,,,,不油腻,14,17,使用体验,正面
1992,,,,清清爽爽的,17,22,使用体验,正面
1993,味道,0,2,好闻,2,4,气味,正面
1993,,,,好少,8,10,其他,负面
1994,速度,0,2,快,2,3,物流,正面
1994,,,,巨好用,8,11,整体,正面
1994,发货,4,6,快,2,3,物流,正面
1994,,,,便宜得多,17,21,价格,正面
1995,速度,32,34,太快了,34,37,物流,正面
1995,客服服务,38,42,很好,43,45,服务,正面
1995,,,,不错,12,14,整体,正面
1996,,,,好用,14,16,整体,中性
1997,清洁皮肤效果,4,10,很好,10,12,功效,正面
1997,,,,很实惠,0,3,价格,正面
1998,,,,很滑,0,2,使用体验,正面
1998,,,,很好用,3,6,整体,正面
1999,,,,挺显白的,0,4,使用体验,正面
1999,,,,很好,7,9,整体,正面
1999,,,,很满意,10,13,整体,正面
1999,物流,14,16,很给力,17,20,物流,正面
2000,,,,还可以,0,3,整体,正面
2001,,,,还不错,2,5,整体,正面
2001,,,,挺实惠的,6,10,价格,正面
2002,颜色,0,2,好,2,3,其他,正面
2002,,,,挺不错的,16,20,整体,正面
2003,,,,真的不错,4,8,整体,正面
2004,卸妆效果,0,4,很一般,4,7,功效,正面
2004,包装,11,13,很简陋,14,17,包装,正面
2005,,,,很不错,0,3,整体,正面
2006,,,,还不错,0,3,整体,正面
2007,,,,太失望了,0,4,整体,负面
2007,,,,坏的,9,11,包装,负面
2008,,,,还好,0,2,整体,正面
2008,售后,14,16,不错,16,18,服务,正面
2008,,,,过敏,9,11,使用体验,负面
2009,,,,特别温和,0,4,使用体验,正面
2009,,,,挺好的,5,8,整体,正面
2010,,,,还可以,5,8,整体,正面
2010,,,,挺干净的,9,13,功效,正面
2010,,,,有点疼,22,25,使用体验,负面
2011,,,,挺好,0,2,整体,正面
2011,,,,划算,3,5,价格,正面
2012,,,,非常好用,8,12,整体,正面
2013,,,,很满意,0,3,整体,正面
2013,,,,很好,8,10,整体,正面
2014,包装,4,6,,,,包装,正面
2015,,,,有点小贵,2,6,价格,负面
2016,,,,正品,22,24,真伪,正面
2016,包装,25,27,很好,28,30,包装,正面
2016,,,,很好用,36,39,整体,正面
2017,,,,巨好用,3,6,整体,正面
2018,效果,11,13,很不错,15,18,功效,正面
2019,香味,6,8,淡淡的,3,6,气味,正面
2019,,,,一点没问题,20,25,使用体验,正面
2019,,,,非常滋润,9,13,使用体验,正面
2019,,,,保湿,13,15,功效,正面
2019,,,,非常满意,26,30,整体,正面
2020,速度,0,2,真快,2,4,物流,正面
2020,,,,很好,14,16,整体,正面
2021,,,,一般般,5,8,整体,中性
2022,快递小哥,12,16,,,,物流,正面
2023,发货速度,0,4,快,4,5,物流,正面
2024,,,,还不错,8,11,整体,正面
2024,,,,比较干,12,15,使用体验,中性
2024,持妆效果,27,31,不错,31,33,功效,正面
2025,,,,挺好用,16,19,整体,正面
2026,,,,非常好用,0,4,整体,正面
2026,,,,很水润,12,15,使用体验,正面
2026,,,,一点刺激感都没有,16,24,使用体验,正面
2026,,,,很舒服,25,28,使用体验,正面
2026,,,,喜欢,29,31,整体,正面
2027,味道,14,16,有点刺鼻,16,20,气味,负面
2028,,,,不错,0,2,整体,正面
2028,,,,很舒服,3,6,使用体验,正面
2029,,,,很好用,0,3,整体,正面
2029,补水,7,9,好,13,14,功效,正面
2029,保湿效果,9,13,好,13,14,功效,正面
2029,精华,15,17,多,17,18,成分,正面
2029,,,,比较服帖,19,23,使用体验,正面
2029,,,,薄薄的,24,27,使用体验,正面
2029,,,,很舒服,28,31,使用体验,正面
2030,,,,很自然,2,5,功效,正面
2030,,,,很均匀,5,8,功效,正面
2030,,,,不干燥,9,12,使用体验,正面
2030,,,,好卸妆,13,16,功效,正面
2031,包装,0,2,挺不错,6,9,包装,正面
2031,味道,21,23,香香的,18,21,气味,正面
2031,,,,还可以,14,17,整体,正面
2032,,,,挺好用的,16,20,整体,正面
2032,,,,很清爽,22,25,使用体验,正面
2032,,,,很好推开,25,29,使用体验,正面
2033,,,,很实惠,0,3,价格,正面
2033,,,,还不错,17,20,整体,正面
2034,,,,好用,0,2,整体,正面
2034,,,,很自然,12,15,功效,正面
2035,味道,14,16,非常喜欢,8,12,气味,正面
2035,保湿效果,17,21,很好,21,23,功效,正面
2035,,,,很喜欢,25,28,整体,正面
2036,活动,8,10,,,,价格,正面
2037,,,,还不错,31,34,整体,正面
2037,,,,有点小贵,37,41,价格,负面
2038,发货,9,11,很快,11,13,物流,正面
2039,,,,超极好,11,14,整体,正面
2039,,,,很适合,15,18,整体,正面
2039,,,,赞赞,23,25,整体,中性
2040,,,,还行,2,4,整体,正面
2040,,,,很保湿,4,7,功效,正面
2041,,,,是正品,2,5,真伪,正面
2041,,,,蛮多的,16,19,其他,正面
2041,快递,26,28,给力,29,31,物流,正面
2041,,,,好评,32,34,整体,正面
2042,物流,17,19,这么快,20,23,物流,正面
2042,,,,非常喜欢,0,4,整体,正面
2042,,,,好的没话说,26,31,整体,正面
2042,,,,赞,33,34,整体,正面
2043,,,,应该还可以,17,22,整体,正面
2043,物流速度,33,37,挺快的,39,42,物流,正面
2044,价格,7,9,不贵,10,12,价格,正面
2044,,,,挺好用,2,5,整体,正面
2045,包装,14,16,新,13,14,包装,正面
2045,,,,挺好用,17,20,整体,正面
2046,包装,11,13,真心不错,13,17,包装,正面
2046,速度,19,21,快,22,23,物流,正面
2047,,,,可以,8,10,整体,正面
2048,,,,非常好,0,3,整体,正面
2048,,,,超级好,15,18,整体,正面
2049,活动,3,5,便宜,5,7,价格,正面
2049,补水,14,16,很好,20,22,功效,正面
2049,保湿效果,16,20,很好,20,22,功效,正面
2049,,,,很满足,23,26,整体,正面
2049,,,,很好用,11,14,整体,正面
2050,,,,很喜欢,0,3,整体,正面
2050,,,,很清爽,10,13,使用体验,正面
2050,,,,物有所值,14,18,整体,正面
2051,,,,听水嫩的,6,10,使用体验,正面
2051,,,,挺不错,13,16,整体,正面
2051,颜色,17,19,自然,20,22,功效,正面
2052,,,,很好用,0,3,整体,正面
2052,活动,29,31,最实惠,36,39,价格,正面
2053,快递小哥,13,17,点赞,17,19,物流,正面
2054,,,,一如既往的好,0,6,整体,正面
2055,,,,不会觉得紧绷,3,9,使用体验,正面
2055,,,,非常温和,9,13,使用体验,正面
2055,,,,便宜又实惠,22,27,价格,正面
2056,,,,很水润,2,5,使用体验,正面
2057,,,,特别的好用,0,5,整体,正面
2058,,,,还不错,9,12,整体,正面
2059,,,,不错,2,4,整体,正面
2059,价格,5,7,合适,7,9,价格,正面
2059,物流,10,12,给力,12,14,物流,正面
2060,保湿,20,22,很好,26,28,功效,正面
2060,美白效果,22,26,很好,26,28,功效,正面
2060,,,,不过敏,32,35,使用体验,正面
2060,,,,五星好评,43,47,整体,正面
2061,,,,不错,6,8,整体,正面
2061,,,,还可以,17,20,整体,正面
2062,物流,7,9,很快,9,11,物流,正面
2062,,,,可以,4,6,整体,正面
2063,,,,不错,2,4,整体,正面
2064,物流,8,10,超快,10,12,物流,正面
2064,,,,很好,15,17,整体,正面
2065,,,,修正肤色,0,4,功效,正面
2065,,,,物美价廉,14,18,价格,正面
2065,,,,非常好,5,8,整体,正面
2066,,,,不错,0,2,整体,正面
2066,,,,很舒服,5,8,使用体验,正面
2066,,,,不紧绷,9,12,使用体验,正面
2066,,,,滑滑的,13,16,使用体验,正面
2067,,,,一如既往的好,0,6,整体,正面
2068,,,,很不错,14,17,整体,正面
2068,,,,很喜欢,25,28,整体,正面
2069,,,,滑滑的,5,8,使用体验,正面
2070,保湿,8,10,不好,10,12,功效,负面
2070,包装,13,15,不好,10,12,包装,负面
2070,,,,差评,19,21,整体,负面
2070,,,,不好用,4,7,整体,负面
2071,,,,很划算,0,3,价格,正面
2072,,,,有些黏腻,12,16,使用体验,负面
2072,,,,还可以,28,31,整体,正面
2073,,,,挺麻烦的,6,10,服务,负面
2074,,,,还可以,3,6,整体,正面
2074,快递,8,10,超快,10,12,物流,正面
2075,,,,很好用,13,16,整体,正面
2076,,,,很好,17,19,整体,正面
2077,补水效果,37,41,,,,整体,中性
2077,,,,挺便宜,30,33,价格,正面
2078,精华液,23,26,很好,26,28,成分,正面
2078,,,,一般,31,33,整体,中性
2079,补水效果,18,22,特别好,22,25,功效,正面
2080,,,,真品,14,16,真伪,正面
2080,味道,19,21,没错,22,24,气味,正面
2080,,,,很便宜,28,31,价格,正面
2081,发货,0,2,很快,2,4,物流,正面
2082,,,,很好用,21,24,整体,正面
2083,,,,不错,11,13,整体,正面
2084,,,,非常好,0,3,整体,正面
2085,价格,2,4,合适,4,6,价格,正面
2085,,,,不错,9,11,整体,正面
2085,,,,好用,11,13,整体,正面
2086,,,,不错,0,2,整体,正面
2086,,,,很好用,3,6,整体,正面
2086,客服,7,9,很细心,10,13,服务,正面
2086,态度,14,16,非常好,17,20,服务,正面
2087,,,,不错,9,11,整体,正面
2088,发货,10,12,神速,12,14,物流,正面
2088,,,,上乘,17,19,整体,正面
2089,,,,太快了,0,3,物流,正面
2090,防晒,26,28,还算可以,33,37,功效,正面
2090,味道,18,20,不是很好,21,25,气味,负面
2091,,,,一如既往的好,0,6,整体,正面
2092,赠品,18,20,好多,16,18,价格,正面
2092,,,,棒棒哒,10,13,整体,正面
2092,,,,优秀,21,23,整体,正面
2093,赠品,20,22,,,,价格,负面
2094,速度,0,2,值得点赞,2,6,物流,正面
2094,,,,五星好评,11,15,整体,正面
2095,,,,非常好,0,3,整体,正面
2095,,,,是正品,4,7,真伪,正面
2095,,,,很自然,18,21,功效,正面
2095,,,,显肤色,21,24,功效,正面
2096,,,,好用,3,5,整体,正面
2096,,,,比较有气色,9,14,使用体验,正面
2097,泡沫,19,21,丰富,21,23,使用体验,正面
2097,,,,很好用,15,18,整体,正面
2097,泡沫,19,21,细腻,24,26,使用体验,正面
2098,,,,一如既往的好,0,6,整体,正面
2099,,,,挺满意的,0,4,整体,正面
2099,赠品,5,7,不少,7,9,价格,正面
2100,,,,挺好的,0,3,整体,正面
2100,,,,便宜,4,6,价格,正面
2100,,,,实惠,6,8,价格,正面
2100,,,,不错,26,28,整体,正面
2100,活动,14,16,,,,价格,正面
2101,,,,不会差,14,17,整体,正面
2101,,,,还不错,4,7,整体,正面
2102,,,,还不错,2,5,整体,正面
2102,包装,8,10,有点简陋,10,14,包装,负面
2103,,,,是真品,15,18,真伪,正面
2104,,,,很不错,0,3,整体,正面
2105,美白,15,17,,,,功效,正面
2105,,,,滋润,12,14,使用体验,正面
2106,隔离效果,0,4,很好,4,6,功效,正面
2107,快递小哥,12,16,辛苦了,16,19,物流,正面
2107,,,,便宜,2,4,价格,正面
2108,,,,价廉物美,0,4,价格,正面
2108,,,,不错,5,7,整体,正面
2109,,,,很喜欢用,11,15,整体,正面
2110,,,,不错,0,2,整体,正面
2110,,,,很喜欢,6,9,整体,正面
2111,,,,有一点点痒,7,12,使用体验,负面
2112,,,,蛮好的,4,7,整体,正面
2113,味道,10,12,太大了,12,15,气味,负面
2113,,,,不服帖,25,28,功效,负面
2113,,,,感觉不高,29,33,整体,负面
2114,,,,实惠,10,12,价格,正面
2114,,,,好用,12,14,整体,正面
2115,价格,17,19,很便宜,20,23,价格,正面
2115,,,,很好用,0,3,整体,正面
2116,物流,8,10,很给力,10,13,物流,正面
2116,快递小哥,14,18,很给力,10,13,物流,正面
2116,,,,不错,31,33,整体,正面
2117,味道,6,8,淡淡的,8,11,气味,正面
2117,外观,12,14,很喜欢,14,17,包装,正面
2117,,,,不错,3,5,整体,正面
2118,,,,好评,10,12,整体,正面
2118,,,,挺好的,0,3,整体,正面
2118,,,,挺便宜的,5,9,价格,正面
2119,活动,12,14,,,,价格,正面
2119,,,,物美价廉,27,31,价格,正面
2120,,,,不浮粉,13,16,使用体验,正面
2120,,,,很服帖,17,20,使用体验,正面
2121,,,,很好,0,2,整体,正面
2122,,,,还不错,0,3,整体,正面
2122,味道,10,12,香,12,13,气味,正面
2122,味道,10,12,不刺鼻,15,18,气味,正面
2122,,,,有点儿掉妆,21,26,使用体验,负面
2123,活动,17,19,,,,价格,正面
2123,,,,好好用,0,3,整体,正面
2124,,,,还可以,3,6,整体,正面
2125,,,,还不错,9,12,整体,正面
2125,,,,很补水,14,17,功效,正面
2126,,,,显白,26,28,使用体验,正面
2126,,,,挺好用的,0,4,整体,正面
2127,,,,有一点点白,17,22,功效,中性
2127,成膜速度,23,27,非常快,27,30,功效,正面
2127,,,,不油腻,33,36,使用体验,正面
2127,,,,很清爽,37,40,使用体验,正面
2127,,,,很喜欢,40,43,整体,正面
2128,香味,3,5,淡淡的,0,3,气味,正面
2128,,,,水润,6,8,使用体验,正面
2128,,,,不干燥,8,11,使用体验,正面
2129,,,,挺好的,10,13,整体,正面
2130,,,,效果明显,0,4,整体,正面
2130,,,,没有过敏反应,14,20,使用体验,正面
2130,,,,很赞,21,23,整体,正面
2131,,,,很好,12,14,整体,正面
2131,,,,很好用,38,41,整体,正面
2132,,,,量也多,6,9,其他,正面
2132,,,,便宜,0,2,价格,正面
2132,,,,好用,3,5,整体,正面
2133,活动,15,17,,,,价格,正面
2133,快递,33,35,好,35,36,物流,正面
2133,服务,37,39,好,35,36,服务,正面
2134,活动,0,2,很实惠,4,7,价格,正面
2134,,,,不错,8,10,整体,正面
2134,,,,很方便,11,14,整体,正面
2135,,,,很喜欢,0,3,整体,正面
2135,,,,很好用,11,14,整体,正面
2136,按压设计,0,4,很有新意,4,8,使用体验,正面
2136,按压设计,0,4,很方便,8,11,使用体验,正面
2137,,,,很好,5,7,整体,正面
2138,,,,划算,34,36,价格,正面
2139,快递小哥,2,6,给力,11,13,物流,正面
2140,,,,不错,0,2,整体,正面
2141,,,,很好吸收,0,4,使用体验,正面
2141,,,,真心不错,7,11,整体,正面
2141,价格,12,14,便宜,14,16,价格,正面
2141,,,,正品,17,19,真伪,正面
2142,,,,很好用,0,3,整体,正面
2142,,,,很满意,4,7,整体,正面
2143,活动,6,8,,,,价格,正面
2143,,,,好用,0,2,整体,正面
2143,,,,不贵,2,4,价格,正面
2144,活动价格,0,4,优惠,11,13,价格,正面
2144,,,,挺好用的,20,24,整体,正面
2145,,,,一般般,0,3,整体,中性
2145,,,,很干,10,12,使用体验,负面
2146,活动,3,5,,,,价格,正面
2146,价格,11,13,很便宜,13,16,价格,正面
2146,,,,挺滋润的,32,36,使用体验,正面
2146,,,,不干燥,37,40,使用体验,正面
2147,,,,真的,3,5,真伪,正面
2148,,,,滑滑的,19,22,使用体验,负面
2148,,,,没洗干净,29,33,使用体验,负面
2149,包装,6,8,太差了,8,11,包装,负面
2150,,,,好差,4,6,整体,负面
2150,,,,过敏了,13,16,使用体验,负面
2151,,,,还行,11,13,整体,正面
2151,味道,15,17,一般,17,19,气味,中性
2152,活动,30,32,,,,价格,正面
2152,,,,不错,25,27,整体,正面
2153,,,,非常不错,0,4,整体,正面
2153,,,,超级喜欢,5,9,整体,正面
2153,,,,还行,12,14,整体,正面
2154,,,,很好,5,7,整体,正面
2155,,,,好小,0,2,尺寸,负面
2156,,,,是正品,15,18,真伪,正面
2156,,,,非常的香,10,14,气味,正面
2157,精华,6,8,很多,8,10,成分,正面
2157,,,,特别好用,2,6,整体,正面
2158,,,,不错的,12,15,整体,正面
2159,,,,不错,10,12,整体,正面
2160,,,,很合适,5,8,整体,正面
2160,,,,非常不错,8,12,整体,正面
2160,,,,很清爽,21,24,使用体验,正面
2160,,,,棒棒哒,30,33,整体,正面
2161,,,,挺好用的,0,4,整体,正面
2161,,,,很划算,13,16,价格,正面
2162,,,,挺不错的,10,14,整体,正面
2162,,,,还可以,0,3,整体,正面
2163,补水效果,2,6,真不错,6,9,功效,正面
2163,,,,水灵灵,30,33,使用体验,正面
2164,,,,水水的,18,21,使用体验,正面
2164,,,,嫩嫩的,21,24,使用体验,正面
2165,,,,很好,0,2,整体,正面
2165,,,,非常满意,8,12,整体,正面
2165,,,,细腻,13,15,使用体验,正面
2165,,,,润泽,16,18,使用体验,正面
2165,,,,喜欢,18,20,整体,正面
2166,,,,挺划算的,4,8,价格,正面
2167,,,,还不错,16,19,整体,正面
2168,,,,没有免邮券,0,5,价格,负面
2169,,,,不错,2,4,整体,正面
2169,,,,喜欢,7,9,整体,正面
2169,,,,实惠,17,19,价格,正面
2170,优惠力度,11,15,大,15,16,价格,正面
2170,包装,17,19,好看,19,21,包装,正面
2171,,,,烂东西,0,3,整体,负面
2171,,,,抹不开,4,7,使用体验,负面
2172,,,,还可以,0,3,整体,正面
2173,,,,好,17,18,整体,正面
2174,,,,滋润,2,4,使用体验,正面
2174,,,,服帖,0,2,使用体验,正面
2174,,,,蛮好的,5,8,整体,正面
2175,,,,喜欢,12,14,整体,正面
2175,,,,还不错的,0,4,整体,正面
2176,物流,13,15,很快,15,17,物流,正面
2176,,,,非常好,0,3,整体,正面
2176,,,,很不错,9,12,整体,正面
2177,,,,还好,0,2,整体,正面
2177,,,,比较温和,6,10,使用体验,正面
2178,赠品,12,14,,,,价格,正面
2178,,,,很划算,17,20,价格,正面
2179,,,,太小,0,2,尺寸,负面
2179,礼物,25,27,很好,27,29,价格,正面
2180,,,,真的好用,23,27,整体,正面
2181,,,,物超所值,12,16,整体,正面
2181,,,,白的很自然,17,22,功效,正面
2181,,,,很水润,23,26,使用体验,正面
2181,,,,好用,35,37,整体,正面
2182,,,,还行,0,2,整体,正面
2183,物流,0,2,很快,2,4,物流,正面
2184,,,,快,13,14,物流,正面
2184,,,,好,15,16,物流,正面
2184,,,,非常满意,17,21,整体,正面
2185,包装,5,7,还不错,7,10,包装,正面
2186,补水效果,13,17,很好,17,19,功效,正面
2187,活动,1,3,,,,价格,正面
2187,,,,不错,10,12,整体,正面
2188,,,,好评,7,9,整体,正面
2188,,,,不错,4,6,整体,正面
2189,,,,挺好的,0,3,整体,正面
2190,,,,不错,20,22,整体,正面
2190,,,,很好用,0,3,整体,正面
2190,,,,不干,7,9,使用体验,正面
2190,,,,提亮偏黄的肤色,10,17,功效,正面
2191,包装,5,7,很紧密,7,10,包装,正面
2191,清洁能力,11,15,好,20,21,功效,正面
2191,味道,22,24,很香,24,26,气味,正面
2192,包装,19,21,精美,21,23,包装,正面
2192,,,,真的很好,43,47,整体,正面
2192,,,,非常好,0,3,整体,正面
2193,保湿效果,0,4,很好,4,6,功效,正面
2193,,,,不油腻,8,11,使用体验,正面
2193,,,,非常喜欢,12,16,整体,正面
2194,,,,可遮瑕,16,19,功效,正面
2195,,,,很好,2,4,整体,正面
2195,,,,很喜欢,6,9,整体,正面
2196,包装,3,5,漂亮,0,2,包装,正面
2196,,,,很保湿,18,21,功效,正面
2196,,,,很修复,24,27,功效,正面
2197,卸妆效果,14,18,不好,18,20,功效,负面
2197,,,,滑滑的,10,13,使用体验,负面
2198,,,,降价,5,7,价格,负面
2199,,,,轻薄,16,18,使用体验,正面
2199,,,,好推开,20,23,使用体验,正面
2199,,,,非常满意,24,28,整体,正面
2200,,,,好用,0,2,整体,正面
2201,,,,很好,2,4,整体,正面
2201,颜色,23,25,偏深,25,27,包装,负面
2201,,,,不错,43,45,整体,正面
2202,,,,满意,6,8,整体,正面
2203,包装,10,12,很好,12,14,包装,正面
2204,,,,挺实惠的,0,4,价格,正面
2204,,,,不错,8,10,整体,正面
2205,,,,超好用,0,3,整体,正面
2205,,,,不卡粉,4,7,使用体验,正面
2206,,,,还好,2,4,整体,正面
2206,,,,有点麻烦,10,14,使用体验,负面
2206,瓶子塑料,15,19,比较硬,19,22,包装,负面
2207,,,,好用,5,7,整体,正面
2207,,,,便宜,18,20,价格,正面
2208,,,,挺不错的,5,9,整体,正面
2208,,,,温和,10,12,使用体验,正面
2208,,,,不刺激,12,15,使用体验,正面
2209,活动,8,10,,,,价格,正面
2209,水分,25,27,很多,27,29,成分,正面
2209,,,,还可以,0,3,整体,中性
2209,,,,很便宜,17,20,价格,正面
2209,,,,很划算,21,24,价格,正面
2210,包装,11,13,完好,13,15,包装,正面
2210,时间,15,17,快,18,19,物流,正面
2211,客服,22,24,热心,24,26,服务,正面
2211,,,,经济,9,11,价格,正面
2211,,,,实惠,12,14,价格,正面
2211,快递,29,31,神速,31,33,物流,正面
2211,,,,超满意,5,8,整体,正面
2211,,,,赞,34,35,整体,正面
2212,,,,特别好用,2,6,整体,正面
2212,,,,很去油,7,10,使用体验,正面
2212,,,,很香,13,15,气味,正面
2212,,,,特别实惠,33,37,价格,正面
2212,,,,很滑,23,25,使用体验,正面
2213,,,,满意,0,2,整体,正面
2214,,,,很服帖,0,3,使用体验,正面
2214,,,,很舒服,7,10,使用体验,正面
2215,,,,挺好的,12,15,整体,正面
2216,,,,赞一个,36,39,整体,正面
2217,物流,0,2,非常快,2,5,物流,正面
2217,,,,非常补水,12,16,功效,正面
2217,,,,非常好,8,11,整体,正面
2217,,,,很喜欢,19,22,整体,正面
2218,,,,挺好的,0,3,整体,正面
2219,,,,太快了,0,3,物流,正面
2219,,,,有点干,29,32,使用体验,负面
2220,,,,没用,6,8,整体,负面
2221,,,,还可以,11,14,整体,正面
2222,,,,好评,6,8,整体,正面
2223,,,,是假货,6,9,真伪,负面
2223,,,,刺激,20,22,使用体验,负面
2224,,,,很好,0,2,整体,正面
2224,,,,非常喜欢,6,10,整体,正面
2224,物流,11,13,快,14,15,物流,正面
2224,服务,16,18,很好,0,2,服务,正面
2224,,,,赞一下,21,24,整体,正面
2225,,,,挺好用的,5,9,整体,正面
2225,,,,喜欢,10,12,整体,正面
2226,,,,是正品,5,8,真伪,正面
2226,,,,非常好,26,29,整体,正面
2226,,,,太划算了,33,37,价格,正面
2227,活动,36,38,,,,价格,正面
2227,,,,好用爆了,28,32,整体,正面
2228,,,,非常开心,7,11,整体,正面
2229,快递师傅,20,24,,,,物流,正面
2229,,,,还可以,6,9,整体,正面
2230,,,,很好用,6,9,整体,正面
2231,,,,挺好用的,3,7,整体,正面
2231,,,,还可以,0,3,整体,正面
2232,,,,不怎么样,0,4,整体,负面
2232,,,,不怎么起泡沫,5,11,使用体验,负面
2233,,,,非常好,7,10,整体,正面
2233,客服,11,13,很好,14,16,服务,正面
2234,服务态度员,0,5,太差劲,5,8,服务,负面
2235,,,,还好,30,32,整体,正面
2236,,,,很好用,5,8,整体,正面
2237,,,,不错,2,4,整体,正面
2238,,,,非常喜欢,6,10,整体,正面
2239,,,,超喜欢的,0,4,整体,正面
2240,,,,挺好,10,12,整体,正面
2241,补水效果,9,13,不错,13,15,功效,正面
2241,,,,是正品,16,19,真伪,正面
2242,,,,不油腻,16,19,使用体验,正面
2243,物流,4,6,很快的,8,11,物流,正面
2244,,,,挺干净,6,9,功效,正面
2244,,,,挺保湿,10,13,功效,正面
2244,,,,不干燥,13,16,使用体验,正面
2245,,,,还行,4,6,整体,正面
2246,,,,还不错,9,12,整体,正面
2247,,,,是正品,2,5,真伪,正面
2247,物流,6,8,很快,8,10,物流,正面
2247,,,,方便,12,14,其他,正面
2248,保湿效果,0,4,还好吧,4,7,功效,正面
2248,,,,还喜欢,8,11,整体,正面
2249,,,,不错,10,12,整体,正面
2249,,,,价廉物美,13,17,价格,正面
2250,,,,很好用,0,3,整体,正面
2250,,,,不卡粉,26,29,使用体验,正面
2251,赠品,15,17,,,,价格,正面
2251,,,,很好用,8,11,整体,正面
2252,,,,不错,0,2,整体,正面
2253,,,,很好,0,2,整体,正面
2254,底色,4,6,很好,6,8,功效,正面
2254,,,,挺好的,0,3,整体,正面
2254,,,,很方便的,14,18,其他,正面
2255,价钱,6,8,要低得多,11,15,价格,正面
2255,补水效果,20,24,还是不错的,24,29,功效,正面
2255,,,,正品,17,19,真伪,正面
2256,,,,挺好的,0,3,整体,正面
2256,,,,补水,10,12,功效,正面
2257,,,,还行,0,2,整体,中性
2257,,,,有点干,10,13,使用体验,负面
2258,,,,物美价廉,0,4,价格,正面
2258,,,,好用,10,12,整体,正面
2258,,,,不贵,12,14,价格,正面
2259,,,,好,0,1,整体,正面
2260,,,,满意,0,2,整体,正面
2261,发货,0,2,快,2,3,物流,正面
2261,物流,4,6,给力,6,8,物流,正面
2262,补水效果,1,5,很好,5,7,功效,正面
2262,,,,很服帖,19,22,使用体验,正面
2263,,,,有点失望,14,18,整体,负面
2263,,,,有点卡粉,0,4,使用体验,负面
2264,,,,非常好,6,9,整体,正面
2265,,,,是真品,15,18,真伪,正面
2265,,,,挺好用的,10,14,整体,正面
2266,,,,不错,0,2,整体,正面
2266,,,,挺好的,4,7,整体,正面
2267,补水,11,13,很强,16,18,功效,正面
2267,渗透性,13,16,很强,16,18,功效,正面
2267,,,,很好用,7,10,整体,正面
2268,泡沫,13,15,挺多的,15,18,使用体验,正面
2268,味道,18,20,有点香,20,23,气味,正面
2269,,,,超好用,0,3,整体,正面
2270,,,,挺便宜的,4,8,价格,正面
2271,,,,非常满意,9,13,整体,正面
2271,,,,通透,14,16,使用体验,正面
2271,,,,美白,18,20,功效,正面
2271,,,,不过敏,21,24,使用体验,正面
2271,,,,光洁,16,18,使用体验,正面
2272,快递,10,12,很快,13,15,物流,正面
2272,,,,很实惠,0,3,价格,正面
2272,,,,不错,7,9,整体,正面
2273,,,,不油腻,6,9,使用体验,正面
2273,,,,清爽,4,6,使用体验,正面
2273,,,,特别好用,0,4,整体,正面
2274,价格,0,2,挺实惠的,2,6,价格,正面
2274,物流速度,28,32,很快,32,34,物流,正面
2274,,,,很舒服,10,13,使用体验,正面
2275,,,,特别好,2,5,整体,正面
2275,,,,特别喜欢,7,11,整体,正面
2276,快递,0,2,挺快的,2,5,物流,正面
2276,,,,好评,18,20,整体,正面
2277,物流,3,5,超级快,7,10,物流,正面
2277,赠品,17,19,不错,20,22,价格,正面
2278,味道,0,2,不错,2,4,气味,正面
2278,,,,不紧绷,5,8,使用体验,正面
2279,,,,不错,8,10,整体,正面
2279,,,,很贴合肤色,0,5,使用体验,正面
2280,,,,是正品,0,3,真伪,正面
2280,,,,不错,4,6,整体,正面
2281,,,,挺好用的,0,4,整体,正面
2281,,,,不错,20,22,整体,正面
2281,,,,挺温和的,15,19,使用体验,正面
2282,,,,很不错,0,3,整体,正面
2283,,,,不错,25,27,整体,正面
2283,,,,物美价廉,3,7,价格,正面
2283,补水效果,21,25,不错,25,27,功效,正面
2283,,,,吸收,38,40,使用体验,正面
2284,,,,不错,2,4,整体,正面
2284,厚度,5,7,适中,7,9,尺寸,正面
2284,大小,10,12,合适,12,14,尺寸,正面
2284,,,,五星好评,25,29,整体,正面
2284,,,,物美价廉,15,19,价格,正面
2285,,,,垃圾,0,2,整体,负面
2285,,,,最差,8,10,整体,负面
2285,,,,浪费钱,14,17,整体,负面
2285,,,,浮粉,21,23,使用体验,负面
2285,,,,难推开,25,28,使用体验,负面
2285,,,,卡,19,20,使用体验,负面
2286,,,,很好用,0,3,整体,正面
2287,,,,还可以,2,5,整体,正面
2287,快递的包装,8,13,中空的,17,20,物流,负面
2288,设计,4,6,喜欢,0,2,其他,正面
2289,,,,非常好,0,3,整体,正面
2289,,,,很喜欢,4,7,整体,正面
2290,包装,12,14,挺好的,14,17,包装,正面
2291,送货,2,4,很快,4,6,物流,正面
2291,包装,17,19,很到位,19,22,包装,正面
2291,,,,不错的,23,26,整体,正面
2292,,,,物美价廉,3,7,价格,正面
2292,,,,白的自然,21,25,功效,正面
2292,,,,不错,25,27,整体,正面
2293,,,,挺好,13,15,整体,正面
2294,,,,很不错,0,3,整体,正面
2295,,,,很可以,8,11,整体,正面
2295,,,,很好,14,16,整体,正面
2296,快递,5,7,很快,7,9,物流,正面
2296,,,,挺好用,0,3,使用体验,正面
2297,价格,8,10,实惠,10,12,价格,正面
2297,补水效果,27,31,不错,31,33,功效,正面
2297,精华,34,36,很多,37,39,成分,正面
2297,味道,40,42,淡淡的,42,45,气味,正面
2297,,,,挺好用的,22,26,整体,正面
2298,,,,挺好用的,8,12,整体,正面
2299,,,,黏黏糊糊,0,4,使用体验,负面
2299,,,,不吸收,4,7,使用体验,负面
2300,,,,应该不错,5,9,整体,正面
2300,日期,15,17,不太好,17,20,新鲜度,负面
2301,,,,挺好的,0,3,整体,正面
2301,,,,很满意,32,35,整体,正面
2302,,,,不错,0,2,整体,正面
2303,,,,还可以,0,3,整体,正面
2304,,,,好很多,10,13,整体,正面
2305,,,,不错,2,4,整体,正面
2305,,,,挺水润的,5,9,使用体验,正面
2305,,,,大爱呀,10,13,整体,正面
2306,速度,4,6,很快,6,8,物流,正面
2306,,,,不错,0,2,整体,正面
2307,,,,是正品,0,3,真伪,正面
2308,,,,好,7,8,整体,正面
2309,,,,还不错,12,15,整体,正面
2310,,,,冰冰凉凉,16,20,使用体验,正面
2310,,,,水水润润,21,25,使用体验,正面
2310,,,,很舒服,25,28,使用体验,正面
2311,,,,好评,9,11,整体,正面
2311,,,,不错,6,8,整体,正面
2312,物流,11,13,出奇的快,13,17,物流,正面
2312,,,,还不错,27,30,整体,正面
2313,,,,真不错,15,18,整体,正面
2314,清洁力,10,13,不错,14,16,功效,正面
2314,,,,好评,17,19,整体,正面
2314,,,,温和,4,6,使用体验,正面
2314,,,,不刺激,6,9,使用体验,正面
2314,,,,很好用,0,3,整体,正面
2315,,,,很不错,10,13,整体,中性
2315,赠品,18,20,好多,16,18,价格,正面
2316,活动,1,3,很划算,8,11,价格,正面
2317,,,,还可以,11,14,整体,正面
2318,赠品,5,7,靠谱,0,2,价格,正面
2318,赠品,5,7,实在,2,4,价格,正面
2319,,,,超级好,0,3,整体,正面
2320,清洁能力,0,4,还好,10,12,功效,正面
2320,,,,一点点红,15,19,使用体验,负面
2321,,,,不错,2,4,整体,正面
2321,,,,喜欢,7,9,整体,正面
2322,,,,很清爽,7,10,使用体验,正面
2322,,,,不油,10,12,使用体验,正面
2323,,,,挺好的,0,3,整体,正面
2323,,,,不错,5,7,其他,正面
2323,,,,像正品,10,13,真伪,正面
2324,,,,不错,18,20,整体,正面
2325,补水效果,13,17,好,17,18,功效,正面
2325,,,,很好用,9,12,整体,正面
2326,遮瑕,0,2,不是太好,2,6,功效,负面
2327,,,,是正品,14,17,真伪,正面
2327,,,,不错,12,14,整体,正面
2328,,,,很好,0,2,整体,正面
2328,,,,很喜欢,2,5,整体,正面
2329,,,,遮黄气暗沉,3,8,功效,正面
2329,,,,不油腻,10,13,使用体验,正面
2329,,,,挺好的,26,29,整体,正面
2330,物流,12,14,很快,15,17,物流,正面
2331,,,,小小的,4,7,尺寸,中性
2332,,,,正品,15,17,真伪,正面
2332,,,,温和性的,20,24,使用体验,正面
2333,物流,0,2,很快,2,4,物流,正面
2333,,,,不知道是不是正品,21,29,真伪,中性
2333,,,,黏黏的,18,21,使用体验,负面
2334,,,,还行,6,8,整体,正面
2335,,,,挺好用的,0,4,整体,正面
2335,,,,经济,5,7,价格,正面
2335,,,,实惠,7,9,价格,正面
2336,,,,很好,0,2,整体,正面
2336,,,,很自然,2,5,功效,正面
2336,,,,很香,6,8,气味,正面
2336,,,,好划算,14,17,价格,正面
2337,,,,不错,13,15,整体,正面
2337,,,,挺水润的,25,29,使用体验,正面
2337,物流,30,32,杠杠的,32,35,物流,正面
2337,,,,喜欢,36,38,整体,正面
2338,,,,喜欢,0,2,整体,正面
2339,,,,太裸妆了,2,6,使用体验,负面
2340,,,,很喜欢,7,10,整体,正面
2341,快递,2,4,蛮快的,5,8,物流,正面
2341,包装,11,13,太简便,13,16,包装,负面
2342,,,,很好用,12,15,整体,正面
2343,送货,15,17,快,17,18,物流,正面
2343,服务态度,18,22,好,22,23,物流,正面
2343,,,,还不错,2,5,整体,正面
2344,美白,3,5,很好,9,11,功效,正面
2344,隔离效果,5,9,很好,9,11,功效,正面
2344,,,,好用,0,2,整体,正面
2345,,,,不错,12,14,整体,正面
2346,,,,很好,7,9,整体,正面
2346,,,,很实惠,10,13,价格,正面
2346,配送服务态度,14,20,很好,7,9,物流,正面
2347,,,,非常满意,0,4,整体,正面
2347,异味,7,9,没有,5,7,气味,正面
2347,瓶口,10,12,方便,12,14,包装,正面
2347,,,,无异常不适,17,22,使用体验,正面
2348,价钱,2,4,超级值得,6,10,价格,正面
2348,赠品,11,13,好有分量,13,17,价格,正面
2348,,,,很好用,18,21,整体,正面
2348,,,,易吸收,22,25,使用体验,正面
2349,隔离效果,9,13,好,13,14,功效,正面
2349,价格,17,19,非常公道,19,23,价格,正面
2350,保湿效果,10,14,特别好,14,17,功效,正面
2350,补水,8,10,特别好,14,17,功效,正面
2351,,,,非常好,11,14,整体,正面
2352,,,,不错,4,6,整体,正面
2352,价格,7,9,实惠,9,11,价格,正面
2353,,,,不错,0,2,整体,正面
2353,,,,挺喜欢,4,7,整体,正面
2354,清洁能力,0,4,蛮好的,19,22,功效,正面
2355,物流,2,4,没话说,6,9,物流,正面
2355,,,,太好了,10,13,整体,正面
2356,,,,不错,0,2,整体,正面
2357,包装,1,3,完美,3,5,包装,正面
2357,,,,分量足,11,14,其他,正面
2357,卸妆水,15,18,很少,20,22,其他,负面
2358,上妆效果,0,4,比较厚重,10,14,功效,中性
2358,持久情况,15,19,很好,20,22,功效,正面
2359,,,,物美价廉,6,10,价格,正面
2359,,,,喜欢,3,5,整体,正面
2359,,,,好用,0,2,整体,正面
2360,,,,还不错,10,13,整体,正面
2361,粉质,0,2,不是很好,2,6,使用体验,负面
2362,,,,物美价廉,0,4,价格,正面
2362,快递,5,7,给力,7,9,物流,正面
2362,味道,10,12,淡淡的清香,12,17,气味,正面
2362,,,,挺好用的,18,22,整体,正面
2362,,,,细腻,25,27,使用体验,正面
2362,,,,不紧绷,28,31,使用体验,正面
2363,香味,7,9,,,,气味,正面
2363,,,,是正品,17,20,真伪,正面
2364,,,,挺好用的,1,5,整体,正面
2364,,,,非常好用,10,14,整体,正面
2365,补水效果,17,21,还可以,21,24,功效,正面
2366,发货速度,0,4,快,4,5,物流,正面
2366,,,,满意,11,13,整体,正面
2366,,,,是正品,7,10,真伪,正面
2367,,,,不错,3,5,整体,正面
2367,,,,很细腻,6,9,使用体验,正面
2367,,,,很棒,16,18,整体,正面
2367,价格,19,21,便宜,21,23,价格,正面
2367,,,,物美价廉,24,28,价格,正面
2367,,,,好用,29,31,整体,正面
2367,,,,好评,32,34,整体,正面
2368,价格,0,2,便宜,2,4,价格,正面
2368,活动,4,6,给力,6,8,价格,正面
2368,,,,不错,17,19,整体,正面
2369,,,,好用,3,5,整体,正面
2369,,,,不刺激,6,9,使用体验,正面
2369,,,,非常满意,10,14,整体,正面
2370,水,7,8,比较多,8,11,成分,正面
2370,,,,光光的,16,19,使用体验,正面
2371,活动,0,2,很合适,4,7,价格,正面
2371,店家服务,14,18,很好,19,21,服务,正面
2371,,,,很不错,10,13,整体,正面
2372,包装盒,0,3,很好看,3,6,包装,正面
2372,粉质,15,17,细腻,19,21,使用体验,正面
2372,,,,略带香味,22,26,气味,正面
2372,,,,很舒服,29,32,使用体验,正面
2373,,,,爽,12,13,整体,正面
2374,,,,不油腻,11,14,使用体验,正面
2374,美白效果,17,21,,,,功效,中性
2375,物流,10,12,没得说,12,15,物流,正面
2376,,,,挺好的,0,3,整体,正面
2376,,,,厚重,20,22,使用体验,中性
2376,,,,不错,6,8,整体,正面
2376,,,,还不错,27,30,整体,正面
2377,外观,0,2,粗糙,7,9,包装,负面
2377,,,,很薄,19,21,其他,负面
2378,赠品,13,15,到位,15,17,价格,正面
2378,物流,24,26,很给力,26,29,物流,正面
2379,,,,挺好的,2,5,整体,正面
2380,,,,无紧绷感,5,9,使用体验,正面
2380,,,,比较保湿,10,14,功效,正面
2381,,,,细腻,9,11,使用体验,正面
2381,,,,亮白,11,13,功效,正面
2382,香味,12,14,淡淡的,9,12,气味,正面
2382,,,,不油腻,15,18,使用体验,正面
2382,,,,很好用,27,30,整体,正面
2383,,,,很喜欢,2,5,整体,正面
2383,价格,6,8,很合适,9,12,价格,正面
2384,,,,很喜欢,8,11,整体,正面
2384,,,,挺滋润的,12,16,使用体验,正面
2385,防晒效果,0,4,,,,功效,中性
2385,,,,挺保湿,11,14,功效,正面
2386,,,,没有介绍的那么遮盖红血丝,0,12,功效,负面
2386,,,,稍微有点提亮,15,21,功效,负面
2387,,,,很好,11,13,整体,正面
2388,,,,还不错,3,6,整体,正面
2388,,,,很喜欢,7,10,整体,正面
2389,味道,7,9,香香的,9,12,气味,正面
2389,,,,提亮肤色,13,17,功效,正面
2389,,,,很好,20,22,整体,正面
2390,快递,10,12,很快,12,14,物流,正面
2391,,,,还行吧,0,3,整体,正面
2391,,,,较温和,10,13,使用体验,正面
2391,,,,还是干,18,21,使用体验,负面
2392,,,,挺舒服,7,10,整体,正面
2393,,,,不错,9,11,整体,正面
2394,,,,很好用,3,6,整体,正面
2395,,,,一点也不好用,0,6,其他,负面
2395,,,,起痘,12,14,使用体验,负面
2396,,,,好清爽,3,6,使用体验,正面
2396,,,,不刺激,6,9,使用体验,正面
2396,卸妆,10,12,很干净,12,15,功效,正面
2396,,,,经济,26,28,价格,正面
2396,,,,实惠,28,30,价格,正面
2397,,,,喜欢,28,30,整体,正面
2398,,,,好用,13,15,整体,正面
2399,活动,0,2,很合适,4,7,价格,正面
2399,,,,很不错,10,13,整体,正面
2399,店家服务,14,18,很好,19,21,服务,正面
2400,,,,非常好,5,8,整体,正面
2400,,,,物超所值,9,13,整体,正面
2401,,,,差不多,2,5,整体,正面
2402,物流,0,2,很快,2,4,物流,正面
2402,价格,17,19,很实惠,20,23,价格,正面
2402,,,,特别的好,12,16,整体,正面
2403,,,,还不错,3,6,整体,正面
2404,,,,便宜,17,19,价格,正面
2405,,,,非常满意,0,4,整体,正面
2405,,,,特别舒服,21,25,使用体验,正面
2406,,,,挺好的,0,3,整体,正面
2407,补水效果,15,19,很不错,19,22,功效,正面
2407,,,,很好用,4,7,整体,正面
2408,,,,很好用,0,3,整体,正面
2409,,,,非常好,0,3,整体,正面
2409,,,,不油腻,14,17,使用体验,正面
2410,,,,不是很好用,5,10,整体,负面
2411,,,,好好用,0,3,整体,正面
2411,肤色提亮,5,9,很多,10,12,功效,正面
2411,,,,透气,13,15,使用体验,正面
2412,遮瑕效果,5,9,一般,9,11,功效,中性
2412,,,,挺润的,14,17,使用体验,正面
2412,,,,没有浮粉,18,22,使用体验,正面
2413,,,,不错,2,4,整体,正面
2413,,,,比较满意,5,9,整体,正面
2414,,,,不错,0,2,整体,正面
2415,效果,2,4,挺不错,4,7,功效,正面
2415,,,,很划算,13,16,价格,正面
2416,,,,很好,0,2,整体,正面
2417,,,,挺不错,22,25,整体,正面
2418,,,,很好,0,2,整体,正面
2419,价钱,7,9,不贵,10,12,价格,正面
2419,,,,挺不错,2,5,整体,正面
2419,,,,挺水润,17,20,使用体验,正面
2420,,,,挺不错的,2,6,整体,正面
2421,,,,很高大上,3,7,整体,正面
2421,,,,非常喜欢,17,21,整体,正面
2422,,,,便宜,9,11,价格,正面
2423,,,,漏了,3,5,包装,负面
2424,,,,不错,12,14,整体,正面
2425,,,,很满意,4,7,整体,正面
2425,,,,很好,0,2,整体,正面
2426,,,,不错,2,4,整体,正面
2426,,,,很好,4,6,整体,正面
2426,,,,不贵,21,23,价格,正面
2426,,,,很满意,18,21,整体,正面
2427,,,,不错,2,4,整体,正面
2427,补水效果,8,12,非常好,12,15,功效,正面
2428,快递小哥,0,4,很热情,4,7,物流,正面
2428,送货速度,8,12,很快,12,14,物流,正面
2428,,,,挺好的,15,18,整体,正面
2429,美白效果,17,21,特别好,26,29,功效,正面
2430,,,,好用,0,2,整体,正面
2431,,,,特划算,0,3,价格,正面
2431,,,,漂亮,10,12,包装,正面
2431,,,,上档次,13,16,包装,正面
2432,颜色,14,16,偏黄,16,18,功效,负面
2433,,,,很不错,17,20,整体,正面
2434,包装,0,2,完整,2,4,包装,正面
2434,,,,实惠,14,16,价格,正面
2435,,,,还行,0,2,整体,正面
2436,活动价格,0,4,很实惠,6,9,价格,正面
2436,,,,非常不错,19,23,整体,正面
2437,,,,一般般,0,3,整体,中性
2438,保湿效果,14,18,好,18,19,功效,正面
2438,,,,好评,20,22,整体,正面
2438,,,,温和,8,10,使用体验,正面
2438,,,,不刺激,10,13,使用体验,正面
2439,包装,5,7,精美,7,9,包装,正面
2439,,,,实惠,0,2,价格,正面
2439,,,,好用,2,4,整体,正面
2440,,,,不好,0,2,整体,负面
2440,,,,好少,8,10,其他,负面
2441,卸妆,6,8,挺干净,8,11,功效,正面
2441,,,,还不错,0,3,整体,正面
2441,,,,不油,13,15,使用体验,正面
2442,,,,挺好的,4,7,整体,正面
2442,,,,容易推开,8,12,使用体验,正面
2442,,,,不错,15,17,整体,正面
2443,物流,18,20,效率超级高,27,32,物流,正面
2444,物流,12,14,快,19,20,物流,正面
2444,,,,很不错,39,42,整体,正面
2445,味道,8,10,喜欢,11,13,气味,正面
2445,,,,很清爽,0,3,使用体验,正面
2445,,,,不油腻,4,7,使用体验,正面
2445,,,,很干净,24,27,使用体验,正面
2445,,,,很划算,43,46,价格,正面
2446,,,,挺好用的,9,13,整体,正面
2446,,,,好评,14,16,整体,正面
2447,遮瑕效果,0,4,好,4,5,功效,正面
2447,,,,气色很好,19,23,使用体验,正面
2447,,,,自然,24,26,功效,正面
2448,香味,10,12,淡淡的,7,10,气味,正面
2448,,,,滑滑的,16,19,整体,正面
2449,价格,14,16,可以,17,19,价格,正面
2449,,,,还可以,3,6,整体,正面
2449,,,,比较好用,9,13,整体,正面
2450,,,,很好,0,2,整体,正面
2451,包装,6,8,漂亮,8,10,包装,正面
2452,,,,挺好的,8,11,整体,正面
2453,,,,挺好用的,0,4,整体,正面
2453,,,,不错,5,7,整体,正面
2454,,,,非常好,2,5,整体,正面
2455,物流,20,22,快,23,24,物流,正面
2455,,,,好,0,1,整体,正面
2455,,,,不错,12,14,整体,正面
2456,,,,特别好用,0,4,整体,正面
2457,防晒效果,23,27,不错,27,29,功效,正面
2457,,,,轻微酒精味,17,22,气味,中性
2458,,,,很不错,0,3,整体,正面
2458,物流,4,6,很快,6,8,物流,正面
2458,,,,很喜欢,9,12,整体,正面
2458,,,,赞,13,14,整体,正面
2459,活动,9,11,这么便宜,11,15,价格,正面
2459,,,,好,27,28,整体,正面
2459,,,,没有美白,31,35,功效,中性
2460,,,,很好用,0,3,整体,正面
2461,送货,14,16,快,16,17,物流,正面
2461,价格,9,11,便宜,11,13,价格,正面
2461,,,,是正品,5,8,真伪,正面
2461,,,,不错,2,4,整体,正面
2462,活动,12,14,,,,价格,正面
2462,,,,挺好,8,10,整体,正面
2463,,,,真快,0,2,物流,正面
2464,贴合度,22,25,不是特别好,25,30,使用体验,负面
2464,,,,稍微偏硬,17,21,使用体验,负面
2465,,,,喜欢,0,2,整体,正面
2465,,,,特别好用,5,9,整体,正面
2465,,,,涂抹均匀,10,14,使用体验,正面
2466,,,,挺好用的,4,8,整体,正面
2466,,,,细腻,9,11,使用体验,正面
2466,,,,易推开,12,15,使用体验,正面
2466,价格,18,20,实惠,21,23,价格,正面
2467,客服,2,4,耐心,5,7,服务,正面
2467,物流,8,10,超快,10,12,物流,正面
2468,,,,挺好的,0,3,整体,正面
2468,,,,不错,5,7,整体,正面
2469,,,,不厚重,14,17,使用体验,正面
2469,,,,自然,12,14,功效,正面
2469,,,,挺轻薄的,4,8,使用体验,正面
2470,,,,不错,0,2,整体,正面
2470,,,,很好用,2,5,整体,正面
2471,,,,很好,0,2,整体,正面
2471,,,,不油腻,3,6,使用体验,正面
2471,,,,很适合,7,10,整体,正面
2471,,,,平价,13,15,价格,正面
2472,,,,比较适合,20,24,整体,正面
2472,价格,32,34,实惠,34,36,价格,正面
2473,美白效果,10,14,很不错,20,23,功效,正面
2473,隔离效果,15,19,很不错,20,23,功效,正面
2474,,,,还可以,10,13,整体,正面
2474,,,,有点小贵,15,19,价格,负面
2475,,,,还行,0,2,整体,正面
2475,味道,9,11,不喜欢,11,14,气味,负面
2476,,,,一如既往的好,0,6,整体,正面
2476,,,,超划算,32,35,价格,正面
2477,,,,不错,6,8,整体,正面
2478,,,,很棒,0,2,整体,正面
2478,,,,很服帖,2,5,使用体验,正面
2478,,,,不会浮粉,5,9,使用体验,正面
2478,,,,很显白,10,13,功效,正面
2479,,,,特别不愉快,32,37,服务,负面
2480,,,,一点也不刺激,0,6,使用体验,正面
2480,,,,很好用,7,10,整体,正面
2481,吸收情况,8,12,有点厚重,13,17,使用体验,中性
2482,性价比,0,3,不错,3,5,其他,正面
2482,,,,挺优惠的,6,10,价格,正面
2483,,,,好评,29,31,整体,正面
2483,,,,不错,4,6,整体,正面
2484,,,,真的不错,12,16,整体,正面
2485,,,,非常好,0,3,整体,正面
2486,,,,很滋润,0,3,使用体验,正面
2487,香味,7,9,好清淡,3,6,气味,正面
2487,,,,不是那种特别厚重的百,11,21,功效,正面
2487,,,,很薄,22,24,使用体验,正面
2487,,,,很透,24,26,使用体验,正面
2487,,,,非常喜欢,27,31,整体,正面
2488,,,,不错,2,4,整体,正面
2488,,,,不伤皮肤,8,12,使用体验,正面
2488,,,,不觉得油腻,13,18,使用体验,正面
2488,卖家服务,19,23,好,23,24,服务,正面
2488,性价比,25,28,不错,2,4,价格,正面
2489,,,,非常好,0,3,整体,正面
2490,,,,很好推开,9,13,使用体验,正面
2490,滋润度,15,18,很好,19,21,使用体验,正面
2490,价格,22,24,不高,25,27,价格,正面
2491,,,,是正品,11,14,真伪,正面
2492,,,,好评,17,19,整体,正面
2492,,,,超级服帖,12,16,使用体验,正面
2492,,,,超级好用,7,11,整体,正面
2493,,,,还行,2,4,整体,正面
2493,,,,不是特别白,6,11,功效,正面
2493,,,,能接受,13,16,整体,正面
2494,,,,挺干净的,2,6,功效,正面
2495,物流,0,2,很快,2,4,物流,正面
2495,,,,超级实惠,10,14,价格,正面
2496,效果,12,14,不错,14,16,功效,正面
2497,,,,还行,2,4,整体,正面
2498,质量,0,2,还不错,2,5,其他,正面
2498,快递,6,8,很快,9,11,物流,正面
2498,,,,喜欢,24,26,整体,正面
2499,,,,还可以,0,3,整体,正面
2500,,,,好评,5,7,整体,正面
2501,,,,失望,22,24,整体,负面
2502,保湿效果,11,15,不错,15,17,功效,正面
2502,,,,非常满意,6,10,整体,正面
2502,,,,很服帖,18,21,使用体验,正面
2503,效果,0,2,很好,2,4,功效,正面
2503,,,,棒棒哒,10,13,整体,正面
2504,,,,还不错,0,3,整体,正面
2504,,,,易涂开,4,7,使用体验,正面
2505,,,,不错,15,17,使用体验,正面
2505,,,,容易推开,18,22,使用体验,正面
2505,,,,很润,23,25,使用体验,正面
2505,,,,显白,27,29,功效,正面
2506,,,,便宜,15,17,价格,正面
2507,,,,挺好,10,12,整体,正面
2508,,,,很不错,0,3,整体,正面
2509,,,,不错,4,6,整体,正面
2509,,,,特别滋润,15,19,使用体验,正面
2509,防晒效果,20,24,,,,功效,中性
2510,,,,很好用,0,3,整体,正面
2510,,,,很喜欢,4,7,整体,正面
2510,,,,物有所值,17,21,整体,正面
2510,包装,22,24,好,28,29,包装,正面
2510,快递,25,27,好,28,29,物流,正面
2511,快递小个,0,4,很是给力,4,8,物流,正面
2512,,,,很不错,0,3,整体,正面
2512,,,,不紧绷,6,9,使用体验,正面
2513,,,,很大气,15,18,包装,正面
2514,,,,还不错,2,5,整体,正面
2514,活动,6,8,,,,价格,正面
2514,价格,12,14,很实惠,14,17,价格,正面
2515,,,,是正品,0,3,真伪,正面
2515,,,,比较优惠,16,20,价格,正面
2515,,,,大气上档次,34,39,使用体验,正面
2515,,,,很喜欢,40,43,整体,正面
2516,清洁能力,0,4,挺干净的,17,21,功效,正面
2516,味道,22,24,好闻,25,27,气味,正面
2516,,,,很温和,28,31,使用体验,正面
2516,泡沫,5,7,很多,7,9,使用体验,正面
2517,活动,5,7,,,,价格,正面
2517,,,,看起来不错,14,19,整体,正面
2518,,,,很好,2,4,整体,正面
2518,,,,很细,5,7,使用体验,正面
2518,,,,润,9,10,使用体验,正面
2519,,,,非常好,0,3,整体,正面
2520,快递的速度,15,20,最喜欢,7,10,物流,正面
2520,,,,不错,24,26,整体,正面
2521,,,,正品,12,14,真伪,正面
2522,,,,好香,0,2,气味,正面
2523,,,,非常好用,2,6,整体,正面
2523,,,,白了一点点,18,23,功效,中性
2523,,,,很满意,54,57,整体,正面
2524,,,,很好用,0,3,整体,正面
2525,物流,6,8,很快,9,11,物流,正面
2526,,,,不错,17,19,整体,正面
2526,,,,非常好,6,9,整体,正面
2526,,,,物美价廉,2,6,价格,正面
2527,送货速度,0,4,快,4,5,物流,正面
2527,包装,5,7,很好,7,9,包装,正面
2528,,,,真心不错,9,13,整体,正面
2529,活动价格,4,8,超值,8,10,价格,正面
2529,,,,很喜欢,0,3,整体,正面
2530,活动价格,0,4,相当的便宜,5,10,价格,正面
2531,,,,很水润,7,10,使用体验,正面
2532,,,,比较油腻,10,14,使用体验,负面
2533,活动,14,16,,,,价格,正面
2533,价格,20,22,还可以,22,25,价格,正面
2534,,,,不好,0,2,整体,负面
2534,,,,卡粉,2,4,使用体验,负面
2535,保湿效果,29,33,很好,35,37,功效,正面
2536,精华水,0,3,少,3,4,成分,负面
2536,,,,有点硬,7,10,使用体验,负面
2536,,,,还不错,13,16,整体,正面
2537,物流,4,6,很快,6,8,物流,正面
2537,,,,好用,0,2,整体,正面
2538,,,,还行,0,2,整体,正面
2539,,,,好评,15,17,整体,正面
2540,,,,很好,4,6,整体,正面
2540,,,,喜欢,7,9,整体,正面
2540,,,,挺好的,16,19,整体,正面
2541,补水效果,8,12,非常好,12,15,功效,正面
2542,,,,挺好用的,14,18,整体,正面
2542,,,,挺自然的,30,34,功效,正面
2542,问道,35,37,可以,38,40,气味,正面
2542,,,,真喜欢,41,44,整体,正面
2543,物流,0,2,超级差,2,5,物流,负面
2544,,,,很好,2,4,整体,正面
2544,,,,很好用,12,15,整体,正面
2545,物流,0,2,很快,2,4,物流,正面
2545,味道,8,10,,,,气味,正面
2545,,,,好,19,20,整体,正面
2545,保质期,32,35,比较近,36,39,新鲜度,负面
2546,,,,强力推荐,0,4,整体,正面
2546,,,,超级好用,8,12,整体,正面
2546,,,,补水,12,14,功效,正面
2546,,,,水润,14,16,使用体验,正面
2546,,,,喜欢,17,19,整体,正面
2547,上妆效果,5,9,一般,9,11,功效,中性
2547,持久度,18,21,不错,21,23,功效,正面
2548,,,,不好,0,2,整体,负面
2548,,,,好刺鼻,14,17,气味,负面
2549,,,,挺好用,2,5,整体,正面
2549,保湿效果,40,44,还行,44,46,功效,正面
2550,,,,不油,36,38,使用体验,正面
2550,,,,特别喜欢,39,43,整体,正面
2551,,,,保湿,9,11,功效,正面
2551,,,,补水,11,13,功效,正面
2551,,,,不错哦,0,3,整体,正面
2551,,,,挺好用的,4,8,整体,正面
2552,发货速度,16,20,快,20,21,物流,正面
2552,,,,很满意,22,25,整体,正面
2552,,,,好用,13,15,整体,正面
2553,,,,挺水润的,5,9,使用体验,正面
2554,,,,非常好用,0,4,整体,正面
2554,,,,不干,5,7,使用体验,正面
2554,,,,湿润,8,10,使用体验,正面
2554,,,,美白,11,13,功效,正面
2555,,,,很好用,0,3,整体,正面
2556,,,,很干,2,4,使用体验,负面
2556,,,,不好用,5,8,使用体验,负面
2557,,,,好评,5,7,整体,正面
2558,颜色,5,7,稍微白一点,7,12,包装,中性
2558,颜色,5,7,比较自然,15,19,包装,正面
2559,清洗,6,8,很干净,9,12,功效,正面
2559,活动,16,18,,,,价格,正面
2560,,,,不错,2,4,整体,正面
2561,,,,非常好,3,6,整体,正面
2561,,,,很好,1,3,整体,正面
2561,,,,好,0,1,整体,正面
2562,清香味,22,25,淡淡的,19,22,气味,正面
2562,,,,还可以,26,29,整体,正面
2562,,,,满意,30,32,整体,正面
2563,酒精味,26,29,那么重,34,37,气味,中性
2563,,,,还不错,0,3,整体,正面
2564,,,,可以,2,4,整体,正面
2565,物流速度,4,8,快,8,9,物流,正面
2565,价格,12,14,优惠,14,16,价格,正面
2566,价格,13,15,很便宜,15,18,价格,正面
2567,酒精味,8,11,,,,气味,负面
2568,补水效果,11,15,还不错,15,18,功效,正面
2569,味道,0,2,很清新,2,5,气味,正面
2569,味道,0,2,自然,5,7,气味,正面
2570,,,,很好,0,2,整体,正面
2571,,,,很好,2,4,整体,正面
2572,,,,好用,18,20,整体,正面
2573,,,,很不错,8,11,整体,正面
2573,客服,12,14,非常好,17,20,服务,正面
2574,快递,0,2,很快,2,4,物流,正面
2575,味道,0,2,挺好闻的,2,6,气味,正面
2576,,,,不怎么亮肤,0,5,功效,负面
2577,,,,很喜欢,0,3,整体,正面
2577,,,,挺好用的,5,9,整体,正面
2578,补水效果,2,6,很好,6,8,功效,正面
2579,活动,19,21,便宜实惠,23,27,价格,正面
2580,送货,17,19,很快,19,21,物流,正面
2580,服务,22,24,很好,25,27,服务,正面
2581,,,,没有那么润,15,20,使用体验,负面
2581,,,,还是紧绷,21,25,使用体验,负面
2582,保湿效果,0,4,不错,4,6,功效,正面
2583,清洁能力,0,4,还行,7,9,功效,正面
2583,泡沫,10,12,不会太多,12,16,使用体验,正面
2583,,,,容易清洁,17,21,使用体验,正面
2583,,,,不会很干,25,29,使用体验,正面
2584,效果,0,2,很好,2,4,功效,正面
2584,价格,5,7,很便宜,7,10,价格,正面
2585,包装,18,20,太简单了,20,24,包装,负面
2586,控油效果,0,4,,,,功效,中性
2587,物流,5,7,很快,7,9,物流,正面
2587,价格,10,12,实惠,12,14,价格,正面
2587,,,,很好,2,4,整体,正面
2588,,,,挺好的,0,3,整体,正面
2589,,,,服帖,12,14,使用体验,正面
2589,,,,不油腻,14,17,使用体验,正面
2589,,,,非常自然,21,25,功效,正面
2589,,,,轻薄,10,12,使用体验,正面
2590,快递小哥,12,16,神速,16,18,物流,正面
2591,礼品,11,13,,,,价格,正面
2591,,,,很满意,19,22,整体,正面
2591,,,,很棒,14,16,整体,正面
2592,物流,22,24,很快,25,27,物流,正面
2592,,,,不错,19,21,整体,正面
2593,,,,好用,0,2,整体,正面
2593,,,,实惠,3,5,价格,正面
2594,味道,0,2,挺好闻的,2,6,气味,正面
2594,上妆效果,7,11,很好,11,13,功效,正面
2595,,,,挺好用,0,3,整体,正面
2596,,,,很不错,11,14,整体,正面
2597,,,,非常好用,0,4,整体,正面
2598,,,,很好用,3,6,整体,正面
2598,,,,不干,10,12,使用体验,正面
2599,,,,还行,5,7,整体,正面
2600,,,,非常喜欢,13,17,整体,正面
2600,包装,6,8,非常好,9,12,包装,正面
2601,,,,还可以,8,11,整体,正面
2602,,,,好评,6,8,整体,正面
2603,,,,是正品,8,11,真伪,正面
2603,,,,吸收不是很好,20,26,使用体验,负面
2603,,,,还行,46,48,整体,正面
2604,形状,3,5,不规整,6,9,尺寸,负面
2605,,,,长痘,18,20,使用体验,负面
2605,补水,22,24,没有太大感觉,24,30,功效,负面
2606,,,,挺好的,0,3,整体,正面
2606,,,,不错,4,6,整体,正面
2607,,,,值得信赖,0,4,整体,正面
2608,,,,还好,0,2,整体,正面
2608,,,,有点脱皮,25,29,使用体验,正面
2608,,,,还可以,35,38,整体,正面
2609,,,,挺好用的,5,9,整体,正面
2610,物流,29,31,很快,31,33,物流,正面
2610,,,,好用,26,28,整体,正面
2610,,,,很服帖,22,25,使用体验,正面
2611,到货,0,2,很快,2,4,物流,正面
2611,,,,很显白,8,11,功效,正面
2611,,,,很好,12,14,整体,正面
2612,,,,好用,6,8,整体,正面
2612,,,,不贵,9,11,价格,正面
2613,,,,好划算,7,10,价格,正面
2614,,,,太好用了,2,6,整体,正面
2614,,,,超喜欢,8,11,整体,正面
2614,,,,实惠,13,15,价格,正面
2615,,,,很服帖,4,7,使用体验,正面
2615,,,,非常喜欢,8,12,整体,正面
2616,价位,9,11,合适,11,13,价格,正面
2617,,,,挺好的,0,3,整体,正面
2618,,,,物美价廉,0,4,价格,正面
2619,性价比,30,33,高,33,34,价格,正面
2619,,,,差不多,22,25,整体,正面
2619,,,,蛮好用,26,29,整体,正面
2620,,,,挺好的,5,8,整体,正面
2621,,,,还不错,2,5,整体,正面
2621,泡沫,6,8,很丰富,8,11,使用体验,正面
2621,,,,不紧绷,14,17,使用体验,正面
2621,,,,很适合,18,21,整体,正面
2622,,,,特别滋润,13,17,使用体验,正面
2623,精华,0,2,太少,2,4,成分,负面
2624,定妆效果,0,4,很好,4,6,功效,正面
2624,,,,不卡粉,7,10,使用体验,正面
2625,,,,不好用,0,3,整体,负面
2625,,,,特别油油,4,8,使用体验,负面
2626,,,,很好用,0,3,整体,正面
2626,,,,很喜欢,11,14,整体,正面
2627,包装,0,2,很好,3,5,包装,正面
2627,,,,很优惠,7,10,价格,正面
2628,,,,很划算,12,15,价格,正面
2629,价位,10,12,,,,价格,正面
2629,补水,13,15,真的可以,15,19,功效,正面
2630,活动,24,26,很划来,28,31,价格,正面
2630,,,,很好用,5,8,整体,正面
2630,,,,很干净,19,22,功效,正面
2631,,,,不错,2,4,整体,正面
2631,去污力,5,8,强,8,9,功效,正面
2632,泡沫,4,6,过于多了,6,10,使用体验,负面
2632,质地,13,15,很温和,15,18,使用体验,正面
2632,,,,很舒服,23,26,使用体验,正面
2633,,,,还行吧,0,3,整体,正面
2634,活动,7,9,炒鸡划算,11,15,价格,正面
2634,,,,会不会过敏,22,27,使用体验,中性
2635,活动,23,25,,,,价格,正面
2636,快递小哥服务,0,6,好,6,7,物流,正面
2636,速度,8,10,快,11,12,物流,正面
2636,,,,欺骗顾客,44,48,整体,负面
2636,,,,差评,39,41,整体,负面
2637,物流,9,11,很快,11,13,物流,正面
2637,,,,挺不错的,0,4,整体,正面
2637,,,,很划算,5,8,价格,正面
2638,精华液,10,13,多,13,14,成分,正面
2638,,,,是真品,28,31,真伪,正面
2638,,,,滋润,19,21,使用体验,正面
2638,,,,挺好的,22,25,整体,正面
2639,物流,3,5,比较快,5,8,物流,正面
2639,味道,21,23,淡淡的,18,21,气味,正面
2640,保质期,4,7,到期,21,23,新鲜度,负面
2641,味道,7,9,很好闻,9,12,气味,正面
2641,,,,不错,21,23,整体,正面
2642,,,,好评,9,11,整体,正面
2643,,,,好用,0,2,整体,正面
2643,颜值,4,6,高,7,8,包装,正面
2643,,,,不错,8,10,整体,正面
2644,补水效果,15,19,很好,19,21,功效,正面
2645,,,,挺好的,0,3,整体,正面
2645,,,,挺保湿的,20,24,功效,正面
2645,,,,很好闻,29,32,气味,正面
2645,持久度,33,36,还行,37,39,使用体验,正面
2646,,,,滋润,0,2,使用体验,正面
2646,,,,很好用,5,8,整体,正面
2646,,,,不干,2,4,使用体验,正面
2647,,,,不错,0,2,整体,正面
2647,,,,特别湿润,22,26,使用体验,正面
2648,性价比,8,11,很高,11,13,价格,正面
2648,,,,好推开,4,7,使用体验,正面
2648,,,,很好用,0,3,整体,正面
2649,包装,0,2,很好,2,4,包装,正面
2649,物流,5,7,也快,7,9,物流,正面
2649,,,,很满意,10,13,整体,正面
2650,,,,很好用,0,3,整体,正面
2650,味道,4,6,好闻,7,9,气味,正面
2650,赠品,12,14,,,,价格,正面
2650,速度,23,25,,,,物流,正面
2651,味道,9,11,不浓重,12,15,气味,正面
2651,,,,还不错,0,3,整体,正面
2651,,,,比较好用,4,8,整体,正面
2651,,,,不卡粉,16,19,使用体验,正面
2652,,,,很好,2,4,整体,正面
2653,补水效果,0,4,好,4,5,功效,正面
2654,快递,5,7,给力,7,9,物流,正面
2655,物流,14,16,快,18,19,物流,正面
2655,,,,挺好用的,0,4,整体,正面
2655,,,,很滋润,5,8,使用体验,正面
2655,,,,喜欢,9,11,整体,正面
2655,,,,赞,20,21,整体,正面
2656,活动,5,7,,,,价格,正面
2656,物流,29,31,好用,38,40,物流,正面
2657,,,,非常补水,8,12,功效,正面
2658,,,,好用,19,21,整体,正面
2659,,,,不错,8,10,整体,中性
2659,,,,很实用,27,30,整体,正面
2660,优惠活动,17,21,,,,价格,正面
2660,服务,32,34,杠杠的,34,37,服务,正面
2660,,,,很好,0,2,整体,正面
2661,味道,0,2,清凉,2,4,气味,正面
2661,,,,不油腻,4,7,使用体验,正面
2661,,,,便宜,22,24,价格,正面
2661,,,,实惠,24,26,价格,正面
2661,,,,量大,19,21,其他,正面
2662,,,,挺好用的,2,6,整体,正面
2662,,,,挺实惠,7,10,价格,正面
2663,,,,容易推开,0,4,使用体验,正面
2663,,,,特别自然,8,12,使用体验,正面
2664,保湿度,0,3,很好,3,5,功效,正面
2664,防晒效果,6,10,不清楚,10,13,功效,中性
2665,,,,很好推开,0,4,使用体验,正面
2665,颜色,5,7,正合适,8,11,功效,正面
2665,,,,很方便,21,24,使用体验,正面
2666,,,,正品,1,3,真伪,正面
2666,吸收,4,6,特别好,7,10,使用体验,正面
2666,保湿效果,17,21,很好,21,23,功效,正面
2666,,,,不油腻,13,16,使用体验,正面
2667,补水效果,0,4,特别好,4,7,功效,正面
2667,精华液,8,11,很多,12,14,成分,正面
2668,物流,16,18,超快,18,20,物流,正面
2668,,,,挺好用的,0,4,整体,正面
2669,,,,好用,0,2,整体,正面
2670,,,,还可以,0,3,整体,中性
2671,,,,不错,0,2,整体,正面
2671,,,,很满意,3,6,整体,正面
2671,,,,喜欢,9,11,整体,正面
2672,,,,还行吧,5,8,整体,正面
2673,,,,香香的,11,14,气味,正面
2673,,,,挺好闻的,14,18,气味,正面
2674,快递,0,2,没话说,2,5,物流,正面
2674,,,,非常好,6,9,整体,正面
2674,补水效果,18,22,非常好,6,9,功效,正面
2674,,,,超合算,35,38,价格,正面
2675,价格,9,11,还算实惠,11,15,价格,正面
2675,,,,还行,4,6,整体,正面
2675,,,,不错,6,8,整体,正面
2676,,,,很好用,7,10,整体,正面
2677,,,,不错,8,10,整体,正面
2677,瓶盖设计,13,17,好巨大,17,20,包装,负面
2678,,,,不知道真假,2,7,真伪,中性
2678,酒精的味道,27,32,比较重,32,35,气味,负面
2679,,,,划算,0,2,价格,正面
2679,,,,挺好用的,4,8,整体,正面
2680,保湿效果,5,9,不错,9,11,功效,正面
2681,补水,7,9,不错,14,16,功效,正面
2681,保湿,9,11,不错,14,16,功效,正面
2682,,,,超级补水,5,9,功效,正面
2682,,,,好用,2,4,整体,正面
2682,,,,滑滑的,27,30,使用体验,正面
2683,,,,还不错,0,3,整体,正面
2684,,,,好评,0,2,整体,正面
2684,物流,3,5,给力,5,7,物流,正面
2685,味道,0,2,可以的,2,5,气味,正面
2685,,,,不错,9,11,整体,正面
2686,浮粉,10,12,比较厉害,12,16,使用体验,负面
2687,,,,还可以,0,3,整体,正面
2688,,,,好评,8,10,整体,正面
2689,活动,0,2,很实惠,4,7,价格,正面
2689,,,,不错,8,10,整体,正面
2689,,,,很方便,11,14,整体,正面
2690,物流,6,8,快,8,9,物流,正面
2691,,,,正品,5,7,真伪,正面
2691,活动价,8,11,很实惠,11,14,价格,正面
2692,,,,很好,3,5,整体,正面
2693,,,,很温和,3,6,使用体验,正面
2693,清理力,7,10,强,11,12,功效,正面
2694,,,,一般,7,9,整体,中性
2694,,,,不保湿,19,22,功效,负面
2695,,,,超值的,8,11,价格,正面
2695,,,,挺上色,14,17,功效,正面
2695,,,,喜欢,18,20,整体,正面
2696,,,,喜欢,2,4,整体,正面
2697,,,,好评,32,34,整体,正面
2697,,,,卡粉,25,27,使用体验,负面
2698,,,,很好用,6,9,整体,正面
2699,,,,不卡粉,6,9,使用体验,正面
2699,,,,有提亮的效果,9,15,功效,正面
2700,卸妆,2,4,很好,0,2,功效,正面
2701,包装,17,19,嫌弃,14,16,包装,负面
2702,,,,很适合,15,18,整体,正面
2703,,,,会紧缩,5,8,使用体验,负面
2703,,,,正不正品,9,13,真伪,中性
2703,,,,渣货,21,23,整体,负面
2704,,,,不油,27,29,使用体验,正面
2704,,,,很清爽,30,33,使用体验,正面
2704,,,,很好用,21,24,整体,正面
2705,,,,很好用,4,7,整体,正面
2706,,,,很好用,0,3,整体,正面
2707,性价比,0,3,高,3,4,价格,正面
2707,,,,不错,14,16,整体,正面
2708,物流,10,12,快,12,13,物流,正面
2709,精华液,5,8,挺多多的,8,12,成分,正面
2710,,,,还行吧,2,5,整体,正面
2710,,,,老搓泥,17,20,使用体验,负面
2710,,,,不适合,8,11,使用体验,负面
2711,,,,很好,0,2,整体,正面
2712,,,,很好,2,4,整体,正面
2712,,,,喜欢,5,7,整体,正面
2713,,,,很保水,19,22,功效,正面
2713,,,,补湿,22,24,功效,正面
2714,,,,非常差,20,23,整体,负面
2714,,,,卸不干净,24,28,功效,负面
2714,,,,差,18,19,整体,负面
2715,,,,假的,0,2,真伪,负面
2715,,,,过敏,7,9,使用体验,负面
2715,商家态度,10,14,极差,14,16,服务,负面
2716,,,,挺不错的,5,9,整体,正面
2717,,,,便宜,14,16,价格,正面
2718,,,,还可以,6,9,整体,正面
2718,,,,不错的,10,13,整体,正面
2719,,,,好用,6,8,整体,正面
2720,,,,喜欢,5,7,整体,正面
2720,,,,好用,10,12,整体,正面
2720,,,,实惠,12,14,价格,正面
2721,,,,不错,3,5,整体,正面
2722,外表,12,14,可以,14,16,包装,正面
2723,,,,好用,12,14,整体,正面
2724,,,,很好用,10,13,整体,正面
2725,保湿效果,6,10,很好,10,12,功效,正面
2725,,,,物美价廉,13,17,价格,正面
2725,快递小哥送货速度,18,26,快,26,27,物流,正面
2725,态度,28,30,很好,10,12,物流,正面
2726,,,,真心不错,0,4,整体,正面
2727,,,,挺好,0,2,整体,正面
2728,,,,很补水,33,36,功效,正面
2729,,,,还可以,0,3,整体,正面
2729,,,,有点发干,7,11,使用体验,负面
2730,,,,喜欢,12,14,整体,正面
2730,,,,很好用,23,26,整体,正面
2731,,,,很不错,10,13,整体,正面
2732,,,,不会差,18,21,整体,正面
2732,,,,很实惠,5,8,价格,正面
2733,,,,是正品,2,5,真伪,正面
2733,,,,好用,5,7,整体,正面
2734,物流,0,2,很快,2,4,物流,正面
2734,外包装,7,10,,,,包装,负面
2734,小包装,22,25,完好,25,27,包装,正面
2734,,,,一般,34,36,整体,中性
2734,,,,不是太完美,37,42,整体,负面
2735,活动,1,3,挺便宜,8,11,价格,正面
2735,补水效果,19,23,很好,23,25,功效,正面
2736,,,,超级补水,6,10,功效,正面
2737,,,,挺好的,6,9,整体,正面
2738,,,,挺滋润的,6,10,使用体验,正面
2738,,,,香香的,11,14,气味,正面
2739,效果,12,14,很好,14,16,功效,正面
2739,客服,17,19,真的忙,19,22,服务,负面
2740,补水,5,7,够用了,7,10,功效,正面
2740,,,,很水,2,4,使用体验,正面
2740,,,,物美价廉,14,18,价格,正面
2740,,,,不错,19,21,整体,正面
2741,,,,很水润,0,3,使用体验,正面
2741,,,,不错,6,8,整体,正面
2741,,,,服帖,3,5,使用体验,正面
2742,,,,还可以,0,3,整体,正面
2743,包装,0,2,太次,2,4,包装,负面
2743,,,,漏水,12,14,包装,负面
2743,,,,破了,10,12,包装,负面
2744,,,,喜欢,0,2,整体,正面
2745,,,,还可以,5,8,整体,正面
2746,,,,很好,4,6,整体,正面
2747,,,,很好用,0,3,整体,正面
2747,,,,很舒服,7,10,使用体验,正面
2748,,,,还好,2,4,整体,正面
2749,,,,很好用,2,5,整体,正面
2749,,,,很清爽,12,15,使用体验,正面
2750,,,,非常好,0,3,整体,正面
2751,,,,很舒服,6,9,使用体验,正面
2751,,,,很薄,10,12,使用体验,正面
2752,物流,0,2,很快,2,4,物流,正面
2752,包装,5,7,完好,7,9,包装,正面
2752,,,,美美的,12,15,整体,正面
2753,,,,挺好的,0,3,整体,正面
2753,,,,不油腻,7,10,使用体验,正面
2753,,,,挺适合,19,22,整体,正面
2754,,,,还可以,2,5,整体,正面
2755,,,,提亮肤色,8,12,功效,正面
2755,,,,很好,15,17,整体,正面
2755,,,,一直在用,18,22,整体,正面
2756,物流,0,2,很快,2,4,物流,正面
2756,包装,5,7,很严实,7,10,包装,正面
2756,活动,16,18,,,,价格,正面
2756,,,,很划算,24,27,价格,正面
2756,包装,5,7,没有损坏,11,15,包装,正面
2757,,,,有点白,11,14,功效,中性
2757,控油情况,25,29,还行,29,31,功效,正面
2758,物流,0,2,快,2,3,物流,正面
2758,,,,很清爽,13,16,使用体验,正面
2758,,,,不油腻,18,21,使用体验,正面
2759,,,,挺好,13,15,整体,正面
2759,,,,一直用,8,11,整体,正面
2760,,,,比较好涂开,1,6,使用体验,正面
2760,,,,不会很干,8,12,使用体验,正面
2761,,,,不错,2,4,整体,正面
2762,,,,一如既往的好,0,6,整体,正面
2763,补水效果,0,4,挺好的,4,7,功效,正面
2764,补水效果,3,7,好,7,8,功效,正面
2764,,,,不错,0,2,整体,正面
2764,,,,便宜,13,15,价格,正面
2765,,,,好评,0,2,整体,正面
2766,,,,还不错,3,6,整体,正面
2766,快递,23,25,神速,25,27,物流,正面
2767,包装,9,11,非常好,12,15,包装,正面
2767,运货速度,17,21,非常快,22,25,物流,正面
2767,,,,很喜欢,4,7,整体,正面
2767,,,,非常满意,25,29,整体,正面
2768,,,,不错,0,2,整体,正面
2768,补水效果,3,7,很好,7,9,功效,正面
2768,,,,好用,13,15,整体,正面
2768,,,,实惠,10,12,价格,正面
2769,盒子,4,6,都没有,6,9,包装,负面
2770,,,,可以,0,2,整体,正面
2770,,,,不错,3,5,整体,正面
2770,,,,物美价廉,6,10,价格,正面
2771,,,,还不错,8,11,整体,正面
2772,,,,洗不净,8,11,使用体验,负面
2773,质量,0,2,不怎么样,2,6,其他,负面
2773,泡沫,15,17,没什么,12,15,使用体验,负面
2773,,,,洗不净,20,23,使用体验,负面
2773,,,,很不开森,27,31,整体,负面
2773,,,,最垃圾,39,42,整体,负面
2774,快递速度,12,16,真不是盖的,16,21,物流,正面
2775,,,,挺好,0,2,整体,正面
2776,,,,能修复皮肤,28,33,功效,正面
2776,,,,很舒服,24,27,使用体验,中性
2777,味道,0,2,非常好闻,2,6,气味,正面
2777,,,,特别服帖,11,15,使用体验,正面
2777,,,,自然,15,17,功效,正面
2777,,,,不错,20,22,整体,正面
2777,价格,25,27,很合理,28,31,价格,正面
2778,,,,挺好的,22,25,整体,正面
2778,,,,挺流的,31,34,整体,正面
2779,,,,划算,5,7,价格,正面
2780,,,,很好用,9,12,整体,正面
2781,,,,很好,2,4,整体,正面
2781,,,,细腻,4,6,使用体验,正面
2781,,,,不脱妆,7,10,使用体验,正面
2782,,,,不错,3,5,整体,正面
2783,,,,很划算,0,3,价格,正面
2783,,,,不错,26,28,整体,正面
2784,,,,不好用,3,6,整体,负面
2785,,,,不错,2,4,整体,正面
2785,,,,好,10,11,整体,正面
2786,,,,挺好,12,14,整体,正面
2787,包装,6,8,太差了,9,12,包装,负面
2787,,,,还可以,0,3,整体,正面
2788,物流,10,12,很快,12,14,物流,正面
2788,,,,很好用,17,20,整体,正面
2789,,,,不错,12,14,整体,正面
2790,,,,很不错,9,12,整体,正面
2791,,,,很喜欢,0,3,整体,正面
2791,,,,很好用,11,14,整体,正面
2792,,,,正品,1,3,真伪,正面
2792,,,,挺好,5,7,整体,正面
2793,,,,有淡斑效果,2,7,功效,正面
2793,美白,9,11,尚不明显,11,15,功效,中性
2794,,,,好干净,8,11,使用体验,正面
2795,清洗的效果,2,7,不是很好,7,11,功效,正面
2796,,,,还行,2,4,整体,正面
2797,送货,14,16,快,17,18,物流,正面
2797,,,,挺好用的,19,23,整体,正面
2797,,,,挺合适的,24,28,整体,正面
2798,,,,最好用,8,11,整体,正面
2798,,,,超喜欢,33,36,整体,正面
2799,,,,还可以,0,3,整体,正面
2799,隔离效果,8,12,,,,功效,中性
2800,物流,10,12,特别快,13,16,物流,正面
2800,,,,挺好的,6,9,整体,正面
2801,,,,物美价廉,7,11,价格,正面
2801,效果,13,15,不错,15,17,功效,正面
2801,效果,13,15,挺好的,17,20,功效,正面
2801,配送,22,24,很快,24,26,物流,正面
2802,,,,挺好,6,8,整体,正面
2802,服务,15,17,满意,18,20,服务,正面
2802,,,,满意,18,20,整体,正面
2803,物流,0,2,很快,2,4,物流,正面
2803,,,,绝对正品,5,9,真伪,正面
2803,,,,很不错,17,20,整体,正面
2804,,,,很好用,5,8,整体,正面
2805,,,,就是好,6,9,整体,正面
2805,保湿效果,10,14,非常好,14,17,功效,正面
2805,,,,滋润,22,24,使用体验,正面
2805,,,,很光滑,27,30,使用体验,正面
2805,,,,好评,31,33,整体,正面
2806,,,,还好吧,0,3,整体,正面
2806,,,,挺不错的,8,12,整体,正面
2806,,,,好用,12,14,整体,正面
2807,性价比,0,3,很高,3,5,价格,正面
2807,,,,很好用,6,9,整体,正面
2807,价格,27,29,超级优惠,29,33,价格,正面
2807,,,,很满意,34,37,整体,正面
2808,,,,还不错,6,9,整体,正面
2809,,,,很不错,6,9,整体,正面
2810,效果,20,22,很好,22,24,功效,正面
2810,,,,正品,1,3,真伪,正面
2811,,,,特别薄,2,5,使用体验,正面
2811,,,,很服帖,5,8,使用体验,正面
2811,精华,8,10,很多,10,12,成分,正面
2811,,,,很保湿,14,17,功效,正面
2811,,,,很不错,17,20,整体,正面
2812,,,,平价,27,29,价格,正面
2812,,,,好用,29,31,整体,正面
2813,,,,还不错,8,11,整体,正面
2813,,,,很喜欢,12,15,整体,正面
2814,,,,很好,6,8,整体,正面
2815,送货,13,15,快,15,16,物流,正面
2816,,,,好评,6,8,整体,正面
2817,,,,比较划算,0,4,价格,正面
2818,,,,挺好用,7,10,整体,正面
2818,味道,11,13,不错,14,16,气味,正面
2819,补水效果,0,4,非常好,4,7,功效,正面
2819,精华液,8,11,特别多,12,15,成分,正面
2819,,,,好评,16,18,整体,正面
2820,,,,挺好用的,2,6,整体,正面
2821,,,,不错,5,7,整体,正面
2822,,,,满意,6,8,整体,正面
2823,味道,0,2,可以,2,4,气味,正面
2824,,,,湿润,6,8,使用体验,正面
2824,,,,好用,9,11,整体,正面
2824,,,,很喜欢,14,17,整体,正面
2825,,,,挺好用,16,19,整体,正面
2825,,,,超赞,21,23,整体,正面
2826,肤色,0,2,自然,2,4,功效,正面
2826,,,,提亮肤色,5,9,功效,正面
2826,,,,很细腻,10,13,使用体验,正面
2827,,,,服帖,0,2,使用体验,正面
2828,,,,是不是正品,19,24,真伪,中性
2829,遮瑕效果,4,8,好,8,9,功效,正面
2829,价格,10,12,实惠,12,14,价格,正面
2829,,,,物有所值,15,19,整体,正面
2829,,,,开心,20,22,整体,正面
2829,,,,棒棒哒,23,26,整体,正面
2830,,,,喜欢,0,2,整体,正面
2830,,,,很舒服,3,6,使用体验,正面
2831,快递,0,2,迅速,2,4,物流,正面
2831,服务态度,5,9,好,9,10,物流,正面
2831,效果,13,15,非常棒,15,18,功效,正面
2832,上妆效果,0,4,还可以,5,8,功效,正面
2832,,,,有点黑,23,26,功效,负面
2833,,,,很好用,5,8,整体,正面
2833,,,,真的好用,19,23,整体,正面
2834,,,,非常好用,17,21,整体,正面
2835,,,,很好用,0,3,整体,正面
2836,,,,很好用,5,8,整体,正面
2837,,,,正品,5,7,真伪,正面
2837,,,,挺好的,0,3,整体,正面
2838,吸收情况,0,4,可以,5,7,使用体验,正面
2839,价格,0,2,便宜,2,4,价格,正面
2839,,,,好使,6,8,整体,正面
2840,,,,挺好,7,9,整体,正面
2841,补水,8,10,挺好,10,12,功效,正面
2841,,,,又白又亮,18,22,功效,正面
2842,,,,超神速,0,3,物流,正面
2843,,,,优惠,0,2,价格,正面
2843,,,,好评,3,5,整体,正面
2844,速度,31,33,给个好评,36,40,物流,正面
2845,,,,滑滑的,8,11,使用体验,正面
2846,,,,便宜一点,9,13,价格,正面
2847,,,,超级喜欢,4,8,整体,正面
2847,,,,很服帖,12,15,使用体验,正面
2847,物流,18,20,特别给力,21,25,物流,正面
2847,,,,满意,26,28,整体,正面
2848,,,,非常舒服,17,21,使用体验,正面
2849,,,,还不错,5,8,整体,正面
2850,,,,还可以,26,29,整体,正面
2851,物流,0,2,挺快的,2,5,物流,正面
2851,赠品,24,26,,,,价格,正面
2851,,,,挺好的,38,41,整体,正面
2852,客服,8,10,,,,服务,正面
2853,,,,还可以,0,3,整体,正面
2853,性价比,7,10,比较高,10,13,其他,正面
2854,,,,非常好用,0,4,整体,正面
2855,,,,很好用,9,12,整体,正面
2855,,,,细腻,13,15,使用体验,正面
2855,,,,遮红血丝,16,20,功效,正面
2856,,,,正品,0,2,真伪,正面
2856,,,,划算,6,8,价格,正面
2857,,,,很好,0,2,整体,正面
2858,,,,补补水,24,27,功效,正面
2858,,,,好用,10,12,整体,正面
2858,物流,30,32,快,33,34,物流,正面
2859,,,,非常棒,0,3,整体,正面
2859,,,,量比大,4,7,其他,正面
2860,,,,很喜欢,15,18,整体,正面
2860,,,,很滋润,5,8,使用体验,正面
2860,,,,容易抹开,0,4,使用体验,正面
2861,,,,很不错,0,3,整体,正面
2862,快递,5,7,很快,7,9,物流,正面
2862,,,,很好,2,4,整体,正面
2863,,,,不错,0,2,整体,正面
2864,,,,很好,14,16,功效,正面
2864,,,,自然,19,21,功效,正面
2865,,,,挺好的,2,5,整体,正面
2866,,,,挺舒服的,0,4,整体,正面
2866,清洁能力,5,9,强,9,10,功效,正面
2866,,,,方便,17,19,使用体验,正面
2867,,,,很不错,3,6,整体,正面
2867,活动,7,9,很划算,14,17,价格,正面
2868,,,,是正品,0,3,真伪,正面
2868,包装,4,6,很好,7,9,包装,正面
2868,,,,很划算,10,13,价格,正面
2868,,,,很满意,21,24,整体,正面
2869,,,,不错,0,2,整体,正面
2869,,,,细腻,3,5,使用体验,正面
2869,,,,自然,5,7,使用体验,正面
2870,,,,有点小,0,3,尺寸,负面
2870,,,,很好用,6,9,整体,正面
2870,,,,nice,17,21,整体,正面
2871,,,,很好用,5,8,整体,正面
2871,,,,不会紧绷,15,19,使用体验,正面
2871,,,,很舒服,20,23,使用体验,正面
2871,,,,很值,30,32,价格,正面
2872,,,,很清爽,4,7,使用体验,正面
2872,,,,不错,1,3,整体,正面
2873,,,,物美价廉,5,9,价格,正面
2873,,,,挺好用的,0,4,整体,正面
2874,效果,7,9,不错的,9,12,功效,正面
2875,活动,0,2,不错,7,9,价格,正面
2876,,,,挺好用的,2,6,整体,正面
2876,,,,非常满意,7,11,整体,正面
2877,价格,0,2,很好,2,4,价格,正面
2877,,,,很棒了,19,22,整体,正面
2878,,,,挺好的,7,10,整体,正面
2879,味道,5,7,很好闻,7,10,气味,正面
2879,,,,光滑,15,17,使用体验,正面
2879,,,,细腻,17,19,使用体验,正面
2880,,,,不遮眼睛,5,9,使用体验,正面
2880,,,,挺好用的,0,4,整体,正面
2881,,,,不错的,16,19,整体,正面
2882,,,,超快,11,13,物流,正面
2882,,,,不错,18,20,整体,正面
2882,,,,5星好评,21,25,整体,正面
2883,物流,4,6,太给力,7,10,物流,正面
2884,香味,14,16,淡淡的,11,14,气味,正面
2884,,,,白的自然,19,23,功效,正面
2884,,,,超喜欢,24,27,整体,正面
2885,卸妆效果,7,11,很好,11,13,功效,正面
2885,,,,不油,14,16,使用体验,正面
2885,,,,比较清爽,19,23,使用体验,正面
2885,,,,喜欢,28,30,整体,正面
2885,,,,不粘,16,18,使用体验,正面
2886,快递速度,0,4,快,4,5,物流,正面
2886,包装,6,8,好,8,9,包装,正面
2886,,,,挺好,10,12,整体,正面
2887,,,,太假了,4,7,整体,负面
2888,,,,好用,0,2,整体,正面
2889,速度,4,6,很快,6,8,物流,正面
2889,,,,不错,0,2,整体,正面
2890,,,,还不错,9,12,整体,正面
2890,,,,喜欢,13,15,整体,正面
2891,,,,是正品,0,3,真伪,正面
2892,起泡量,0,3,少的,5,7,使用体验,中性
2892,味道,23,25,不喜欢,27,30,气味,负面
2893,活动,1,3,,,,价格,正面
2893,,,,很好用,6,9,整体,正面
2894,,,,很划算,4,7,价格,正面
2895,价钱,0,2,优惠,2,4,价格,正面
2895,,,,正品,21,23,真伪,正面
2895,,,,还不错,7,10,整体,正面
2896,,,,好用,0,2,整体,正面
2897,物流,0,2,挺快的,2,5,物流,正面
2898,,,,挺好用的,0,4,整体,正面
2898,香味,9,11,淡淡的,6,9,气味,正面
2899,快递盒,5,8,大大的,2,5,包装,中性
2899,赠品,20,22,没有,26,28,价格,负面
2900,,,,不是很白,22,26,功效,负面
2900,,,,有点干,45,48,使用体验,负面
2901,,,,挺好,17,19,整体,正面
2902,,,,非常好,0,3,整体,正面
2902,,,,很温和,4,7,使用体验,正面
2902,,,,好多了,14,17,整体,正面
2903,,,,是正品,0,3,真伪,正面
2903,,,,很好,15,17,整体,正面
2904,,,,很好,0,2,整体,正面
2904,味道,3,5,香香的,5,8,气味,正面
2905,快递,30,32,很赞,32,34,物流,正面
2905,,,,挺好的,9,12,整体,正面
2906,,,,还不错,7,10,整体,正面
2907,活动,8,10,优惠,10,12,价格,正面
2908,,,,还可以,0,3,整体,正面
2909,,,,不太好,2,5,整体,负面
2910,,,,好用,0,2,整体,正面
2910,味,3,4,好闻,4,6,气味,正面
2911,快递,0,2,太差劲了,2,6,物流,正面
2912,气味,7,9,很好闻,10,13,气味,正面
2912,,,,很好用,0,3,整体,正面
2913,,,,便宜,18,20,价格,正面
2913,,,,方便,15,17,整体,正面
2914,,,,好用,0,2,整体,正面
2915,瓶子,21,23,不错,25,27,包装,正面
2916,,,,还不错,2,5,整体,正面
2917,,,,很好用,11,14,整体,正面
2917,,,,不错,8,10,整体,正面
2918,味道,17,19,比较喜欢,11,15,气味,正面
2918,,,,比较划算,20,24,价格,正面
2918,,,,很喜欢,0,3,整体,正面
2919,,,,太小,0,2,尺寸,负面
2920,,,,很好,7,9,整体,正面
2921,价格,0,2,便宜,2,4,价格,正面
2921,价格,0,2,实惠,4,6,价格,正面
2921,,,,不错,8,10,整体,正面
2921,,,,正品,11,13,真伪,正面
2921,包装,18,20,好,21,22,包装,正面
2921,包装,18,20,有档次,23,26,包装,正面
2922,,,,特别好,3,6,整体,正面
2922,客服,12,14,很有耐心,14,18,服务,正面
2923,送货,9,11,非常好,13,16,物流,正面
2924,精华,0,2,很少,2,4,成分,负面
2925,补水效果,0,4,很好,4,6,功效,正面
2925,,,,很服帖,9,12,使用体验,正面
2926,补水效果,9,13,特别好,13,16,功效,正面
2927,,,,挺好用的,20,24,整体,正面
2927,,,,好用,36,38,整体,正面
2928,客服,5,7,不合格,7,10,服务,负面
2929,,,,非常好用,0,4,整体,正面
2929,,,,很清爽,8,11,使用体验,正面
2930,,,,划算,5,7,价格,正面
2931,,,,喜欢,3,5,整体,正面
2931,,,,不错,14,16,整体,正面
2932,味道,0,2,不是很喜欢,2,7,气味,负面
2932,,,,清爽,18,20,使用体验,正面
2932,,,,不紧绷,14,17,使用体验,正面
2933,物流速度,0,4,太快了,4,7,物流,正面
2934,,,,挺好的,12,15,整体,正面
2934,洁肤,25,27,很好,27,29,功效,正面
2935,,,,很好,13,15,整体,正面
2936,,,,很水润,3,6,使用体验,正面
2936,,,,很好,0,2,整体,正面
2937,,,,非常棒,0,3,整体,正面
2937,,,,好,9,10,整体,正面
2938,遮盖力,11,14,好,14,15,功效,正面
2939,提亮肤色效果,5,11,好,11,12,功效,正面
2940,,,,挺好,0,2,整体,正面
2940,,,,快,10,11,物流,正面
2941,快递,12,14,快,16,17,物流,正面
2942,,,,还不错,12,15,整体,正面
2943,,,,听服帖,0,3,使用体验,正面
2943,,,,自然,4,6,功效,正面
2943,价格,9,11,便宜,11,13,价格,正面
2944,,,,酸酸的,5,8,气味,负面
2945,,,,香香的,0,3,气味,正面
2945,颜色,4,6,正,6,7,其他,正面
2945,,,,喜欢,8,10,整体,正面
2946,,,,还行,0,2,整体,正面
2947,,,,挺好用的,2,6,整体,正面
2947,,,,便宜,6,8,价格,正面
2947,,,,实惠,8,10,价格,正面
2947,,,,好用,11,13,整体,正面
2948,,,,挺不错,6,9,整体,正面
2949,,,,不错,0,2,整体,正面
2949,,,,挺好的,5,8,整体,正面
2950,,,,挺好,9,11,整体,正面
2951,,,,非常不错,2,6,整体,正面
2951,外观,7,9,高大上,9,12,包装,正面
2951,,,,非常好,17,20,整体,正面
2952,,,,很不错的,2,6,整体,正面
2953,,,,省钱,17,19,价格,正面
2953,,,,便宜,14,16,价格,正面
2953,,,,满意,0,2,整体,正面
2954,,,,蛮补水的,7,11,功效,正面
2955,清洁度,0,3,比较好,3,6,功效,正面
2955,,,,比较赞的,18,22,整体,正面
2956,,,,很好用,0,3,整体,正面
2957,,,,一般,0,2,整体,中性
2958,物流,9,11,给力,11,13,物流,正面
2958,活动,17,19,很优惠,20,23,价格,正面
2959,,,,还可以,2,5,整体,正面
2959,,,,保湿,6,8,功效,正面
2959,,,,满意,15,17,整体,正面
2960,,,,挺好用的,0,4,整体,正面
2960,,,,很细,5,7,使用体验,正面
2960,,,,白,9,10,功效,正面
2960,,,,滋润,13,15,使用体验,正面
2961,,,,很好用,0,3,整体,正面
2961,,,,水水的,8,11,使用体验,正面
2961,,,,很划算,23,26,价格,正面
2962,,,,好评,8,10,整体,正面
2963,物流,0,2,快,2,3,物流,正面
2963,,,,好评,12,14,整体,正面
2964,,,,不错,16,18,整体,正面
2964,,,,挺实惠,19,22,价格,正面
2964,,,,挺好用的,23,27,整体,正面
2965,,,,正品,30,32,真伪,正面
2965,,,,不错,0,2,整体,正面
2965,,,,很开心,21,24,整体,正面
2965,,,,便宜,8,10,价格,正面
2966,,,,好评,32,34,整体,正面
2966,,,,比较信得过,25,30,整体,正面
2967,,,,很好用,0,3,整体,正面
2967,味道,14,16,不错,17,19,气味,正面
2968,味道,14,16,还不错,18,21,气味,正面
2969,,,,很喜欢,12,15,整体,正面
2969,,,,不错,9,11,整体,正面
2970,外观,22,24,很好看,25,28,包装,正面
2971,,,,很好用,0,3,整体,正面
2971,价格,4,6,便宜,6,8,价格,正面
2971,,,,实惠,9,11,价格,正面
2972,,,,还行,0,2,整体,正面
2973,包装,1,3,,,,包装,负面
2974,,,,是正品,10,13,真伪,正面
2974,洁面,18,20,很干净,20,23,功效,正面
2974,,,,温和,24,26,使用体验,正面
2974,,,,很好用,30,33,整体,正面
2974,,,,不刺激,26,29,使用体验,正面
2975,,,,不错,0,2,整体,正面
2975,补水美白效果,24,30,挺不错,31,34,功效,正面
2976,,,,不错,6,8,整体,正面
2977,,,,还不错,7,10,整体,正面
2977,,,,棒棒哒,24,27,整体,正面
2978,,,,很温和,22,25,使用体验,正面
2978,,,,保湿,26,28,功效,正面
2978,,,,淡淡的香味,29,34,气味,正面
2978,,,,很喜欢,35,38,整体,正面
2979,,,,物美价廉,24,28,价格,正面
2980,,,,还不错的,9,13,整体,正面
2981,,,,是正品,9,12,真伪,正面
2982,,,,是正品,11,14,真伪,正面
2982,物流,24,26,很快,27,29,物流,正面
2982,,,,很好,8,10,整体,正面
2983,,,,挺好的,0,3,整体,正面
2983,包装,8,10,新款,5,7,包装,正面
2983,,,,可以,13,15,整体,正面
2984,赠品,20,22,,,,价格,正面
2985,包装,0,2,很旧,2,4,包装,负面
2986,,,,不错,2,4,整体,正面
2987,,,,还不错,20,23,整体,正面
2987,,,,应该是真的,27,32,真伪,正面
2988,,,,非常满意,2,6,整体,正面
2988,,,,非常喜欢,9,13,整体,正面
2989,,,,挺水润的,0,4,使用体验,正面
2989,,,,很服帖,7,10,使用体验,正面
2990,,,,很很用的,9,13,整体,正面
2991,补水,26,28,,,,功效,正面
2991,,,,很划算,11,14,价格,正面
2991,,,,不错,19,21,整体,正面
2991,,,,薄薄的,22,25,使用体验,正面
2992,,,,好用,0,2,整体,正面
2992,补水效果,3,7,很好,7,9,功效,正面
2993,,,,好评,8,10,整体,正面
2994,物流,0,2,很快,2,4,物流,正面
2994,,,,很舒服,18,21,使用体验,正面
2994,,,,很温和,22,25,使用体验,正面
2994,,,,不刺激,26,29,使用体验,正面
2994,,,,好划算,39,42,价格,正面
2995,,,,好用,0,2,整体,正面
2996,,,,很好用,0,3,整体,正面
2996,,,,细致,10,12,使用体验,正面
2997,,,,还好吧,0,3,整体,正面
2997,,,,很干,8,10,使用体验,负面
2998,,,,好精致,2,5,整体,正面
2999,,,,有点滑滑的,4,9,使用体验,中性
2999,,,,较难清洗,13,17,使用体验,负面
2999,,,,还行,25,27,整体,正面
3000,补水,0,2,还不错,2,5,功效,正面
3001,,,,好合算,7,10,价格,正面
3002,包装,8,10,很好,10,12,包装,正面
3002,,,,不错,2,4,整体,正面
3003,,,,满意,4,6,整体,正面
3003,,,,很好,2,4,整体,正面
3004,,,,是正品,0,3,真伪,正面
3004,,,,很舒服,6,9,使用体验,正面
3005,,,,水润皮肤,6,10,使用体验,正面
3005,,,,更滋润,15,18,使用体验,正面
3006,,,,可干,13,15,使用体验,负面
3007,快递速度,20,24,很快,24,26,物流,正面
3007,快递员态度,27,32,很好,32,34,物流,正面
3007,,,,很滋润,12,15,使用体验,正面
3007,,,,挺好的,16,19,整体,正面
3008,,,,很好用,0,3,整体,正面
3008,,,,很方便,6,9,整体,正面
3008,,,,不错,22,24,整体,正面
3009,,,,很好,14,16,整体,正面
3009,速度,17,19,很快,19,21,物流,正面
3010,精华,2,4,多,4,5,成分,正面
3010,,,,还好,0,2,整体,正面
3010,,,,棒棒哒,11,14,整体,正面
3011,,,,真心不错,4,8,整体,正面
3011,,,,好一点,15,18,整体,正面
3012,,,,非常好,3,6,整体,正面
3012,,,,好得不得了,6,11,整体,正面
3012,,,,好,0,1,整体,正面
3012,,,,很好,1,3,整体,正面
3013,,,,很超值,6,9,价格,正面
3013,,,,不紧绷,12,15,使用体验,正面
3014,,,,假的,13,15,真伪,负面
3015,,,,蛮好的,5,8,整体,正面
3016,,,,不错,2,4,整体,正面
3017,,,,可以,0,2,整体,正面
3017,,,,不错,6,8,整体,正面
3018,,,,很多,4,6,其他,正面
3018,,,,还不错,29,32,整体,正面
3019,,,,是正品,5,8,真伪,正面
3020,,,,挺好的,5,8,整体,正面
3020,面膜纸,10,13,不厚,14,16,使用体验,正面
3020,,,,服帖,17,19,使用体验,正面
3020,,,,喜欢,20,22,整体,正面
3021,,,,正品,10,12,真伪,正面
3022,,,,不起干皮,6,10,使用体验,正面
3022,,,,挺润的,0,3,使用体验,正面
3023,物流,31,33,很给力,33,36,物流,正面
3024,,,,挺好用的,8,12,整体,正面
3025,,,,真的很不错,4,9,整体,正面
3025,,,,湿湿润润的,13,18,使用体验,正面
3025,,,,亮亮的,21,24,功效,正面
3026,卸妆效果,0,4,特好,4,6,功效,正面
3026,,,,棒棒哒,8,11,整体,正面
3026,,,,五星,19,21,整体,正面
3027,赠品,3,5,很好用,10,13,价格,正面
3027,,,,很滋润,15,18,使用体验,正面
3027,精华,22,24,很多,25,27,成分,正面
3027,,,,保湿,18,20,功效,正面
3028,包装,6,8,完好,8,10,包装,正面
3028,,,,好,0,1,整体,正面
3028,,,,不假白,2,5,功效,正面
3028,,,,均匀肤色,11,15,功效,正面
3028,,,,去除暗沉,15,19,功效,正面
3029,,,,很好用,2,5,整体,正面
3029,,,,很细腻,11,14,使用体验,正面
3030,卸妆力,5,8,最差,8,10,功效,负面
3031,味道,16,18,不错,18,20,气味,正面
3031,,,,不油腻,23,26,使用体验,正面
3031,,,,挺好用的,29,33,整体,正面
3032,活动,1,3,,,,价格,正面
3032,,,,物美价廉,14,18,价格,正面
3033,补水,8,10,没问题,10,13,功效,正面
3033,,,,超级划算,0,4,价格,正面
3034,,,,不错,0,2,整体,正面
3035,,,,不错,2,4,整体,正面
3036,,,,很好,0,2,整体,正面
3036,物流,3,5,很快,6,8,物流,正面
3036,服务态度,9,13,很好,0,2,服务,正面
3037,美白,14,16,,,,功效,中性
3038,,,,挺油腻,21,24,使用体验,负面
3039,,,,柔软,2,4,使用体验,正面
3039,,,,细腻,4,6,使用体验,正面
3039,吸收,7,9,挺快,10,12,使用体验,正面
3039,美白效果,17,21,,,,功效,中性
3040,,,,还不错,0,3,整体,正面
3040,,,,挺补水的,4,8,功效,正面
3040,,,,喜欢,8,10,整体,正面
3041,补水,8,10,还可以,10,13,功效,正面
3042,,,,很好用,0,3,整体,正面
3042,,,,很自然,4,7,功效,正面
3042,,,,滋润,14,16,使用体验,正面
3042,,,,挺好的,27,30,整体,正面
3042,,,,挺细腻的,31,35,使用体验,正面
3043,,,,会不会过敏,17,22,使用体验,中性
3044,物流,2,4,真是神速,4,8,物流,正面
3045,,,,好用,5,7,整体,正面
3046,,,,不错,13,15,整体,正面
3046,物流,18,20,太慢了,20,23,物流,负面
3047,味道,11,13,不一样,16,19,气味,中性
3048,,,,很好用,0,3,整体,正面
3048,,,,挺补水,4,7,功效,正面
3049,,,,可以,2,4,整体,正面
3049,客服态度,5,9,极差,9,11,服务,负面
3050,,,,还可以,0,3,整体,正面
3051,,,,还可以,0,3,整体,正面
3052,,,,很好用,7,10,整体,正面
3053,,,,挺好用的,0,4,整体,正面
3053,遮瑕效果,6,10,很好,11,13,功效,正面
3054,,,,不是很好用,0,5,整体,负面
3054,,,,有点卡粉,6,10,使用体验,负面
3055,性价比,18,21,很高,21,23,价格,正面
3055,活动,24,26,,,,价格,正面
3055,,,,还是不错的,7,12,整体,正面
3056,,,,挺好的,8,11,整体,正面
3056,,,,很喜欢,18,21,整体,正面
3057,,,,特别好用,0,4,整体,正面
3057,,,,比较保湿,5,9,功效,正面
3057,,,,干净,13,15,使用体验,正面
3058,,,,实惠,0,2,价格,正面
3058,袋子,16,18,很漂亮,18,21,包装,正面
3059,,,,不错,22,24,整体,正面
3060,,,,很好用,9,12,整体,正面
3060,赠品,18,20,很多,16,18,价格,正面
3060,,,,超赞,21,23,整体,正面
3061,,,,挺好,4,6,整体,正面
3061,,,,洗得干净,7,11,功效,正面
3061,,,,有点干,19,22,使用体验,负面
3062,保湿效果,2,6,不错,6,8,功效,正面
3062,价格,9,11,合理,11,13,价格,正面
3063,,,,很惊喜,8,11,价格,正面
3064,赠品,2,4,没有,0,2,价格,负面
3065,物流服务,6,10,好,10,11,物流,正面
3065,,,,很好,14,16,整体,正面
3066,,,,很好用,11,14,整体,正面
3067,,,,挺好的,5,8,整体,正面
3067,味道,9,11,还可以,12,15,气味,正面
3068,,,,挺好,4,6,整体,正面
3069,成膜,7,9,有点慢,9,12,使用体验,负面
3069,,,,完美,25,27,整体,正面
3069,,,,润色效果,33,37,功效,正面
3070,粉质,0,2,细,2,3,使用体验,正面
3070,上妆,4,6,轻薄,6,8,使用体验,正面
3070,上妆,4,6,透亮,8,10,使用体验,正面
3070,提亮肤色,13,17,不夸张,17,20,功效,正面
3070,,,,物美价廉,21,25,价格,正面
3070,,,,喜欢,29,31,整体,正面
3071,补水效果,0,4,不错,4,6,功效,正面
3071,价格,7,9,实惠,10,12,价格,正面
3072,,,,喜欢,9,11,整体,正面
3072,,,,爱不释手,20,24,整体,正面
3073,,,,挺划算的,5,9,价格,正面
3074,,,,不错,3,5,整体,正面
3074,,,,有一点点干,9,14,使用体验,中性
3074,,,,很好,26,28,整体,正面
3075,,,,很喜欢,10,13,整体,正面
3075,,,,挺温和的,3,7,使用体验,正面
3076,,,,很清爽,12,15,使用体验,正面
3077,,,,还行,6,8,整体,正面
3078,泡沫,17,19,很少,19,21,使用体验,负面
3078,,,,一般,14,16,整体,中性
3078,,,,有点紧绷,25,29,使用体验,负面
3078,,,,不是很适合,30,35,整体,负面
3079,快递,2,4,强大,6,8,物流,正面
3080,味道,3,5,很好闻,5,8,气味,正面
3080,味道,3,5,喜欢,11,13,气味,正面
3081,,,,还行,6,8,整体,正面
3081,,,,不错,12,14,整体,正面
3082,活动,6,8,很实惠,8,11,价格,正面
3082,清洁能力,0,4,,,,功效,中性
3083,,,,还不错,11,14,整体,正面
3084,价格,37,39,便宜,39,41,价格,正面
3085,优惠券,33,36,,,,价格,正面
3086,,,,很不错,2,5,整体,正面
3086,,,,很熟服,6,9,使用体验,正面
3086,,,,水水的,10,13,使用体验,正面
3086,味道,14,16,很好,17,19,气味,正面
3087,,,,不错,2,4,整体,正面
3087,,,,好评,6,8,整体,正面
3088,,,,不错,0,2,整体,正面
3088,,,,好帖,2,4,使用体验,正面
3089,发货物流,21,25,超快,25,27,物流,正面
3089,,,,不错,13,15,整体,正面
3089,,,,还可以,28,31,整体,正面
3090,,,,皮肤亮亮的,10,15,功效,正面
3090,,,,不错,29,31,整体,正面
3090,,,,很服帖,6,9,使用体验,正面
3091,活动,4,6,很合适,7,10,价格,正面
3091,,,,还不错,18,21,整体,正面
3092,物流,3,5,点赞,15,17,物流,正面
3093,,,,好用,0,2,整体,正面
3093,,,,不刺激,10,13,使用体验,正面
3094,价格,7,9,不算高,10,13,价格,正面
3095,包装,11,13,很满意,13,16,包装,正面
3096,,,,很好用,6,9,整体,正面
3096,价格,11,13,能接受,13,16,价格,正面
3097,包装,0,2,简陋,2,4,包装,负面
3098,,,,好用,13,15,整体,正面
3098,,,,保湿,15,17,功效,正面
3098,送货,22,24,迅速,24,26,物流,正面
3099,,,,物美价廉,5,9,价格,正面
3099,活动,15,17,,,,价格,正面
3099,赠品,20,22,,,,价格,正面
3099,,,,很细腻,25,28,使用体验,正面
3100,,,,还行,0,2,整体,正面
3100,,,,挺实惠的,3,7,价格,正面
3101,,,,隔离,2,4,功效,正面
3101,,,,增白,5,7,功效,正面
3101,,,,挺好的,17,20,整体,正面
3102,味道,17,19,很好闻,19,22,气味,正面
3103,物流,0,2,很快,2,4,物流,正面
3103,包装,5,7,很漂亮,8,11,包装,正面
3103,,,,很满意,13,16,整体,正面
3103,,,,不起皮,24,27,使用体验,正面
3104,,,,太不靠谱了,0,5,整体,负面
3104,,,,降价,13,15,价格,负面
3104,,,,就要过期了,22,27,新鲜度,负面
3105,,,,很舒服,0,3,使用体验,正面
3105,,,,特别水嫩,4,8,使用体验,正面
3106,,,,还可以,0,3,整体,正面
3106,,,,挺自然,7,10,使用体验,正面
3106,,,,少了点,13,16,其他,负面
3107,,,,还不错,8,11,整体,正面
3108,,,,不错,2,4,整体,正面
3109,,,,很好,0,2,整体,正面
3109,,,,便宜,15,17,价格,正面
3110,,,,是正品,2,5,真伪,正面
3110,,,,不错,0,2,整体,正面
3111,,,,比较好用,12,16,整体,正面
3112,,,,假货,0,2,真伪,负面
3112,遮瑕效果,16,20,没有,21,23,功效,负面
3112,,,,掉粉,28,30,使用体验,负面
3112,,,,特别的干,24,28,使用体验,负面
3112,,,,快要过期,9,13,新鲜度,负面
3113,物流,21,23,超级快,24,27,物流,正面
3113,,,,超级划算,5,9,价格,正面
3114,价格,24,26,便宜,26,28,价格,正面
3114,发货,29,31,很快,31,33,物流,正面
3114,,,,很好,21,23,整体,正面
3115,,,,好用,0,2,整体,正面
3116,,,,很干净,20,23,功效,正面
3116,,,,很好,5,7,整体,正面
3117,,,,很喜欢,1,4,整体,正面
3117,,,,方便,14,16,其他,正面
3118,,,,很快,2,4,物流,正面
3118,,,,好评,26,28,整体,正面
3119,包装,0,2,严实,2,4,包装,正面
3119,物流,5,7,快,7,8,物流,正面
3120,,,,挺好用的,9,13,整体,正面
3121,,,,挺好吸收,0,4,使用体验,正面
3121,,,,不油腻,6,9,使用体验,正面
3121,,,,很舒服,10,13,使用体验,正面
3121,美白效果,14,18,没看出来,19,23,功效,中性
3122,补水效果,11,15,不错,15,17,功效,正面
3122,,,,很滋润,18,21,使用体验,正面
3122,,,,不油腻,21,24,使用体验,正面
3122,,,,水水嫩嫩的,35,40,使用体验,正面
3122,,,,非常舒服,25,29,使用体验,正面
3123,,,,挺好,4,6,整体,正面
3124,,,,还可以,13,16,整体,正面
3125,,,,好用,4,6,整体,正面
3126,,,,温和,9,11,使用体验,正面
3126,,,,不刺激,11,14,使用体验,正面
3126,,,,物超所值,23,27,整体,正面
3127,速度,10,12,快,13,14,物流,正面
3127,,,,不错,18,20,整体,正面
3128,,,,清爽爽的,8,12,使用体验,正面
3128,,,,挺好用的,13,17,整体,正面
3129,活动价,5,8,超好,8,10,价格,正面
3129,,,,特别好用,0,4,整体,正面
3130,气味,0,2,重,2,3,气味,负面
3130,气味,0,2,不好闻,3,6,气味,负面
3130,持久度,7,10,不好,11,13,使用体验,负面
3131,,,,没有什么不良反应,18,26,使用体验,正面
3131,,,,不错,14,16,整体,正面
3132,,,,挺便宜,20,23,价格,正面
3133,,,,很快,2,4,物流,正面
3133,,,,正品保证,5,9,真伪,正面
3134,客服,19,21,很好,16,18,服务,正面
3134,,,,很好,16,18,整体,正面
3135,,,,支持,6,8,整体,正面
3136,,,,挺好用的,6,10,整体,正面
3137,,,,很好,2,4,整体,正面
3137,味道,13,15,香香的,10,13,气味,正面
3137,,,,很滋润,18,21,使用体验,正面
3137,,,,不干,21,23,使用体验,正面
3137,,,,变白了,34,37,功效,正面
3138,,,,非常好用,0,4,整体,正面
3139,,,,非常速度,18,22,物流,正面
3140,,,,变白,13,15,功效,正面
3140,,,,很水润,3,6,使用体验,正面
3140,,,,不过敏,19,22,使用体验,正面
3140,,,,好用,0,2,整体,正面
3141,,,,不多,1,3,整体,负面
3141,遮瑕,10,12,是假,12,14,功效,负面
3141,提亮肤色,15,19,是真,19,21,功效,正面
3141,物流,34,36,挺快,36,38,物流,正面
3141,,,,稍微干燥,27,31,使用体验,负面
3142,,,,很好用,0,3,整体,正面
3142,补水效果,12,16,特别棒,16,19,功效,正面
3143,,,,很好,2,4,整体,正面
3144,,,,是正品,18,21,真伪,正面
3145,,,,好评,2,4,整体,正面
3145,,,,还可以,5,8,整体,正面
3146,,,,非常满意,10,14,整体,正面
3146,,,,很好用,15,18,整体,正面
3147,,,,很好用,0,3,整体,正面
3147,,,,清爽,4,6,使用体验,正面
3147,价格,10,12,便宜,13,15,价格,正面
3147,,,,不油腻,6,9,使用体验,正面
3148,味道,13,15,很好闻,16,19,气味,正面
3148,,,,不错,10,12,整体,正面
3149,,,,超补水,11,14,功效,正面
3149,,,,很好,0,2,整体,正面
3149,,,,不错,3,5,整体,正面
3150,包装,0,2,完整,2,4,包装,正面
3150,包装,0,2,没有破损,4,8,包装,正面
3150,卖家服务态度,8,14,好,14,15,服务,正面
3151,,,,很清爽,6,9,使用体验,正面
3151,,,,不油腻,9,12,使用体验,正面
3152,面膜纸,0,3,很薄,3,5,使用体验,正面
3152,,,,很舒服,6,9,使用体验,正面
3152,吸收,12,14,很快,14,16,使用体验,正面
3152,,,,挺好,28,30,整体,正面
3152,,,,很清爽,31,34,使用体验,正面
3153,,,,还好吧,0,3,整体,正面
3154,价格,14,16,很实惠,17,20,价格,正面
3154,,,,还可以,1,4,整体,正面
3155,面积,2,4,太小,4,6,尺寸,负面
3156,,,,正品,0,2,真伪,正面
3156,,,,挺好的,2,5,整体,正面
3157,,,,自然,0,2,功效,正面
3157,,,,好推开,3,6,使用体验,正面
3157,,,,很清爽,7,10,使用体验,正面
3158,,,,物美价廉,0,4,价格,正面
3158,,,,快速,10,12,物流,正面
3159,精华,10,12,很多,12,14,成分,正面
3159,痘痘,34,36,消下去,37,40,使用体验,正面
3159,,,,很补水,16,19,功效,正面
3159,,,,满水润的,44,48,使用体验,正面
3160,,,,蛮轻薄的,9,13,使用体验,正面
3161,保湿效果,6,10,很好,10,12,功效,正面
3161,,,,很好用,2,5,整体,正面
3162,包装,0,2,挺精致,2,5,包装,正面
3163,发货速度,2,6,快,6,7,物流,正面
3163,价格,13,15,便宜,15,17,价格,正面
3164,,,,还行,17,19,整体,正面
3165,补水效果,6,10,特别好,10,13,功效,正面
3165,,,,好用,0,2,整体,正面
3165,,,,很喜欢,2,5,整体,正面
3165,,,,特别合算,16,20,价格,正面
3166,,,,不卡粉,10,13,使用体验,正面
3166,,,,保湿,7,9,功效,正面
3166,,,,滋润,5,7,使用体验,正面
3166,,,,非常好用,0,4,整体,正面
3167,,,,干净,9,11,功效,正面
3167,,,,没有紧绷感,13,18,使用体验,正面
3168,,,,还可以,13,16,整体,正面
3168,,,,太合适了,22,26,整体,正面
3169,,,,很满意,2,5,整体,正面
3169,,,,很喜欢,6,9,整体,正面
3169,价格,10,12,不贵,12,14,价格,正面
3169,快递,15,17,很快,17,19,物流,正面
3170,,,,不错,2,4,整体,正面
3170,,,,还可以,5,8,整体,正面
3171,味道,3,5,一样,5,7,气味,正面
3171,,,,不错,0,2,整体,正面
3172,,,,好用,9,11,整体,正面
3173,,,,还可以,0,3,整体,正面
3173,,,,补水,4,6,功效,正面
3174,,,,好的很,0,3,整体,正面
3174,,,,很喜欢,6,9,整体,正面
3174,,,,很滋养,11,14,使用体验,正面
3174,,,,美美哒,23,26,整体,正面
3175,,,,挺好用的,0,4,整体,正面
3175,,,,很温和,6,9,使用体验,正面
3176,,,,不错,2,4,整体,正面
3176,,,,很好,11,13,整体,正面
3177,送货,8,10,飞快,10,12,物流,正面
3178,包装,9,11,够随意,14,17,包装,负面
3179,,,,滋润,0,2,使用体验,正面
3179,,,,不油腻,3,6,使用体验,正面
3179,味道,7,9,喜欢,10,12,气味,正面
3180,包装,16,18,严实,18,20,物流,正面
3180,物流,23,25,太棒了,25,28,物流,正面
3181,,,,很好用,5,8,整体,正面
3182,,,,还不错,6,9,整体,正面
3183,成分,0,2,很安全,2,5,成分,正面
3184,,,,很舒服,2,5,使用体验,正面
3184,水,8,9,好多,6,8,成分,正面
3184,,,,没有过敏现象,17,23,使用体验,正面
3184,,,,挺好用的,12,16,整体,正面
3185,,,,还不错,14,17,整体,正面
3186,量,9,10,有点少,10,13,尺寸,负面
3186,,,,好用,15,17,整体,正面
3187,,,,特别好用,16,20,整体,正面
3188,,,,不错,7,9,整体,正面
3188,,,,不紧绷,13,16,使用体验,正面
3188,价格,21,23,亲民,23,25,价格,正面
3189,,,,好用,3,5,整体,正面
3189,,,,很细腻,7,10,使用体验,正面
3189,,,,很自然,12,15,使用体验,正面
3189,,,,是正品,0,3,真伪,正面
3190,,,,不错,20,22,整体,正面
3190,,,,挺好用的,23,27,整体,正面
3191,,,,蛮不错的,17,21,整体,正面
3192,,,,不错,17,19,整体,正面
3193,,,,还可以,0,3,整体,正面
3193,,,,挺漂亮的,4,8,整体,正面
3194,,,,这么便宜,4,8,价格,正面
3194,面膜纸,22,25,丝薄,25,27,使用体验,正面
3194,面膜纸,22,25,服帖,27,29,使用体验,正面
3194,,,,很喜欢,30,33,整体,正面
3195,,,,差死了,3,6,整体,负面
3195,,,,不好用,0,3,整体,负面
3196,,,,会起脂肪粒,27,32,使用体验,负面
3196,,,,很好,37,39,整体,正面
3197,速度,6,8,很快,8,10,物流,正面
3197,,,,还不错,2,5,整体,正面
3198,,,,很好用,2,5,使用体验,正面
3198,,,,超水润,6,9,使用体验,正面
3198,,,,补水,9,11,功效,正面
3198,,,,很好,14,16,整体,正面
3198,,,,保湿,11,13,功效,正面
3199,卸妆,0,2,很干净,2,5,功效,正面
3199,,,,不刺激,7,10,使用体验,正面
3200,,,,还行吧,0,3,整体,正面
3200,,,,还挺香的,4,8,气味,正面
3201,,,,活动价,0,3,价格,正面
3201,补水效果,16,20,很好,20,22,功效,正面
3201,,,,超级服帖,11,15,使用体验,正面
3201,,,,很喜欢,23,26,整体,正面
3202,发货速度,0,4,一流的,11,14,物流,正面
3202,配送服务,5,9,一流的,11,14,物流,正面
3203,,,,还好,10,12,整体,正面
3203,,,,不黏不腻,13,17,使用体验,正面
3203,,,,便宜实惠,18,22,价格,正面
3203,,,,好洗,23,25,使用体验,正面
3204,,,,不错,2,4,整体,正面
3204,,,,不油腻,5,8,使用体验,正面
3204,赠品,10,12,,,,价格,正面
3204,,,,喜欢,13,15,整体,正面
3205,,,,非常喜欢,0,4,整体,正面
3206,味道,2,4,差不多,8,11,气味,正面
3207,,,,一般般,0,3,整体,中性
3208,,,,过敏了,26,29,使用体验,负面
3209,清洁能力,0,4,弱,5,6,功效,负面
3209,,,,很稀,22,24,其他,负面
3210,,,,挺好的,16,19,整体,正面
3210,快递,21,23,很快,24,26,物流,正面
3211,,,,特别滋润,2,6,使用体验,正面
3211,提亮肤色,7,11,非常不错,14,18,功效,正面
3211,,,,不油腻,19,22,使用体验,正面
3211,,,,不错,27,29,整体,正面
3212,,,,很好,2,4,整体,正面
3212,,,,真心不错,9,13,整体,正面
3212,,,,很喜欢,4,7,整体,正面
3212,,,,满意,13,15,整体,正面
3213,,,,超喜欢,17,20,整体,正面
3214,,,,挺实惠,26,29,价格,正面
3215,补水效果,5,9,不错,9,11,功效,正面
3215,,,,挺超值的,0,4,价格,正面
3216,,,,很好,7,9,整体,正面
3217,,,,不错,9,11,整体,正面
3218,,,,辣脸,9,11,使用体验,负面
3218,,,,痒,25,26,使用体验,负面
3218,,,,不是正品,29,33,真伪,负面
3219,,,,不错,0,2,整体,正面
3219,,,,物美价廉,4,8,价格,正面
3220,,,,很保湿,8,11,功效,正面
3220,,,,物美价廉,13,17,价格,正面
3220,,,,不错,18,20,整体,正面
3221,,,,棒棒哒,17,20,整体,正面
3222,,,,还不错,0,3,整体,正面
3222,,,,不干,4,6,使用体验,正面
3223,,,,很好用,7,10,整体,正面
3224,,,,还行,2,4,整体,正面
3225,,,,皮肤亮白,12,16,功效,正面
3225,服务,17,19,周到,19,21,服务,正面
3226,价格,27,29,挺优惠的,29,33,价格,正面
3227,物流,0,2,很快,2,4,物流,正面
3227,包装,5,7,不错,7,9,包装,正面
3228,香精,17,19,,,,成分,负面
3228,,,,还可以,2,5,整体,正面
3229,,,,挺好用的,4,8,整体,正面
3229,补水,15,17,棒棒的,17,20,功效,正面
3229,蚕丝面料,26,30,,,,成分,正面
3229,,,,轻薄,31,33,使用体验,正面
3229,,,,透气,33,35,使用体验,正面
