1,_,是正品,真伪,正面
1,_,白嫩,使用体验,正面
1,_,不错的,整体,正面
2,_,不是喜欢,整体,负面
2,颜色,明显,其他,负面
2,包装,太差了,包装,负面
2,遮瑕效果,没有一点,功效,负面
2,_,不建议购买,整体,负面
2,_,不喜欢,整体,负面
3,_,_,_,_
4,_,还行吧,整体,正面
4,_,没有出现任何问题,整体,正面
4,_,还行,整体,正面
4,_,好,整体,正面
4,_,不错,整体,正面
4,_,很好,整体,正面
5,_,不错,整体,正面
5,遮瑕效果,很好,功效,正面
6,_,很细腻,使用体验,正面
6,_,贴合肤色,使用体验,正面
6,_,提亮了肌肤,功效,正面
6,_,很好用,整体,正面
7,_,特别好用,整体,正面
7,_,很喜欢,整体,正面
8,_,好评,整体,正面
9,_,还可以,整体,正面
9,_,好东西,整体,正面
9,_,愉快,整体,正面
9,_,_,整体,正面
10,_,_,_,_
11,_,不错,整体,正面
11,_,没有油腻,使用体验,正面
11,_,很清爽,使用体验,正面
11,_,水润,使用体验,正面
12,包装,一般,包装,中性
12,_,还行,整体,正面
12,_,不错,整体,正面
13,质量,一般般,其他,中性
13,包装,有点差,包装,负面
13,味道,有点刺鼻,气味,负面
14,_,不错,整体,正面
15,物流速度,快,物流,正面
15,包装质量,_,包装,负面
15,_,很不爽,整体,负面
16,包装,差了,包装,负面
16,_,没以前的好用,整体,负面
17,_,_,_,_
18,_,很喜欢,整体,正面
18,_,很好用,整体,正面
18,包装,很好,包装,正面
18,快递员服务,很好,物流,正面
19,_,_,_,_
20,_,自然,功效,正面
20,_,不油腻,使用体验,正面
20,_,好用,整体,正面
21,_,挺好用的,整体,正面
21,_,好评,整体,正面
22,_,很适合,整体,正面
22,_,比较干净,功效,正面
22,_,最合适,整体,正面
23,_,很不错,整体,正面
23,_,很贴肤,使用体验,正面
23,_,细腻,使用体验,正面
23,_,不油腻,使用体验,正面
24,_,不错,整体,正面
24,_,有点贵,价格,负面
24,包装,不错,包装,正面
24,味道,好闻,气味,正面
24,使用体验,不错,使用体验,正面
25,_,_,_,_
26,_,很好用,整体,正面
26,_,太贵了,价格,负面
26,_,有点干,使用体验,负面
27,_,真心不错,整体,正面
28,成膜,较慢,功效,负面
28,_,油腻,使用体验,负面
28,_,一般,整体,中性
28,包装,精美,包装,正面
28,气味,清新,气味,正面
28,_,不错,整体,正面
28,价格,便宜,价格,正面
28,物流,快,物流,正面
29,_,很好用,整体,正面
29,_,很温和,使用体验,正面
29,_,值得入手,整体,正面
29,_,小仙女,整体,正面
30,_,还可以,整体,正面
30,_,发白,使用体验,中性
30,包装设计,很独特,包装,正面
30,气味,很好闻,气味,正面
30,_,还不错,整体,正面
30,价格,便宜,价格,正面
30,物流,快,物流,正面
30,气味,好闻,气味,正面
30,包装,精美,包装,正面
30,_,不错,整体,正面
31,_,不错,整体,正面
31,_,非常好,整体,正面
32,_,好评,整体,正面
32,_,干净,功效,正面
32,_,好,整体,正面
32,_,升级,其他,正面
32,卸妆,干净,功效,正面
32,_,卸妆液,整体,正面
33,_,好用,整体,正面
33,_,很自然,功效,正面
33,包装,精美,包装,正面
33,气味,清新,气味,正面
33,使用体验,很好,使用体验,正面
33,价格,实惠,价格,正面
33,_,不错,整体,正面
34,_,快,物流,正面
34,_,很好,整体,正面
34,_,不错,整体,正面
34,价格,有点贵,价格,负面
35,_,有些不合适,整体,负面
35,_,有刺激性,使用体验,负面
35,_,有些痒,使用体验,负面
35,_,很不舒服,使用体验,负面
35,_,刺激性,使用体验,负面
35,_,痒,使用体验,负面
36,快递,很快,物流,正面
36,_,值得信赖,整体,正面
36,_,大品牌,整体,正面
37,速度,很快,物流,正面
37,_,很划算,价格,正面
38,_,很水润,使用体验,正面
38,包装,不错,包装,正面
38,使用体验,非常好,使用体验,正面
38,包装设计,很有创意,包装,正面
38,价格,合理,价格,正面
39,物流,很快,物流,正面
39,快递小哥服务,很好,物流,正面
39,包装,很好,包装,正面
39,气味,很好,气味,正面
39,使用体验,很好,使用体验,正面
39,_,真的,真伪,正面
40,_,_,_,_
41,_,水水的,使用体验,正面
41,_,很好用,整体,正面
41,_,不紧绷,使用体验,正面
42,质量,一般,其他,中性
42,包装,一般,包装,中性
42,味道,一般,气味,中性
42,_,一般,整体,中性
43,_,挺好用的,整体,正面
43,酒精味,重了点,气味,负面
44,_,很喜欢,整体,正面
45,_,很好,整体,正面
45,_,一直在用,整体,正面
45,_,好几次,整体,正面
46,_,还可以,整体,正面
46,_,有点贵,价格,负面
47,_,非常不错,整体,正面
47,味道,没有刺鼻,气味,正面
47,_,很温和,使用体验,正面
47,_,很舒服,使用体验,正面
48,_,还行,整体,正面
48,_,不错,整体,正面
49,发货,太垃圾了,物流,负面
49,_,不值,价格,负面
49,盒子,没有,包装,负面
49,_,塑料袋,包装,负面
49,_,太垃圾了,整体,负面
50,香味,淡淡的,气味,正面
50,_,还不错,整体,正面
50,发票,不提供,服务,负面
51,_,不错,整体,正面
52,_,好用,整体,正面
52,_,显白,功效,正面
52,_,不油腻,使用体验,正面
53,价格,挺便宜的,价格,正面
54,_,_,_,_
55,_,很不错,整体,正面
55,_,实惠,价格,正面
56,包装,有点破,包装,负面
56,_,很喜欢,整体,正面
56,_,有点失望,整体,负面
57,_,不怎么好用,整体,负面
58,_,亲肤,使用体验,正面
58,_,柔和,使用体验,正面
58,_,满意,整体,正面
58,_,大大的,尺寸,正面
58,_,卸妆水,整体,正面
59,_,辣眼睛,使用体验,负面
59,_,疼眼睛,使用体验,负面
60,_,非常好,整体,正面
60,_,很滑,使用体验,正面
60,_,很嫩,使用体验,正面
61,_,好,整体,正面
61,_,买,整体,正面
62,_,不好用,整体,负面
62,_,不适合,整体,负面
62,_,蹭下来,使用体验,负面
62,_,不是想象那样,整体,负面
62,_,一擦就蹭下来,使用体验,负面
62,_,总觉得,整体,负面
63,活动,_,价格,正面
63,性价比,特别好,价格,正面
63,_,特别合适,整体,正面
64,_,很适合,整体,正面
64,_,不错,整体,正面
65,送货师傅,很给力,物流,正面
65,_,不错,整体,正面
66,物流,很快,物流,正面
66,_,还可以,整体,正面
66,包装,有点差,包装,负面
66,包装,很好,包装,正面
66,_,不错,整体,正面
66,价格,有点贵,价格,负面
66,气味,有点刺鼻,气味,负面
67,_,好用,整体,正面
68,物流,非常快,物流,正面
68,包装,不错,包装,正面
69,快递,给力的,物流,正面
69,包装,精致的,包装,正面
69,包装,精美,包装,正面
69,价格,便宜,价格,正面
69,物流速度,很快,物流,正面
69,_,不错,整体,正面
70,_,_,_,_
71,_,保湿,功效,正面
71,_,滋润,使用体验,正面
71,_,挺好的,整体,正面
72,包装,很一般,包装,中性
72,味道,很一般,气味,中性
72,_,很一般,整体,中性
72,味道,很好,气味,正面
72,_,还不错,整体,正面
73,_,过敏,使用体验,负面
73,_,痒痒的,使用体验,负面
73,_,长红色的疙瘩,使用体验,负面
73,_,停用,使用体验,负面
74,_,不怎么滴,整体,负面
75,活动,非常划算,价格,正面
75,_,真心不错,整体,正面
75,_,温和,使用体验,正面
75,_,不刺激,使用体验,正面
76,性价比,高,价格,正面
76,包装,不错,包装,正面
76,气味,好闻,气味,正面
76,使用体验,不错,使用体验,正面
77,_,好评,整体,正面
77,_,真的好好用,整体,正面
77,_,无刺激,使用体验,正面
78,价格,便宜,价格,正面
78,性价比,高,价格,正面
78,包装,不错,包装,正面
78,_,还可以,整体,正面
79,包装,很好,包装,正面
79,快递,快,物流,正面
79,_,不错,整体,正面
80,补水效果,_,功效,中性
80,_,还不错,整体,正面
80,_,_,整体,中性
81,_,_,_,_
82,物流,很快,物流,正面
82,_,不错,整体,正面
83,_,还行,整体,正面
83,_,不油腻,使用体验,正面
83,_,不粘腻,使用体验,正面
83,_,不错,整体,正面
84,_,还不错,整体,正面
84,_,会回购,整体,正面
84,_,感觉还不错,整体,正面
85,设计,很喜欢,包装,正面
85,包装设计,很好,包装,正面
85,使用体验,不错,使用体验,正面
85,价格,便宜,价格,正面
85,物流,不错,物流,正面
85,气味,很好,气味,正面
85,_,不错,整体,正面
86,_,很好用,整体,正面
86,_,修复得很好,功效,正面
86,_,光光滑的,使用体验,正面
86,_,超喜欢的,整体,正面
87,速度,很快,物流,正面
87,_,好评,整体,正面
87,_,水润润,使用体验,正面
88,_,很温和,使用体验,正面
88,_,很清爽,使用体验,正面
88,_,不紧绷,使用体验,正面
88,_,很划算,价格,正面
89,性价比,高,价格,正面
89,包装,精美,包装,正面
89,气味,好闻,气味,正面
89,_,非常好用,整体,正面
89,_,好,使用体验,正面
89,_,不错,整体,正面
90,_,不错,整体,正面
91,_,挺好的,整体,正面
91,_,不错的,整体,正面
92,味道,不是很喜欢,气味,负面
92,包装,太差了,包装,负面
92,物流,太慢了,物流,负面
92,价格,太贵了,价格,负面
92,_,太差了,整体,负面
92,味道,太难闻了,气味,负面
93,_,很好用,整体,正面
93,味道,特别好闻,气味,正面
93,_,很细腻,使用体验,正面
94,价格,优惠,价格,正面
94,_,满意,整体,正面
95,_,_,_,_
96,_,特别滑,使用体验,正面
96,精华液,挺多,成分,正面
96,_,好评,整体,正面
97,包装,精美,包装,正面
97,价格,实惠,价格,正面
97,物流速度,很快,物流,正面
97,使用体验,很好,使用体验,正面
98,_,很不错,整体,正面
98,_,非常喜欢,整体,正面
98,小赠品,_,价格,正面
98,快递,给力的很,物流,正面
99,补水效果,较好,功效,正面
100,补水效果,特别好,功效,正面
100,_,特别水润,使用体验,正面
101,性价比,高,价格,正面
101,_,还可以,整体,正面
102,_,_,_,_
103,_,很喜欢,整体,正面
103,_,水水的,使用体验,正面
104,_,可以,整体,正面
104,_,便宜,价格,正面
104,_,实惠,价格,正面
105,_,_,_,_
106,活动,_,价格,正面
106,_,好用,整体,正面
106,_,超级好用,整体,正面
107,_,_,_,_
108,_,不错,整体,正面
108,_,有点干,使用体验,负面
109,送货,快,物流,正面
109,包装,好,包装,正面
109,_,很好用,整体,正面
109,_,好评,整体,正面
110,味道,_,气味,正面
110,_,还行吧,整体,正面
111,补水效果,不错,功效,正面
111,保湿效果,不错,功效,正面
111,性价比,很高,价格,正面
111,_,还不错,整体,正面
111,包装,不错,包装,正面
111,气味,不错,气味,正面
111,物流,不错,物流,正面
111,服务,不错,服务,正面
111,尺寸,不错,尺寸,正面
111,新鲜度,不错,新鲜度,正面
112,_,是正品,真伪,正面
112,香味,浓郁,气味,正面
112,遮瑕效果,非常好,功效,正面
113,保湿效果,不错,功效,正面
113,_,挺好用的,整体,正面
114,_,非常好用,整体,正面
115,_,很好用,整体,正面
116,味道,好闻,气味,正面
116,包装,不错,包装,正面
116,_,不错,整体,正面
117,_,_,_,_
118,价格,合适,价格,正面
118,_,不贵,价格,正面
118,_,好用,整体,正面
119,_,是正品,真伪,正面
119,性价比,最高,价格,正面
119,_,很好用,整体,正面
119,物流,很快,物流,正面
120,_,挺好的,整体,正面
120,_,不错,整体,正面
120,_,可以,整体,正面
120,_,试试,整体,正面
121,_,挺好的,整体,正面
121,包装,很好,包装,正面
121,味道,不错,气味,正面
121,价格,便宜,价格,正面
121,物流,不错,物流,正面
121,_,不错,整体,正面
121,包装,不错,包装,正面
122,味道,真的不好闻,气味,负面
122,_,很次,整体,负面
122,滑石粉,放多了,成分,负面
122,_,不好冲洗,使用体验,负面
122,赠品,_,价格,正面
122,_,很勉强,整体,负面
122,_,真的不好闻,气味,负面
123,_,可以,整体,正面
124,_,确实很好用,整体,正面
124,_,好用,整体,正面
125,_,好用,整体,正面
125,_,不贵,价格,正面
126,_,不错,整体,正面
126,_,好用,整体,正面
126,_,一如既往的好用,整体,正面
127,送货速度,很快,物流,正面
127,_,好用,整体,正面
127,_,挺清爽的,使用体验,正面
127,_,优惠,价格,正面
127,送货速度,很方便,物流,正面
128,_,还可以,整体,正面
129,_,_,_,_
130,_,物美价廉,价格,正面
130,发货,快,物流,正面
130,盒子,很漂亮,包装,正面
131,活动,_,价格,正面
131,_,便宜,价格,正面
132,_,不好用,整体,负面
133,快递,慢,物流,负面
133,_,一般般,整体,中性
134,物流,快,物流,正面
134,包装,很好,包装,正面
134,价格,有点贵,价格,负面
134,_,一模一样,整体,正面
135,赠品,没有,价格,负面
135,价格,便宜一点,价格,正面
135,赠品,有一点,价格,正面
135,价格,差不多,价格,中性
136,_,好用,整体,正面
136,_,超级好用,整体,正面
136,_,不干,使用体验,正面
136,_,很舒服,使用体验,正面
137,水份,多,成分,正面
137,价格,便宜,价格,正面
137,_,不紧,使用体验,正面
137,_,没买错,整体,正面
138,_,超级补水,功效,正面
138,_,超级划算,价格,正面
138,_,五星好评,整体,正面
139,_,_,整体,正面
140,送货,快,物流,正面
141,补水效果,很好,功效,正面
141,_,很好用,整体,正面
141,_,滋润,使用体验,正面
141,_,服帖,使用体验,正面
142,_,_,_,_
143,_,挺实惠,价格,正面
143,_,蛮好用,整体,正面
143,_,很滋润,使用体验,正面
143,使用体验,不错,使用体验,正面
143,包装,不错,包装,正面
143,气味,不错,气味,正面
143,_,不错,整体,正面
144,_,_,_,_
145,物流,杠杠的,物流,正面
145,包装,不错,包装,正面
145,效果,_,功效,中性
146,_,_,_,_
147,_,还可以,整体,正面
147,_,有点小,尺寸,负面
147,包装,很好,包装,正面
147,味道,不错,气味,正面
147,使用体验,一般,使用体验,中性
147,_,还不错,整体,正面
147,包装,不错,包装,正面
148,补水效果,特别好,功效,正面
149,_,还可以,整体,正面
149,吸收效果,不是太好,使用体验,负面
149,包装设计,很独特,包装,正面
149,气味,很好闻,气味,正面
149,使用体验,不错,使用体验,正面
149,价格,便宜,价格,正面
149,_,很好,整体,正面
149,异味,_,气味,负面
150,_,很好,整体,正面
150,_,有一点增白的效果,功效,正面
151,发货,快,物流,正面
151,包装,好,包装,正面
151,服务,好,服务,正面
151,价格,好,价格,正面
151,_,好评,整体,正面
151,_,一如既往的好评,整体,正面
152,_,不是太喜欢,整体,负面
152,味道,有点重,气味,负面
152,包装,有点差,包装,负面
152,价格,有点贵,价格,负面
152,物流,有点慢,物流,负面
153,配送员服务,超好,物流,正面
153,_,超级不错,整体,正面
153,_,细腻,使用体验,正面
153,_,不起块,使用体验,正面
154,_,干,使用体验,负面
154,_,搓泥,使用体验,负面
155,送货,快,物流,正面
155,_,经济,价格,正面
155,_,实惠,价格,正面
155,送货速度,喜欢,物流,正面
155,_,好用,整体,中性
155,_,秒杀,价格,正面
156,_,很好用,整体,正面
157,养肤效果,不错,功效,正面
157,使用体验,很好,使用体验,正面
158,遮暇力度,不够,功效,负面
158,_,不油腻,使用体验,正面
158,_,服帖,使用体验,正面
158,性价比,超高,价格,正面
158,_,喜欢,整体,正面
159,_,是正品,真伪,正面
160,_,_,_,_
161,_,很好用,整体,正面
161,_,很实惠,价格,正面
161,包装,很好,包装,正面
161,气味,不错,气味,正面
161,使用体验,很好,使用体验,正面
161,_,不错,整体,正面
162,物流,很快,物流,正面
162,价格,实惠,价格,正面
162,_,挺好,整体,正面
163,_,挺好用的,整体,正面
163,卸妆,很温和,功效,正面
163,_,很清爽,使用体验,正面
163,_,不伤皮肤,使用体验,正面
164,外包装,湿了,包装,负面
164,_,十分不好,整体,负面
164,商家,改进,服务,中性
164,_,不知道如何,整体,中性
165,物流速度,不错,物流,正面
165,_,很喜欢,整体,正面
165,_,支持一下,整体,正面
165,_,_,整体,正面
166,_,挺好用的,整体,正面
167,性价比,高,价格,正面
167,包装,精美,包装,正面
167,气味,好闻,气味,正面
167,_,非常不错,整体,正面
167,_,实惠,价格,正面
167,_,好,整体,正面
167,_,不错,整体,正面
168,_,挺好用的,整体,正面
168,_,挺滋润的,使用体验,正面
168,_,没有那么大,使用体验,正面
168,_,正面效果,使用体验,正面
169,_,好评,整体,正面
169,_,好用,整体,正面
169,性价比,高,价格,正面
170,遮瑕效果,不错,功效,正面
170,使用感,不错,使用体验,正面
170,包装,不错,包装,正面
170,气味,不错,气味,正面
170,_,确实适合,整体,正面
170,_,不错,整体,正面
171,_,不怎么好用,整体,负面
171,_,洗不干净,功效,负面
171,_,便宜,价格,正面
171,_,不知道是不是真的,真伪,中性
172,吸收,快,使用体验,正面
172,_,超级滋润,使用体验,正面
172,活动,给力,价格,正面
172,价格,便宜,价格,正面
172,包装,精美,包装,正面
172,气味,好闻,气味,正面
173,包装,捡漏,包装,负面
173,包装,不厚道,包装,负面
173,包装,不送个盒子,包装,负面
173,包装,用塑料袋装着,包装,负面
174,_,_,_,_
175,_,很好用,整体,正面
175,_,一直再回购,整体,正面
176,_,有点点卡粉,使用体验,负面
176,_,不咋个遮瑕,功效,负面
176,_,有点点干,使用体验,负面
177,_,一如既往的好,整体,正面
178,_,挺满意的,整体,正面
178,_,还不错,整体,正面
178,补水效果,挺好的,功效,正面
178,_,有点紧绷,使用体验,负面
179,_,物超所值,整体,正面
179,_,物聊超快,物流,正面
180,_,比较容易推开,使用体验,正面
180,防晒效果,挺快的,功效,正面
180,_,不油腻,使用体验,正面
180,持久情况,挺不错的,功效,正面
180,_,不泛白,功效,正面
180,成膜,挺快的,功效,正面
180,_,泛白,功效,中性
181,_,很好,整体,正面
181,_,不过敏,使用体验,正面
181,_,很保湿,功效,正面
181,_,不油腻,使用体验,正面
182,_,还不错,整体,正面
182,_,能遮盖红血丝,功效,正面
182,_,挺干,使用体验,中性
183,_,是正品,真伪,正面
183,_,很好用,整体,正面
184,_,_,_,_
185,_,应该不错,整体,正面
185,_,可以,整体,正面
186,物流速度,快,物流,正面
186,_,非常不错,整体,正面
186,包装,精美,包装,正面
186,气味,清香,气味,正面
186,使用体验,很好,使用体验,正面
186,价格,实惠,价格,正面
186,_,不错,整体,正面
187,保湿效果,很好,功效,正面
188,_,特别好用,整体,正面
188,_,赞,整体,正面
189,_,_,_,_
190,价格,合适,价格,正面
190,包装,不错,包装,正面
190,气味,不错,气味,正面
190,使用体验,不错,使用体验,正面
190,_,不错,整体,正面
191,_,很不错,整体,正面
192,_,很好用,整体,正面
192,_,很舒服,使用体验,正面
192,_,_,价格,中性
192,_,_,物流,中性
192,_,_,气味,中性
192,_,_,包装,中性
192,_,_,真伪,中性
192,_,_,服务,中性
193,_,_,_,_
194,泡泡,不是很多,使用体验,中性
194,气味,很好闻,气味,正面
194,气味,淡淡的清香,气味,正面
194,使用体验,还不错,使用体验,正面
194,包装,很好,包装,正面
194,_,还不错,整体,正面
195,_,一般,整体,中性
196,_,_,_,_
197,_,还行,整体,正面
198,_,还可以,整体,正面
198,_,不紧绷,使用体验,正面
199,物流,很快,物流,正面
199,_,很满意,整体,正面
199,_,还不错,整体,正面
200,补水,可以的,功效,正面
200,_,有些油,使用体验,负面
201,送货速度,快,物流,正面
201,包装,精美,包装,正面
201,味道,好闻,气味,正面
201,价格,便宜,价格,正面
201,_,很不错,整体,正面
201,_,赞一个,整体,正面
201,_,很喜欢,整体,正面
201,_,好,整体,正面
201,_,棒棒的,整体,正面
201,_,不错,整体,正面
202,_,_,_,_
203,_,挺好的,整体,正面
203,物流,挺快的,物流,正面
203,_,好评,整体,正面
204,_,还可以,整体,正面
205,_,_,_,_
206,礼盒,_,包装,正面
206,盒子,很精美,包装,正面
206,卖家,良心,服务,正面
206,_,大大的幸福,整体,正面
206,_,很好用,整体,正面
207,_,很喜欢,整体,正面
207,_,很好用,整体,正面
207,香味,不重,气味,正面
207,_,不刺激,使用体验,正面
207,_,特别好,整体,正面
208,_,挺好用的,整体,正面
208,味道,香香的,气味,正面
208,_,很滑,使用体验,正面
208,_,很舒服,使用体验,正面
208,_,好评,整体,正面
209,_,_,_,_
210,活动,给力,价格,正面
210,_,贵些,价格,负面
210,_,郁闷,价格,负面
210,活动,_,价格,正面
210,_,不买,价格,负面
210,活动,早知道,价格,正面
210,活动,不买,价格,负面
210,活动,贵些,价格,负面
211,补水效果,特别好,功效,正面
211,_,很喜欢,整体,正面
211,包装设计,很独特,包装,正面
211,气味,很好闻,气味,正面
211,使用体验,不错,使用体验,正面
211,价格,便宜,价格,正面
211,_,还不错,整体,正面
212,_,假的,真伪,负面
213,_,不好,整体,负面
213,_,好用,整体,正面
213,_,没有其他款式的好用,整体,负面
213,_,效果不好,整体,负面
214,_,不错,整体,正面
214,_,满意,整体,正面
215,_,非常好用,整体,正面
215,_,很干净,使用体验,正面
216,_,很好用,整体,正面
216,_,不油腻,使用体验,正面
216,_,有点小,尺寸,负面
216,_,大油田的最佳选择,整体,正面
216,_,快,使用体验,正面
216,_,可以考虑大瓶装,尺寸,正面
217,补水效果,不错,功效,正面
217,保湿效果,一般般,功效,中性
217,_,还不错,整体,正面
218,快递,超级给力,物流,正面
218,_,不错,整体,正面
219,活动,很惊喜,价格,正面
219,赠品,_,价格,正面
219,颜值,在线,包装,正面
219,成分,安全,成分,正面
219,_,很好用,整体,正面
219,_,好开森,整体,正面
219,_,安全,成分,正面
220,包装,挺好看的,包装,正面
220,快递小哥,挺好的,物流,正面
220,包装,不错,包装,正面
220,快递小哥,不错,物流,正面
220,_,不错,整体,正面
220,价格,便宜,价格,正面
220,气味,不错,气味,正面
221,_,不错,整体,正面
221,_,喜欢,整体,正面
222,_,很便宜,价格,正面
222,包装,很好,包装,正面
222,味道,不错,气味,正面
222,使用体验,不错,使用体验,正面
222,_,不错,整体,正面
223,_,很好用,整体,正面
223,价格,有点贵,价格,负面
223,_,涨价,价格,负面
223,_,有点贵,价格,负面
224,_,好用,整体,正面
224,_,很舒服,使用体验,正面
224,使用体验,非常好,使用体验,正面
224,包装设计,很有创意,包装,正面
224,性价比,很高,价格,正面
224,气味,很清新,气味,正面
225,_,_,_,_
226,_,很好,整体,正面
226,_,不错,整体,正面
227,_,很好用,整体,正面
227,_,很方便,整体,正面
227,_,很好,整体,正面
228,速度,飞快,物流,正面
228,_,大爱,整体,正面
229,_,光滑,使用体验,正面
230,_,不过敏,使用体验,正面
230,_,很好用,整体,正面
230,包装,精美,包装,正面
230,气味,清新,气味,正面
230,使用体验,很好,使用体验,正面
230,价格,实惠,价格,正面
230,_,不错,整体,正面
231,物流,快,物流,正面
231,_,真心不错,整体,正面
231,_,喜欢,整体,正面
232,_,_,_,_
233,_,物超所值,整体,正面
233,_,好评,整体,正面
234,_,好用,整体,正面
234,_,不粘锅,使用体验,正面
234,_,不粘油,使用体验,正面
234,_,不粘水,使用体验,正面
234,_,不粘,使用体验,正面
235,_,还好,整体,正面
235,_,有点贵,价格,负面
235,包装,有点差,包装,负面
235,味道,有点刺鼻,气味,负面
235,_,还不错,整体,正面
236,_,水润,使用体验,正面
236,_,轻薄,使用体验,正面
236,_,比较保湿,功效,正面
236,_,不错,整体,正面
236,包装设计,很独特,包装,正面
236,使用体验,很好,使用体验,正面
236,气味,很清新,气味,正面
237,_,挺好,整体,正面
238,_,很不开心,整体,负面
238,_,贵了,价格,负面
238,优惠卷,_,价格,负面
238,_,不很,整体,负面
238,_,很不,整体,负面
238,_,不,整体,负面
239,吸收,很好,使用体验,正面
239,_,很喜欢,整体,正面
239,_,适合,整体,正面
240,_,_,_,_
241,补水,还可以,功效,正面
241,精华液,很多,成分,正面
241,_,不错,整体,正面
242,_,便宜,价格,正面
242,_,没什么好说的,整体,负面
242,_,第一次,整体,负面
242,_,最后一次,整体,负面
242,_,_,整体,负面
243,_,一般,整体,中性
243,_,没什么效果,功效,负面
244,_,不错,整体,正面
244,_,非常好用,整体,正面
245,送货上门,_,物流,正面
245,速度,快,物流,正面
245,包装,有点破,包装,负面
246,服务,很好,服务,正面
246,性价比,高,价格,正面
246,_,很不错,整体,正面
247,价格,便宜,价格,正面
247,包装,不错,包装,正面
247,气味,不错,气味,正面
247,使用体验,不错,使用体验,正面
247,_,还不错,整体,正面
248,_,很美白,功效,正面
248,味道,很舒服,气味,正面
248,_,很喜欢,整体,正面
248,_,大爱,整体,正面
249,_,挺好的,整体,正面
249,_,滋润,使用体验,正面
249,_,不油腻,使用体验,正面
249,_,不错,整体,正面
250,_,不错,整体,正面
251,_,_,_,_
252,_,_,_,_
253,服务,_,服务,正面
254,_,一般,整体,中性
254,补水效果,一般般,功效,中性
255,_,_,_,_
256,活动,不给力,价格,负面
256,_,快捷,其他,正面
256,_,方便,其他,正面
256,_,不错,整体,正面
257,_,_,_,_
258,_,好用,整体,正面
258,_,非常的好用,整体,正面
259,_,好小,尺寸,负面
259,包装,太差了,包装,负面
259,气味,难闻,气味,负面
259,价格,太贵了,价格,负面
259,气味,太难闻了,气味,负面
260,发货,轻拿轻放,物流,负面
260,包装盒,加强,包装,负面
260,_,失望,整体,负面
261,_,_,_,_
262,_,好评,整体,正面
262,_,好用,整体,正面
263,_,物有所值,整体,正面
263,_,不错,整体,正面
263,包装,精美,包装,正面
263,气味,清新,气味,正面
263,使用体验,很好,使用体验,正面
263,价格,实惠,价格,正面
264,_,不好的体验,整体,负面
264,包装,太差了,包装,负面
264,物流,太慢了,物流,负面
264,气味,太难闻了,气味,负面
264,价格,太贵了,价格,负面
264,_,太差了,整体,负面
265,_,还可以,整体,正面
265,_,稍微去一点油,功效,正面
265,_,有点油,使用体验,负面
266,_,还可以,整体,正面
266,_,有点干,使用体验,负面
266,_,没有提亮肤色,功效,负面
266,_,有点暗淡,功效,负面
267,_,_,_,_
268,_,不错,整体,正面
268,包装,不错,包装,正面
268,气味,不错,气味,正面
269,味道,很奇怪,气味,负面
269,防晒效果,_,功效,中性
270,_,_,_,_
271,_,好的很,整体,正面
271,_,很喜欢,整体,正面
271,_,很滋养,使用体验,正面
271,_,美美哒,整体,正面
272,物流,很快,物流,正面
272,包装,完好,包装,正面
272,服务,好,服务,正面
272,_,满意,整体,正面
273,活动,合适,价格,正面
273,价格,优惠,价格,正面
273,补水效果,不错,功效,正面
273,礼品,_,价格,正面
273,_,不错,整体,正面
273,_,经常,使用体验,正面
273,_,袋装,包装,正面
274,_,挺好用的,整体,正面
274,香味,淡淡的,气味,正面
274,_,不脱妆,使用体验,正面
275,_,很好用,整体,正面
276,_,超级差,整体,负面
276,_,卡粉,使用体验,负面
276,_,一点也不遮瑕,功效,负面
276,_,别买,整体,负面
276,_,无敌卡粉,使用体验,负面
277,补水效果,很好,功效,正面
277,_,很舒服,使用体验,正面
278,_,很一般,整体,中性
278,_,稳和,整体,正面
278,味道,好闻,气味,正面
278,包装,精美,包装,正面
278,价格,便宜,价格,正面
278,_,一般,整体,中性
278,_,很好,整体,正面
279,_,正品,真伪,正面
279,快递,很快,物流,正面
279,_,实惠,价格,正面
279,价格,便宜,价格,正面
279,包装,精美,包装,正面
279,气味,好闻,气味,正面
279,尺寸,合适,尺寸,正面
279,新鲜度,好,新鲜度,正面
279,服务,很好,服务,正面
280,_,真的不错,整体,正面
280,_,是正品,真伪,正面
280,包装,很好,包装,正面
280,气味,很好,气味,正面
280,使用体验,很好,使用体验,正面
280,_,整体不错,整体,正面
281,味道,清淡,气味,正面
281,泡沫,很细腻,使用体验,正面
281,_,没有,其他,负面
281,_,过敏,使用体验,负面
281,_,怎么退,其他,负面
281,_,小样,其他,负面
281,_,换换牌子,整体,中性
281,_,水,使用体验,正面
281,_,四年,使用体验,中性
281,_,想换,整体,中性
282,_,_,_,_
283,活动,_,价格,正面
283,包装,好看,包装,正面
283,_,超级划算,价格,正面
284,_,差,整体,负面
284,_,长痘痘,使用体验,负面
284,包装,精美,包装,正面
284,气味,清新,气味,正面
284,使用体验,很好,使用体验,正面
284,价格,便宜,价格,正面
284,_,不错,整体,正面
285,_,还不错,整体,正面
285,_,一点也不卡粉,使用体验,正面
285,_,挺好的,整体,正面
285,_,有点小,尺寸,负面
286,_,挺好用的,整体,正面
287,_,挺好的,整体,正面
288,物流,很快,物流,正面
289,_,挺好用的,整体,正面
289,_,这家,整体,正面
289,_,选,整体,正面
289,_,以后,整体,正面
289,_,就,整体,正面
290,_,真品,真伪,正面
290,_,不错,整体,正面
291,补水效果,很好,功效,正面
292,_,很好用,整体,正面
293,_,不错,整体,正面
293,_,非常清爽,使用体验,正面
293,_,舒服,使用体验,正面
294,_,挺水润,使用体验,正面
294,_,服帖,使用体验,正面
294,_,稍微白了点,功效,中性
294,_,接近自然色,功效,正面
295,_,长很多痘,使用体验,负面
295,_,很痒,使用体验,负面
295,_,很不爽,整体,负面
296,_,很好用,整体,正面
297,_,还可以,整体,正面
298,赠品,忽悠,价格,负面
298,赠品,骗人的,价格,负面
298,_,不值,价格,负面
298,_,最优惠,价格,正面
299,物流,很快,物流,正面
299,_,不错,整体,正面
299,_,很服帖,使用体验,正面
300,_,很棒的,整体,正面
300,价格,小贵,价格,负面
300,_,真的不错,整体,正面
300,_,当天就能送到,物流,正面
301,_,不错,整体,正面
301,_,滑滑的,使用体验,正面
301,_,不干燥,使用体验,正面
302,_,_,_,_
303,_,不错,整体,正面
303,_,很舒服,使用体验,正面
304,_,不错,整体,正面
304,_,好评,整体,正面
305,_,很喜欢,整体,正面
305,小礼品,_,价格,正面
306,_,比较实惠,价格,正面
307,包装,不错,包装,正面
307,味道,好闻,气味,正面
307,价格,便宜,价格,正面
307,_,很好用,整体,正面
307,遮暇效果,好,功效,正面
308,_,_,_,_
309,快递,真快,物流,正面
309,_,很满意,整体,正面
310,粉底,太少了,成分,负面
310,_,很不好,整体,负面
310,_,干干的,使用体验,负面
311,_,不错,整体,正面
311,_,很好用,整体,正面
312,_,很香,气味,正面
312,_,很白,功效,正面
312,_,还可以,整体,正面
313,_,不错,整体,正面
313,_,有遮瑕效果,功效,正面
313,_,提亮肤色,功效,正面
313,_,不用bb霜,整体,正面
314,包装,有点差,包装,负面
314,味道,有点怪,气味,负面
314,价格,有点贵,价格,负面
315,_,_,_,_
316,_,很好,整体,正面
316,_,漂亮,整体,正面
317,_,差评,整体,负面
317,_,太小,尺寸,负面
317,精华,太少,成分,负面
318,上妆效果,还可以,功效,正面
318,价格,便宜,价格,正面
319,_,是正品,真伪,正面
319,价格,便宜,价格,正面
319,包装,精美,包装,正面
319,赠品,没有,价格,负面
319,价格,一样,价格,正面
320,_,很好,整体,正面
320,保湿,不错,功效,正面
320,价格,合适,价格,正面
321,速度,超快,物流,正面
321,_,不会有失望,整体,正面
321,_,优先选择,整体,正面
321,_,超快的速度,物流,正面
322,_,物美价廉,价格,正面
322,包装,精美,包装,正面
322,气味,清新,气味,正面
322,使用体验,很好,使用体验,正面
322,价格,便宜,价格,正面
322,_,不错,整体,正面
323,包装,很好看,包装,正面
323,效果,_,功效,中性
324,_,_,_,_
325,_,勉强能用,整体,中性
325,价格,太高了,价格,负面
326,保湿效果,很好,功效,正面
326,使用体验,不错,整体,正面
326,包装设计,很独特,包装,正面
326,气味,很好闻,气味,正面
326,价格,很实惠,价格,正面
327,_,很喜欢,整体,正面
327,_,特别好,整体,正面
327,保障,很高,服务,正面
327,_,非常喜欢,整体,正面
327,_,特别喜欢,整体,正面
328,_,不错,整体,正面
328,_,挺好用的,整体,正面
329,_,不错,整体,正面
330,_,_,_,_
331,_,很服帖,使用体验,正面
331,_,超服帖,使用体验,正面
331,包装设计,很独特,包装,正面
331,颜色,很鲜艳,其他,正面
331,使用体验,很好,使用体验,正面
331,性价比,很高,价格,正面
331,_,不错,整体,正面
332,_,很不错,整体,正面
332,_,有点淡,使用体验,中性
333,_,提亮肤色,功效,正面
333,_,不油腻,使用体验,正面
333,_,清新的感觉,使用体验,正面
334,味道,好闻,气味,正面
334,保湿效果,好,功效,正面
334,包装,不错,包装,正面
334,使用体验,不错,使用体验,正面
334,_,还不错,整体,正面
335,速度,很快,物流,正面
335,_,不错,整体,正面
336,_,很保湿,功效,正面
336,_,有点油,使用体验,负面
336,_,不提亮肤色,功效,负面
336,_,油性皮肤,使用体验,中性
336,_,出闲鱼了,整体,负面
337,物流,给了,物流,正面
337,_,很好,整体,正面
337,_,不错,整体,正面
338,价钱,一样,价格,正面
338,速度,快,物流,正面
338,_,给力,整体,正面
338,_,希望可以一直用下去,整体,正面
338,_,第一次用,整体,中性
338,_,试试,整体,中性
338,_,可以,整体,正面
338,_,一直用,整体,正面
338,_,希望,整体,正面
339,_,_,_,_
340,_,不错,整体,正面
340,送货,很快,物流,正面
340,包装,很好,包装,正面
341,_,很好,整体,正面
341,_,很喜欢,整体,正面
342,_,粉粉嫩嫩的,使用体验,正面
342,_,非常滋润,使用体验,正面
342,_,一点也不干,使用体验,正面
342,_,不油腻,使用体验,正面
342,_,很自然,功效,正面
342,_,很适合,整体,正面
343,泡沫,很多,使用体验,正面
343,_,不干,使用体验,正面
343,_,挺滋润的,使用体验,正面
343,_,超级划算,价格,正面
344,发货速度,快,物流,正面
344,_,很实惠,价格,正面
344,包装,精美,包装,正面
344,味道,好闻,气味,正面
344,使用体验,不错,使用体验,正面
344,_,不错,整体,正面
345,_,不紧绷,使用体验,正面
345,_,温和,使用体验,正面
346,包装颜值,超级高,包装,正面
346,物流,超级快,物流,正面
346,_,太满意了,整体,正面
347,_,非常平价,价格,正面
347,补水,不错,功效,正面
347,_,不错,整体,正面
348,酒精味,一股子,气味,负面
348,包装,太差了,包装,负面
349,_,还可以,整体,正面
349,_,还不错,整体,正面
350,_,白白的,使用体验,负面
350,_,会掉皮,使用体验,负面
350,_,没啥效果,整体,负面
350,_,不建议,整体,负面
351,_,还不错,整体,正面
351,_,不知道效果如何,整体,中性
352,_,没什么感觉,整体,中性
353,_,很不错,整体,正面
353,_,不错,整体,正面
354,_,还算可以,整体,正面
354,_,有点小,尺寸,负面
355,持久情况,可以,功效,正面
355,_,有点黏黏,使用体验,负面
355,_,还好,整体,正面
355,_,油皮,使用体验,中性
355,持久性,可以,功效,正面
355,_,黏黏,使用体验,负面
356,味道,很好闻,气味,正面
356,_,还好,整体,正面
357,_,还不错,整体,正面
357,_,挺好用,整体,正面
357,价格,实惠,价格,正面
358,保湿效果,非常好,功效,正面
359,_,不错,整体,正面
359,_,送错,物流,负面
359,_,不是,整体,负面
359,_,只有一个,整体,负面
359,_,替换装,整体,负面
359,_,看评论,整体,负面
360,_,很薄,使用体验,正面
360,_,很水润,使用体验,正面
360,_,不过敏,使用体验,正面
360,_,方便,服务,正面
360,_,快捷,服务,正面
360,_,_,服务,正面
361,_,可以,整体,正面
361,_,不错,整体,正面
361,_,很清爽,使用体验,正面
361,_,不油腻,使用体验,正面
361,_,值得拥有,整体,正面
362,味道,淡淡的,气味,正面
362,_,不辣眼睛,使用体验,正面
362,_,挺好用的,整体,正面
362,味道,像黄瓜的,气味,正面
363,_,有点贵,价格,负面
363,_,不值,价格,负面
363,_,好用,整体,正面
363,_,还是用,整体,正面
363,_,油,使用体验,负面
363,_,没有,整体,负面
364,_,不错,整体,正面
365,补水效果,非常好,功效,正面
365,性价比,高,价格,正面
365,_,值得购买,整体,正面
365,_,非常好,整体,正面
366,快递,很给力,物流,正面
367,_,还可以,整体,正面
367,味道,不错,气味,正面
368,_,挺好的,整体,正面
368,片数,超多,其他,正面
369,_,挺好用的,整体,正面
370,_,不错,整体,正面
370,_,货真价实,整体,正面
371,_,挺好用的,整体,正面
372,物流,快,物流,正面
372,颜色,好,其他,正面
372,_,物超所值,整体,正面
372,赠品,正品,价格,正面
372,_,非常值得购买,整体,正面
372,_,快,物流,正面
373,包装,很好,包装,正面
373,物流,很快,物流,正面
373,_,不错,整体,正面
373,_,非常物美价廉,价格,正面
374,快递,真的好快,物流,正面
374,包装设计,很独特,包装,正面
374,颜色,很鲜艳,其他,正面
374,使用体验,很好,使用体验,正面
374,_,不错,整体,正面
375,_,非常好,整体,正面
375,_,喜欢,整体,正面
375,_,好商品,整体,正面
375,_,支持,整体,正面
376,_,_,_,_
377,_,很好,整体,正面
377,_,挺薄的,使用体验,正面
377,精华,挺多的,成分,正面
377,_,很舒服,使用体验,正面
377,_,不粘不腻,使用体验,正面
378,价格,实惠,价格,正面
379,_,很保湿,功效,正面
379,_,很棒,整体,正面
380,提亮效果,还不错,功效,正面
380,_,谢谢,服务,正面
380,_,两瓶小样,价格,正面
380,_,一包化妆棉,价格,正面
380,_,商家,服务,正面
380,_,还不错,整体,正面
381,_,还好吧,整体,正面
381,日期,新鲜,新鲜度,正面
381,包装,不错,包装,正面
382,_,_,_,_
383,_,很好用,整体,正面
383,_,赞,整体,正面
384,_,_,_,_
385,_,超喜欢,整体,正面
385,味道,香香的,气味,正面
385,快递,很给力,物流,正面
386,_,挺滋润的,使用体验,正面
386,_,很服帖,使用体验,正面
386,_,很滋润,使用体验,正面
386,_,不错,整体,正面
387,_,可以的,整体,正面
387,_,很好用,整体,正面
388,_,_,_,_
389,_,很喜欢,整体,正面
389,_,好,整体,正面
390,_,_,_,_
391,_,太好用了,整体,正面
392,_,还好,整体,正面
392,味道,不错,气味,正面
392,包装,不错,包装,正面
392,价格,还好,价格,正面
393,_,好用,整体,正面
393,价格,实惠,价格,正面
393,_,轻薄,使用体验,正面
393,_,不油腻,使用体验,正面
393,_,非常容易上妆,使用体验,正面
394,_,很自然,功效,正面
394,_,保湿,功效,正面
394,_,滋润,使用体验,正面
394,香味,淡淡,气味,正面
394,_,质地,使用体验,正面
394,_,值得回购,整体,正面
394,_,推荐,整体,正面
395,_,很好用,整体,正面
395,_,很喜欢,整体,正面
395,包装,很好,包装,正面
395,气味,不错,气味,正面
395,使用体验,不错,使用体验,正面
395,_,整体不错,整体,正面
395,包装,不错,包装,正面
395,价格,不错,价格,正面
396,_,好干净,功效,正面
396,_,不紧绷,使用体验,正面
396,使用体验,不错,使用体验,正面
396,气味,好闻,气味,正面
396,包装,精美,包装,正面
396,价格,实惠,价格,正面
397,补水功能,强大,功效,正面
397,滋润度,好,使用体验,正面
397,_,好,整体,正面
397,_,好用,整体,正面
398,保湿效果,很好,功效,正面
398,_,不错,整体,正面
398,_,很滋润,使用体验,正面
398,_,很舒服,使用体验,正面
398,_,确实不错,整体,正面
399,快递,_,物流,负面
399,物流,_,物流,负面
399,_,醉了,整体,负面
399,_,不喜欢,整体,负面
399,_,不会买,整体,负面
399,_,喜欢,整体,正面
399,_,不知道,整体,中性
399,_,不知道什么,整体,中性
399,_,不知道什么的快递,物流,中性
399,快递,_,物流,中性
399,物流,_,物流,中性
400,快递,很给力,物流,正面
400,包装,很好,包装,正面
400,_,还可以,整体,正面
400,_,当天下午买,整体,正面
400,_,第二天早上到,整体,正面
400,_,听朋友说,整体,正面
400,_,试试,整体,中性
400,_,可以,整体,正面
400,_,很好,包装,正面
400,_,很给力,物流,正面
401,_,很好用,整体,正面
401,_,很喜欢,整体,正面
402,_,挺好的,整体,正面
402,_,好用,整体,正面
403,_,非常舒服,使用体验,正面
403,_,不会特别拔干,使用体验,正面
404,_,非常好,整体,正面
404,_,很好,整体,正面
404,_,好,整体,正面
405,活动,很划算,价格,正面
405,_,超级好用,整体,正面
405,包装,精美,包装,正面
405,气味,清新,气味,正面
405,使用体验,很好,使用体验,正面
405,价格,实惠,价格,正面
405,_,不错,整体,正面
405,价格,便宜,价格,正面
406,_,差,整体,负面
406,盖子,盖不上,包装,负面
406,_,一个字,整体,负面
407,_,好评,整体,正面
408,补水效果,相当不错,功效,正面
408,精华液,特别多,成分,正面
408,_,喜欢,整体,正面
408,_,很喜欢,整体,正面
409,_,不错,整体,正面
409,_,有点小,尺寸,负面
409,_,应该不错,整体,正面
410,性价比,高,价格,正面
410,_,物美价廉,价格,正面
410,_,不贵,价格,正面
411,_,不错,整体,正面
411,_,非常清爽,使用体验,正面
411,_,不油腻,使用体验,正面
412,活动,_,价格,正面
412,物流,很快,物流,正面
412,_,不错,整体,正面
413,活动价,_,价格,正面
413,价格,很实惠,价格,正面
413,_,还可以,整体,正面
414,_,很划算,价格,正面
414,_,非常实用,整体,正面
414,_,推荐,整体,正面
415,_,正品,真伪,正面
415,_,非常喜欢,整体,正面
416,_,非常好用,整体,正面
417,_,挺好的,整体,正面
417,_,挺好用的,整体,正面
417,价格,实惠,价格,正面
418,_,正品,真伪,正面
418,_,很不错,整体,正面
419,_,很不错,整体,正面
419,_,方便,使用体验,正面
420,_,很小罐,尺寸,中性
420,_,不知道是不是正品,真伪,中性
421,补水效果,很好,功效,正面
421,_,很喜欢,整体,正面
421,使用体验,很好,使用体验,正面
421,包装,很好,包装,正面
421,气味,很好,气味,正面
421,价格,很好,价格,正面
422,_,非常不错,整体,正面
422,活动,_,价格,正面
422,_,多入手,价格,正面
422,_,不错,整体,正面
422,_,真的,整体,正面
422,_,多,价格,正面
422,_,一些,价格,正面
422,_,活动,价格,正面
423,_,均衡肤色,功效,正面
423,使用体验,很好,使用体验,正面
423,气味,很好,气味,正面
423,包装,很好,包装,正面
423,价格,很好,价格,正面
423,_,很好,整体,正面
423,新鲜度,很好,新鲜度,正面
424,精华,挺多的,成分,正面
424,_,蛮好的,整体,正面
425,_,挺好,整体,正面
425,味道,好闻,气味,正面
425,_,不错,整体,正面
426,物流速度,不错,物流,正面
426,_,很喜欢,整体,正面
426,_,支持一下,整体,正面
426,_,_,整体,正面
427,_,物美价廉,价格,正面
427,_,便宜,价格,正面
427,_,实惠,价格,正面
427,_,可以,整体,正面
428,酒精味,浓,气味,负面
428,包装,太差,包装,负面
428,_,不建议,整体,负面
429,快递小哥服务,很不错,物流,正面
429,_,不错,整体,正面
430,_,好评,整体,正面
430,_,挺喜欢,整体,正面
431,物流,快,物流,正面
431,_,比较清爽,使用体验,正面
431,_,不油腻,使用体验,正面
431,包装,精美,包装,正面
431,气味,清新,气味,正面
431,使用体验,很好,使用体验,正面
431,价格,便宜,价格,正面
432,_,挺不错的,整体,正面
433,物流,超级给力,物流,正面
433,物流,非常快,物流,正面
433,_,非常不错,整体,正面
433,_,实用,整体,正面
433,_,非常快,物流,正面
434,_,还不错,整体,正面
435,_,很好用,整体,正面
436,_,很好用,整体,正面
437,_,挺不错的,整体,正面
438,_,很不错,整体,正面
438,_,好用,整体,正面
439,_,好评,整体,正面
439,_,不油腻,使用体验,正面
439,_,有点贵,价格,负面
439,_,不买不行,价格,负面
439,_,贫民窟女孩,价格,负面
439,_,不行,价格,负面
440,_,很好,整体,正面
440,_,很香,气味,正面
440,_,很喜欢,整体,正面
440,_,很棒,整体,正面
441,_,_,_,_
442,_,很好用,整体,正面
442,_,很干净,功效,正面
442,_,不紧绷,使用体验,正面
443,_,很好用,整体,正面
443,_,改善,功效,正面
443,_,不错,整体,正面
444,_,超级大赞,整体,正面
444,_,超级划算,价格,正面
445,_,非常好用,整体,正面
445,_,细腻,使用体验,正面
445,_,白皙,功效,正面
445,味道,特别好闻,气味,正面
446,_,_,_,_
447,精华,很多,成分,正面
447,_,非常好用,整体,正面
447,_,超棒的,整体,正面
448,物流,很快,物流,正面
448,_,挺好的,整体,正面
449,_,还可以,整体,正面
449,_,挺好的,整体,正面
450,_,五分好评,整体,正面
450,包装,精美,包装,正面
450,气味,清新,气味,正面
450,使用体验,很好,使用体验,正面
450,价格,实惠,价格,正面
450,_,不错,整体,正面
451,_,还可以,整体,正面
451,_,挺补水的,功效,正面
452,_,不错,整体,正面
452,_,很好用,整体,正面
453,保质期,稍短,新鲜度,负面
454,物流,很快,物流,正面
454,_,还行,整体,正面
454,_,显白,功效,正面
454,_,有点干,使用体验,负面
454,_,有点油,使用体验,负面
455,_,假货,真伪,负面
455,_,失望透顶,整体,负面
455,_,及时处理,服务,中性
455,_,满意的答复,服务,中性
455,_,满心欢喜,整体,负面
455,_,大品牌,整体,负面
455,_,发现,真伪,负面
455,_,支持,整体,正面
455,_,打开包装,包装,负面
455,_,是假货,真伪,负面
456,质量,很好,其他,正面
456,速度,快,物流,正面
456,质量,一如既往的好,其他,正面
456,速度,一如既往的快,物流,正面
457,快递速度,很快,物流,正面
457,_,不错,整体,正面
458,隔离效果,好,功效,正面
458,_,温和,使用体验,正面
458,_,不刺激,使用体验,正面
458,_,易卸,使用体验,正面
458,_,不错,整体,正面
459,物流,挺快的,物流,正面
459,_,挺好的,整体,正面
460,_,挺好用的,整体,正面
460,赠品,挺好的,价格,正面
460,_,挺划算的,价格,正面
461,_,_,_,_
462,_,很喜欢,整体,正面
463,_,不错,整体,正面
464,_,不像正品,真伪,负面
464,液体,太稀了,成分,负面
464,包装,不好,包装,负面
464,气味,难闻,气味,负面
464,_,不建议购买,整体,负面
465,配送,蛮快的,物流,正面
465,_,第一次,整体,中性
465,_,_,整体,中性
466,_,刺痛,使用体验,负面
466,_,过敏,使用体验,负面
466,_,非常不愉快,整体,负面
466,化学物质,太多,成分,负面
466,_,不建议,整体,负面
467,_,还不错,整体,正面
467,香味,淡淡的,气味,正面
467,配送人员服务态度,好,物流,正面
467,送货速度,快,物流,正面
468,_,特别好用,整体,正面
468,_,很喜欢,整体,正面
469,_,柔和,使用体验,正面
469,_,多泡,使用体验,正面
469,_,保湿,功效,正面
469,_,不干,使用体验,正面
469,_,很喜欢,整体,正面
470,_,挺好用的,整体,正面
471,快递,杠杠滴,物流,正面
472,_,是正品,真伪,正面
472,_,特好用,整体,正面
472,包装,精美,包装,正面
472,气味,清新,气味,正面
472,使用体验,很好,使用体验,正面
472,价格,实惠,价格,正面
472,物流服务,好,物流,正面
472,_,不错,整体,正面
472,价格,便宜,价格,正面
473,_,刺痛,使用体验,负面
474,_,还不错,整体,正面
474,包装,不错,包装,正面
474,气味,不错,气味,正面
474,价格,不错,价格,正面
475,_,还不错,整体,正面
475,_,很补水,功效,正面
476,_,很划算,价格,正面
476,性价比,高,价格,正面
476,包装,精美,包装,正面
476,气味,好闻,气味,正面
476,使用体验,不错,使用体验,正面
476,功效,很好,功效,正面
476,尺寸,合适,尺寸,正面
476,新鲜度,好,新鲜度,正面
476,服务,好,服务,正面
476,真伪,没问题,真伪,正面
477,_,太油了,使用体验,负面
478,快递小哥,好评,物流,正面
479,赠品,_,价格,正面
480,_,润润的,使用体验,正面
480,_,易吸收,使用体验,正面
480,香味,很舒服,气味,正面
481,速度,很快,物流,正面
481,_,不错,整体,正面
482,上妆效果,干,功效,负面
482,_,差,整体,负面
483,物流发货,快,物流,正面
483,_,好很多,整体,正面
483,_,赞一个,整体,正面
484,_,真心不错,整体,正面
484,_,值得购买,整体,正面
485,_,挺好用的,整体,正面
485,吸收,挺快的,使用体验,正面
486,_,不好,整体,负面
486,_,过敏了,使用体验,负面
486,_,痒痒的,使用体验,负面
486,_,退货,整体,负面
487,_,_,_,_
488,服务态度,很好,服务,正面
488,_,水水的,使用体验,正面
488,_,挺好,整体,正面
489,活动,很划算,价格,正面
489,_,很好用,整体,正面
489,包装,太差了,包装,负面
489,气味,难闻,气味,负面
489,价格,便宜,价格,正面
489,包装,精美,包装,正面
489,气味,好闻,气味,正面
489,使用体验,不错,使用体验,正面
489,_,不错,整体,正面
490,_,不错,整体,正面
490,_,超值,价格,正面
491,_,_,_,_
492,包装,破烂,包装,负面
493,包装,不错,包装,正面
493,送货,快,物流,正面
493,香味,淡淡的,气味,正面
493,_,很好,整体,正面
493,_,容易上色,使用体验,正面
493,_,很自然,功效,正面
493,_,不会浮粉,使用体验,正面
493,价钱,合理,价格,正面
494,_,便宜,价格,正面
495,_,还好,整体,正面
495,_,有点小,尺寸,负面
495,味道,好闻,气味,正面
495,包装,精美,包装,正面
495,价格,便宜,价格,正面
495,_,不错,整体,正面
496,_,还行,整体,正面
496,包装,太差了,包装,负面
496,物流,太差了,物流,负面
496,气味,太差了,气味,负面
496,价格,太贵了,价格,负面
496,_,太差了,整体,负面
497,_,很好用,整体,正面
498,_,很好用,整体,正面
498,_,不错,整体,正面
498,包装,精美,包装,正面
498,使用体验,很好,使用体验,正面
498,功效,不错,功效,正面
498,价格,实惠,价格,正面
498,物流,不错,物流,正面
498,气味,很好,气味,正面
498,尺寸,合适,尺寸,正面
498,新鲜度,很好,新鲜度,正面
498,价格,便宜,价格,正面
498,气味,好闻,气味,正面
498,使用体验,不错,使用体验,正面
499,_,还不错,整体,正面
499,_,补发,物流,正面
499,_,懒得去拍,整体,中性
499,_,希望下次能补发,物流,正面
499,_,谢谢,整体,正面
499,_,漏发,物流,负面
499,_,开的,整体,中性
499,_,二次回购,整体,正面
499,_,没有用过,整体,中性
499,_,补送,物流,正面
500,_,是正品,真伪,正面
500,_,很好,整体,正面
501,_,黏黏的,使用体验,负面
501,_,不舒服,使用体验,负面
501,酒精味,重,气味,负面
502,_,_,_,_
503,_,可以啊,整体,正面
503,_,提好用,整体,正面
504,_,很好用,整体,正面
504,_,有点油腻,使用体验,负面
504,_,还不错,整体,正面
504,_,泛白,使用体验,负面
505,_,还不错,整体,正面
505,_,直接,整体,正面
505,_,买两盒,整体,正面
506,_,_,_,_
507,_,很好用,整体,正面
507,_,滑滑的,使用体验,正面
507,_,不粘腻,使用体验,正面
508,_,很好用,整体,正面
508,保湿效果,不错,功效,正面
508,粉质,细腻,使用体验,正面
508,_,推荐,整体,正面
509,_,是正品,真伪,正面
509,_,便宜,价格,正面
509,物流,不错,物流,正面
509,包装,不错,包装,正面
509,气味,不错,气味,正面
509,使用体验,不错,使用体验,正面
509,_,整体不错,整体,正面
510,_,不错,整体,正面
510,_,喜欢,整体,正面
511,_,不错,整体,正面
512,_,还不错,整体,正面
513,_,_,_,_
514,_,清清爽爽,使用体验,正面
514,_,不油腻,使用体验,正面
514,_,很好用,整体,正面
514,_,很合适,整体,正面
515,包装,很满意,包装,正面
515,物流,很快,物流,正面
515,_,很好用,整体,正面
516,包装,有点不一样,包装,中性
516,物流,快,物流,正面
516,配送员服务,好,物流,正面
516,_,比较优惠,价格,正面
517,_,好用,整体,正面
518,贴敷感,挺好的,使用体验,正面
518,_,很实惠,价格,正面
518,_,有点小,尺寸,负面
518,包装设计,很独特,包装,正面
518,气味,很清新,气味,正面
518,使用体验,很好,使用体验,正面
518,价格,很实惠,价格,正面
518,_,不错,整体,正面
519,_,真棒,整体,正面
519,_,满意,整体,正面
519,_,一直在用,整体,正面
520,_,还不错,整体,正面
520,包装,真的不好看,包装,负面
521,水,很多,成分,正面
521,味道,好闻,气味,正面
521,包装,精美,包装,正面
521,价格,便宜,价格,正面
521,_,不错,整体,正面
522,_,很爱起泡沫,使用体验,正面
522,泡沫,很细腻,使用体验,正面
522,_,很温和,使用体验,正面
522,味道,很好闻,气味,正面
522,_,是正品,真伪,正面
523,_,_,_,_
524,_,_,_,_
525,_,很好,整体,正面
526,_,很喜欢,整体,正面
527,_,很方便,使用体验,正面
527,_,好大,尺寸,正面
527,_,可以用好久,使用体验,正面
527,_,直接按压,使用体验,正面
527,_,出来了,使用体验,正面
528,_,没有什么用,整体,负面
528,_,不敢用,整体,负面
529,味道,很好,气味,正面
529,_,容易推开,使用体验,正面
529,_,不错,整体,正面
530,_,隐形毛孔,功效,正面
530,_,便宜,价格,正面
530,_,很好,整体,正面
530,_,不过敏,使用体验,正面
530,_,好用,整体,正面
531,_,不错,整体,正面
531,_,很自然,功效,正面
532,祛痘印效果,不错,功效,正面
532,价位,高些,价格,负面
532,包装设计,不错,包装,正面
532,使用体验,很好,使用体验,正面
532,气味,很好,气味,正面
532,_,不错,整体,正面
533,_,还不错,整体,正面
533,价格,实惠,价格,正面
533,性价比,不错,价格,正面
534,_,挺好的,整体,正面
534,色,很正,功效,正面
534,_,方便,使用体验,正面
535,_,好评,整体,正面
536,_,降价,价格,负面
536,_,垃圾,整体,负面
536,_,不值,价格,负面
537,_,还行,整体,正面
537,_,不是很白,功效,中性
537,味道,可以,气味,正面
537,_,很难洗下去,使用体验,负面
538,性价比,非常高,价格,正面
538,物流,非常快,物流,正面
539,_,不错,整体,正面
539,遮暇,一般,功效,中性
539,_,较自然,功效,正面
540,_,太温和了,使用体验,负面
540,_,滑滑的,使用体验,负面
540,_,没什么效果,功效,负面
541,_,不错,整体,正面
541,收货,不错,物流,正面
541,_,挺好的,整体,正面
542,_,_,_,_
543,_,坑,整体,负面
543,_,巨坑,整体,负面
543,_,降价,价格,负面
543,_,快,价格,负面
543,_,你**,价格,负面
543,_,99元,价格,正面
543,_,79,价格,负面
543,_,_,价格,负面
544,补水,不错,功效,正面
544,_,挺好用的,整体,正面
545,包装,很简陋,包装,负面
546,补水效果,不错,功效,正面
546,礼物,许多,价格,正面
546,_,一直用,整体,正面
546,_,老顾客,整体,正面
546,_,不错,整体,正面
546,_,许多,价格,正面
547,_,是正品,真伪,正面
547,_,实惠,价格,正面
547,包装,精美,包装,正面
547,气味,好闻,气味,正面
547,使用体验,不错,使用体验,正面
547,价格,实惠,价格,正面
547,_,不错,整体,正面
548,_,很满意,整体,正面
548,_,很实惠,价格,正面
548,包装,很好,包装,正面
548,气味,不错,气味,正面
548,使用体验,很好,使用体验,正面
548,_,不错,整体,正面
549,物流,真的不错,物流,正面
549,速度,很快,物流,正面
549,态度,很好,物流,正面
550,物流,值得信赖,物流,正面
550,_,很满意,整体,正面
551,_,不好,整体,负面
551,_,会过敏,使用体验,负面
551,清洁能力,差,功效,负面
551,香味,太浓,气味,负面
552,_,物廉价美,价格,正面
552,_,这么优惠,价格,正面
553,味道,很难形容,气味,负面
553,_,很讨厌,气味,负面
553,包装,很一般,包装,负面
553,_,很一般,整体,负面
553,味道,很讨厌,气味,负面
554,_,_,_,_
555,_,_,_,_
556,包装,很精致,包装,正面
556,_,挺好的,整体,正面
556,态度,_,服务,正面
556,_,信任,整体,正面
556,_,一贯,整体,正面
556,_,认准,整体,正面
556,_,是,整体,正面
557,快递,很快,物流,正面
557,_,很好,整体,正面
557,_,极力推荐,整体,正面
557,小盒子,_,包装,正面
558,_,很好用,整体,正面
558,_,不错,整体,正面
558,_,不油腻,使用体验,正面
558,_,不粘,使用体验,正面
558,_,不干,使用体验,正面
558,_,不痒,使用体验,正面
559,_,_,_,_
560,_,不怎么好用,整体,负面
561,_,_,_,_
562,吸收,挺好,使用体验,正面
562,_,有点油,使用体验,负面
562,_,还好,整体,正面
562,_,还不错,整体,正面
563,_,没什么用,整体,负面
563,_,去黑头,功效,负面
563,_,不如,整体,负面
563,_,整套,整体,正面
563,_,去黑头,功效,正面
564,补水效果,不错,功效,正面
564,保湿效果,一般般,功效,中性
564,包装设计,很独特,包装,正面
564,气味,很好闻,气味,正面
564,使用体验,不错,使用体验,正面
564,价格,很实惠,价格,正面
565,_,不错,整体,正面
565,_,够买,整体,正面
565,_,放心,整体,正面
565,_,感觉不错,整体,正面
565,_,有买了,整体,正面
566,_,还可以,整体,正面
566,包装,很不错,包装,正面
567,_,不怎么的好,整体,负面
567,_,不怎么的差,整体,负面
568,_,挺好的,整体,正面
568,_,调整肤色,功效,正面
568,_,蛮好用,整体,正面
568,味道,大点,气味,负面
568,_,不错,整体,正面
569,_,不是很白,功效,负面
569,_,不是遮暇的,功效,负面
569,_,太差劲了,整体,负面
570,味道,比较大,气味,负面
570,包装,比较差,包装,负面
570,_,有点太白了,功效,负面
570,包装,有点小,包装,负面
570,_,不适合,整体,负面
571,_,很不错,整体,正面
572,_,不好用,整体,负面
572,_,没有泡泡,使用体验,负面
572,_,洗不干净,功效,负面
572,味道,很大,气味,负面
573,气味,很清香,气味,正面
573,包装,很不错,包装,正面
573,_,很好,整体,正面
573,_,不错,整体,正面
574,_,好划算,价格,正面
574,_,无限回购,价格,正面
575,_,不敢用,整体,负面
575,味道,好闻,气味,正面
575,包装,精美,包装,正面
575,价格,便宜,价格,正面
575,_,不错,整体,正面
576,_,蛮好的,整体,正面
577,_,非常的好用,整体,正面
577,泡沫,细腻,使用体验,正面
577,_,温和,使用体验,正面
577,_,不刺激,使用体验,正面
577,清洁能力,强,功效,正面
577,_,大爱,整体,正面
577,_,好用,整体,正面
577,_,细腻,使用体验,正面
578,_,挺干的,使用体验,负面
578,持妆效果,还可以,功效,正面
578,_,很不舒服,使用体验,负面
579,_,特别好用,整体,正面
580,店家,很有心,服务,正面
580,_,不错,整体,正面
580,_,很好,包装,正面
580,小礼物,_,价格,正面
581,_,挺不错,整体,正面
581,_,没用,整体,中性
581,_,追评,整体,中性
581,_,不错,整体,正面
581,_,身,整体,正面
581,_,挺,整体,正面
582,_,好用,整体,正面
582,_,滑滑的,使用体验,正面
582,保湿效果,很好,功效,正面
583,_,很满意,整体,正面
583,_,非常高兴,整体,正面
583,_,很不错,整体,正面
583,包装,精美,包装,正面
583,价格,便宜,价格,正面
583,物流,快,物流,正面
583,气味,好闻,气味,正面
583,_,不错,整体,正面
584,_,无不适感,使用体验,正面
584,透气,好,使用体验,正面
584,_,满意,整体,正面
585,_,_,_,_
586,_,很好,整体,正面
586,_,很喜欢,整体,正面
587,_,不错,整体,正面
587,遮瑕效果,不错,功效,正面
588,上妆效果,挺香的,气味,正面
588,持久情况,还好,功效,正面
589,_,是正品,真伪,正面
590,补水效果,好,功效,正面
590,_,好用,整体,正面
590,_,特别润,使用体验,正面
590,_,不心疼,价格,正面
591,包装,比较高大上,包装,正面
591,包装,太土了,包装,负面
591,包装,跟杂牌的一个样,包装,负面
591,包装,比较,包装,中性
591,包装,高大上,包装,正面
591,包装,太土,包装,负面
592,_,好用,整体,正面
592,_,不刺激,使用体验,正面
592,包装,精美,包装,正面
592,气味,清新,气味,正面
592,使用体验,很好,使用体验,正面
592,价格,实惠,价格,正面
592,_,不错,整体,正面
593,颜值,高,包装,正面
593,包装,很漂亮,包装,正面
593,_,喜欢,整体,正面
593,_,不错,整体,正面
594,保湿效果,不错,功效,正面
594,使用体验,很好,使用体验,正面
594,包装设计,很精致,包装,正面
594,气味,很清新,气味,正面
595,快递小哥,辛苦,物流,正面
595,速度,飞快,物流,正面
595,_,挺细腻,使用体验,正面
596,_,好评,整体,正面
596,_,很喜欢,整体,正面
596,包装,很好,包装,正面
596,味道,不错,气味,正面
596,使用体验,很好,使用体验,正面
596,_,不错,整体,正面
596,包装,不错,包装,正面
596,使用体验,不错,使用体验,正面
597,_,很好,整体,正面
598,_,_,_,_
599,_,挺白的,功效,正面
599,隔离效果,不好,功效,负面
599,包装,很好,包装,正面
599,气味,不错,气味,正面
599,_,有点黏,使用体验,负面
599,包装,不错,包装,正面
599,气味,很好,气味,正面
599,_,有点辣,使用体验,负面
600,_,可以,整体,正面
600,_,挺好的,整体,正面
601,_,喜欢,整体,正面
601,_,不油腻,使用体验,正面
601,_,细腻,使用体验,正面
601,_,均匀,功效,正面
601,_,很自然,功效,正面
601,_,大爱,整体,正面
602,_,还不错,整体,正面
602,_,很自然,功效,正面
602,_,很香,气味,正面
602,赠品,_,价格,正面
603,_,便宜,价格,负面
603,_,没好货,整体,负面
603,_,骗人的,整体,负面
603,_,醒醒吧,整体,负面
604,保湿效果,真的不错,功效,正面
604,_,很舒服,使用体验,正面
604,_,真心不错,整体,正面
605,_,非常不错,整体,正面
605,_,气色很自然,功效,正面
605,_,保湿,功效,正面
605,_,不错,整体,正面
606,_,好评,整体,正面
606,_,好用,整体,正面
606,_,很自然,功效,正面
606,_,耐用,其他,正面
607,_,非常好,整体,正面
607,_,非常快,物流,正面
607,_,非常值,价格,正面
608,_,不错,整体,正面
608,_,方便,整体,正面
608,_,快捷,整体,正面
609,_,挺好,整体,正面
609,_,很补水,功效,正面
609,精华,很多,成分,正面
609,价格,实惠,价格,正面
609,包装,不错,包装,正面
609,气味,很好,气味,正面
609,使用体验,不错,使用体验,正面
610,精华,少了点,成分,负面
610,_,超级好,整体,正面
610,_,很好闻,气味,正面
610,_,喜欢,整体,正面
611,包装,非常好,包装,正面
612,_,不知道真假,真伪,中性
612,价格,有点贵,价格,负面
612,物流速度,有点慢,物流,负面
612,包装,有点差,包装,负面
612,气味,有点刺鼻,气味,负面
613,_,还不错,整体,正面
614,_,不错,整体,正面
614,_,超级好用,整体,正面
614,_,好用,整体,正面
615,_,还可以,整体,正面
615,味道,好闻,气味,正面
615,包装,有点破,包装,负面
615,味道,有点酸,气味,负面
615,_,还好,整体,正面
615,价格,有点贵,价格,负面
616,_,还不错,整体,正面
616,_,假的,真伪,负面
616,_,气死,整体,负面
617,_,_,_,_
618,价格,好划算,价格,正面
618,补水效果,挺好的,功效,正面
619,_,不好用,整体,负面
619,_,浮粉严重,使用体验,负面
619,包装,太差,包装,负面
619,气味,难闻,气味,负面
619,味道,太重,气味,负面
620,_,很好,整体,正面
620,_,一样,整体,正面
620,_,效果,功效,正面
620,_,宣传,整体,正面
621,_,_,_,_
622,_,_,_,_
623,保湿效果,非常好,功效,正面
624,_,不错,整体,正面
625,_,划算,价格,正面
625,_,很舒服,使用体验,正面
625,_,很推荐,整体,正面
626,_,很好用,整体,正面
626,_,不干,使用体验,正面
627,香味,浓郁,气味,负面
627,_,水货,真伪,负面
627,香味,淡化,气味,负面
627,_,浪费,整体,负面
627,_,没抹,整体,负面
627,_,不一样,整体,负面
627,_,没效果,整体,负面
628,活动,_,价格,正面
628,_,物美价廉,价格,正面
628,物流,非常满意,物流,正面
628,送货员态度,非常好,物流,正面
629,_,_,_,_
630,物流,快捷,物流,正面
630,物流,给力,物流,正面
630,包装,到位,包装,正面
630,包装,严实,包装,正面
630,_,不错,整体,正面
630,遮瑕效果,好,功效,正面
631,包装,太差了,包装,负面
631,_,是不是正品,真伪,中性
632,_,特别服帖,使用体验,正面
632,_,一点也不干,使用体验,正面
632,_,轻薄,使用体验,正面
632,_,透气,使用体验,正面
632,_,服帖,使用体验,正面
632,_,不干,使用体验,正面
633,_,_,_,_
634,_,好小,尺寸,负面
634,_,太少了,其他,负面
634,_,不建议,整体,负面
635,味道,没有刺鼻的,气味,正面
635,味道,香香的,气味,正面
635,_,不紧绷,使用体验,正面
635,_,没有好用,整体,负面
635,_,好用,整体,正面
635,_,没有刺鼻的,气味,正面
636,_,不错,整体,正面
636,_,拔干,使用体验,负面
636,遮瑕,一般,功效,中性
637,_,很好,整体,正面
637,_,非常好,整体,正面
637,_,越来越好,整体,正面
638,_,_,_,_
639,_,非常棒,整体,正面
639,_,很满意,整体,正面
640,水润度,还不错,使用体验,正面
640,_,还不错,整体,正面
641,_,不推荐,整体,负面
641,_,偏油,使用体验,负面
641,_,油皮,使用体验,负面
642,_,不错,整体,正面
643,_,还不错,整体,正面
643,_,不粘,使用体验,正面
643,_,好用,整体,正面
644,_,不错,整体,正面
645,_,过敏,使用体验,负面
645,使用体验,非常好,整体,正面
645,包装设计,很有创意,包装,正面
645,性价比,很高,价格,正面
645,_,非常喜欢,整体,正面
646,_,非常喜欢,整体,正面
646,_,很好,整体,正面
646,_,很赞,整体,正面
647,_,是正品,真伪,正面
647,_,不错,整体,正面
648,_,很舒服,使用体验,正面
648,_,很好,整体,正面
649,_,_,_,_
650,_,很好,整体,正面
651,_,真心好用,整体,正面
651,_,提亮,功效,正面
651,_,很舒服,使用体验,正面
652,_,_,_,_
653,泡沫,丰富,使用体验,正面
653,清洁力,强,功效,正面
653,_,喜欢,整体,正面
653,_,有淡香,气味,正面
653,包装,精美,包装,正面
653,香味,浓郁,气味,正面
653,使用体验,好,使用体验,正面
653,价格,便宜,价格,正面
653,性价比,高,价格,正面
653,_,不错,整体,正面
654,活动,_,价格,正面
654,_,挺好用的,整体,正面
654,_,很划算,价格,正面
655,味道,淡淡的,气味,正面
655,_,不起沫,使用体验,正面
655,_,有点滑,使用体验,正面
655,_,可以试试,整体,正面
656,效果,不错,功效,正面
656,保湿效果,不错,功效,正面
657,_,_,_,_
658,_,挺保湿的,功效,正面
658,_,不怎么干,使用体验,正面
658,_,挺好的,整体,正面
659,_,_,_,_
660,_,正品,真伪,正面
660,_,放心,整体,正面
661,_,还不错,整体,正面
661,_,还可以,整体,正面
661,_,不错,整体,正面
662,包装,很好,包装,正面
662,物流,快,物流,正面
662,味道,好闻,气味,正面
662,包装,精美,包装,正面
662,价格,便宜,价格,正面
662,_,不错,整体,正面
663,_,很好,整体,正面
663,_,非常不错,整体,正面
664,_,挺好的,整体,正面
664,泡沫,多,使用体验,正面
664,_,保湿,功效,正面
665,_,便宜,价格,负面
665,_,没味儿,气味,负面
665,_,干啥,整体,负面
665,_,便宜没好货,价格,负面
665,_,一点不假,整体,负面
666,_,_,_,_
667,包装,有点破,包装,负面
667,_,有点失望,整体,负面
667,_,很好用,整体,正面
668,物流,快,物流,正面
668,气味,好闻,气味,正面
668,包装,好,包装,正面
668,尺寸,合适,尺寸,正面
668,新鲜度,好,新鲜度,正面
668,_,很棒,整体,正面
668,_,不刺激,使用体验,正面
669,_,_,_,_
670,_,很满意,整体,正面
670,_,很好,整体,正面
670,_,很不错,整体,正面
671,快递,挺快的,物流,正面
671,_,挺大,尺寸,负面
671,_,小样,尺寸,负面
671,_,两瓶,尺寸,负面
671,_,小,尺寸,负面
671,_,没试,整体,中性
671,_,看得挺大,尺寸,负面
671,_,小瓶,尺寸,负面
671,_,卸妆,功效,中性
671,_,挺快,物流,正面
672,补水效果,棒,功效,正面
672,精华,比较多,成分,正面
672,_,好用,整体,正面
672,_,不错,整体,正面
673,_,_,_,_
674,_,便宜,价格,正面
674,_,优惠,价格,正面
674,气味,还好,气味,正面
674,包装,有点差,包装,负面
674,物流,有点差,物流,负面
675,_,不好用,整体,负面
676,_,很划算,价格,正面
676,_,很舒服,使用体验,正面
677,质量,好,其他,正面
677,包装,完整,包装,正面
677,价格,实惠,价格,正面
677,快递,很快,物流,正面
677,赠品,多,价格,正面
677,_,方便,使用体验,正面
677,_,好,整体,正面
678,_,_,_,_
679,_,很喜欢,整体,正面
680,保湿,还行,功效,正面
680,价钱,优惠,价格,正面
680,_,不卡粉,使用体验,正面
681,速度,超快,物流,正面
681,快递小哥,超级暖心,物流,正面
681,味道,好闻,气味,正面
681,包装,精美,包装,正面
681,价格,便宜,价格,正面
681,_,不错,整体,正面
682,活动,真的超值,价格,正面
682,活动,好划算,价格,正面
682,包装设计,很独特,包装,正面
682,颜色,很鲜艳,其他,正面
682,使用体验,很好,使用体验,正面
682,气味,很清新,气味,正面
682,_,还不错,整体,正面
683,_,挺好的,整体,正面
684,_,很轻薄,使用体验,正面
684,_,不浮粉,使用体验,正面
685,_,_,_,_
686,_,挺好用的,整体,正面
686,遮瑕效果,不错,功效,正面
686,颜色,很提亮,功效,正面
686,_,不错的,整体,正面
687,_,_,_,_
688,_,很好用,整体,正面
688,_,很喜欢,整体,正面
688,包装,很好,包装,正面
688,味道,不错,气味,正面
688,使用体验,很好,使用体验,正面
688,_,不错,整体,正面
689,活动,_,价格,正面
689,价格,很优惠,价格,正面
689,_,很好用,整体,正面
689,_,很好,整体,正面
690,_,还不错,整体,正面
690,_,推荐,整体,正面
691,物流,很快,物流,正面
691,_,不错,整体,正面
691,_,值得推荐,整体,正面
691,_,隔离,功效,正面
691,_,防护,功效,正面
691,_,乳,其他,正面
691,_,东西,整体,正面
691,_,一直使用,整体,正面
691,_,推荐,整体,正面
692,物流,真是快,物流,正面
692,_,不错,整体,正面
693,_,很好用,整体,正面
693,遮暇效果,非常不错,功效,正面
693,_,很好的东西,整体,正面
693,_,真的很好用,整体,正面
693,_,很好,整体,正面
693,_,不错,整体,正面
694,性价比,很高,价格,正面
694,_,好用,整体,正面
694,_,便宜,价格,正面
695,_,特别好用,整体,正面
695,_,便宜,价格,正面
696,活动,_,价格,正面
696,_,实惠,价格,正面
696,_,实惠多了,价格,正面
697,包装,很精致,包装,正面
697,_,挺好的,整体,正面
697,态度,_,服务,正面
697,_,信任,整体,正面
697,_,一贯,整体,正面
697,_,认准,整体,正面
697,_,是,整体,正面
698,_,好评,整体,正面
698,_,比较贴,使用体验,正面
698,_,改善肤质,功效,正面
699,_,5星好评,整体,正面
699,_,好评,整体,正面
700,_,不好用,整体,负面
700,_,失望,整体,负面
701,_,好用,整体,正面
701,瓶子,超级好看,包装,正面
701,包装,太差了,包装,负面
701,味道,太难闻,气味,负面
701,味道,太好闻,气味,负面
701,味道,太淡,气味,负面
701,味道,太浓,气味,负面
701,味道,太香,气味,负面
701,味道,太臭,气味,负面
701,味道,太好,气味,负面
701,味道,太差,气味,负面
702,_,_,_,_
703,活动力度,可以的,价格,正面
703,_,划算很多,价格,正面
703,_,还可以,整体,正面
703,_,还不错,整体,正面
704,_,假的,真伪,负面
704,塑料味,臭,气味,负面
704,_,太#了,整体,负面
704,_,无语了,整体,负面
705,物流速度,真是快,物流,正面
705,_,生气,整体,负面
706,补水效果,不错,功效,正面
706,物流,挺快的,物流,正面
707,_,_,_,_
708,_,还不错,整体,正面
708,_,有点贵,价格,负面
708,包装,有点差,包装,负面
708,味道,有点刺鼻,气味,负面
709,_,很好,整体,正面
709,_,很服贴,使用体验,正面
709,精华液,很卵,成分,正面
709,_,很喜欢,整体,正面
710,补水效果,没有芦荟胶好,功效,负面
710,_,很舒服,使用体验,正面
710,包装设计,很独特,包装,正面
710,气味,很清新,气味,正面
710,使用体验,很好,使用体验,正面
710,价格,很实惠,价格,正面
710,_,不错,整体,正面
711,_,挺好的,整体,正面
711,_,很划算,价格,正面
712,物流,很快,物流,正面
712,_,好,整体,正面
712,包装,精美,包装,正面
712,气味,清新,气味,正面
712,使用体验,很好,使用体验,正面
712,价格,实惠,价格,正面
712,_,不错,整体,正面
712,价格,便宜,价格,正面
713,_,挺好用,整体,正面
713,_,挺干净的,功效,正面
714,_,不错,整体,正面
714,_,有点贵,价格,负面
714,_,是正品,真伪,正面
714,包装,有点差,包装,负面
714,气味,有点淡,气味,负面
714,使用体验,一般般,使用体验,中性
714,价格,有点贵,价格,负面
714,尺寸,有点小,尺寸,负面
714,新鲜度,有点差,新鲜度,负面
714,功效,一般般,功效,中性
714,_,有点差,整体,负面
715,物流,超快,物流,正面
715,_,不错,整体,正面
716,补水效果,还不错,功效,正面
717,泡沫,细腻,使用体验,正面
717,_,凉凉的,使用体验,中性
717,_,滑滑滴,使用体验,正面
717,_,还算满意,整体,正面
718,_,挺好的,整体,正面
718,_,改变肤色,功效,正面
718,_,不错,整体,正面
718,遮瑕效果,好,功效,正面
718,包装,精美,包装,正面
718,价格,便宜,价格,正面
718,气味,好闻,气味,正面
718,_,方便,使用体验,正面
719,_,不好,整体,负面
719,_,过敏了,使用体验,负面
719,味道,好闻,气味,正面
719,包装,精美,包装,正面
719,价格,便宜,价格,正面
719,_,不错,整体,正面
719,使用体验,很好,使用体验,正面
720,_,超实惠,价格,正面
720,_,不油腻,使用体验,正面
720,_,挺好的,整体,正面
720,美白效果,不错,功效,正面
720,_,挺好,整体,正面
721,_,_,_,_
722,_,清爽,使用体验,正面
722,_,长痘痘,使用体验,负面
723,包装,有点差,包装,负面
723,_,一般般,整体,中性
724,_,还不错,整体,正面
724,包装,有点差,包装,负面
725,_,好评,整体,正面
725,_,挺好用的,整体,正面
725,_,不过敏,使用体验,正面
726,发货,快,物流,正面
726,_,是正品,真伪,正面
726,价钱,便宜,价格,正面
726,包装,不错,包装,正面
726,使用体验,好,使用体验,正面
726,气味,好闻,气味,正面
726,功效,不错,功效,正面
726,尺寸,合适,尺寸,正面
726,新鲜度,不错,新鲜度,正面
727,_,很好用,整体,正面
727,遮瑕效果,不错,功效,正面
727,保湿效果,很好,功效,正面
727,补水效果,不错,功效,正面
727,隔离效果,不错,功效,正面
727,使用体验,很好,使用体验,正面
727,气味,很好,气味,正面
727,包装,很好,包装,正面
727,价格,很好,价格,正面
727,尺寸,很好,尺寸,正面
727,新鲜度,很好,新鲜度,正面
727,_,不错,功效,正面
727,_,很好,整体,正面
727,补水,不错,功效,正面
727,保湿,很好,功效,正面
728,_,_,_,_
729,_,很好用,整体,正面
729,_,不错,整体,正面
730,_,真心的不错,整体,正面
731,_,一般,整体,中性
731,_,不怎么控油,功效,负面
731,_,有点涩,使用体验,负面
731,_,不好梳通,使用体验,负面
732,_,很不错,整体,正面
732,_,很喜欢,整体,正面
733,包装,有点差,包装,负面
733,_,一般般,整体,中性
734,_,_,_,_
735,_,还好吧,整体,正面
735,_,便宜,价格,正面
735,_,很划算,价格,正面
735,_,还不错,整体,正面
736,物流,挺快的,物流,正面
736,包装,精美,包装,正面
736,气味,清新,气味,正面
736,使用体验,很好,使用体验,正面
736,价格,实惠,价格,正面
736,_,不错,整体,正面
736,气味,难闻,气味,负面
736,包装,粗糙,包装,负面
736,价格,太贵,价格,负面
736,使用体验,差,使用体验,负面
736,气味,很好,气味,正面
737,_,差评,整体,负面
737,赠,没有,价格,负面
737,_,降价,价格,负面
737,_,一天一个价,价格,负面
738,水分,很足,成分,正面
738,物流,快,物流,正面
738,_,很不错,整体,正面
738,_,很实惠,价格,正面
739,_,非常喜欢,整体,正面
739,_,很满意,整体,正面
740,_,挺满意的,整体,正面
741,补水效果,不错,功效,正面
742,物流,很快,物流,正面
742,_,很划算,价格,正面
742,_,好,整体,正面
742,_,满减,价格,正面
742,_,下次再买,整体,正面
743,_,好用,整体,正面
743,清洁能力,好用,功效,正面
743,性价比,高,价格,正面
743,包装,精美,包装,正面
743,气味,好闻,气味,正面
743,使用体验,不错,使用体验,正面
743,_,不错,整体,正面
744,_,很不错,整体,正面
744,味道,好闻,气味,正面
744,_,遮瑕,功效,正面
744,_,保湿,功效,正面
744,_,真的很棒,整体,正面
745,_,挺好用的,整体,正面
745,_,不错,整体,正面
746,_,不错,整体,正面
747,发货速度,挺快的,物流,正面
747,包装,不错,包装,正面
747,味道,还好,气味,正面
747,使用体验,不错,使用体验,正面
747,_,不错,整体,正面
748,防晒,有那么一丢丢的油,功效,负面
748,_,挺好推开的,使用体验,正面
748,包装设计,很独特,包装,正面
748,气味,很清新,气味,正面
748,使用体验,很好,使用体验,正面
748,价格,很实惠,价格,正面
748,_,不错,整体,正面
749,礼品,_,价格,正面
749,_,不错,整体,正面
750,_,是正品,真伪,正面
750,_,很好,整体,正面
750,包装,精美,包装,正面
750,气味,清新,气味,正面
750,使用体验,很好,使用体验,正面
750,价格,实惠,价格,正面
750,_,不错,整体,正面
750,气味,很好,气味,正面
751,_,_,_,_
752,_,还好,整体,正面
752,_,蛮清爽,使用体验,正面
752,_,蛮好用,整体,正面
753,价格,便宜,价格,正面
753,物流速度,快,物流,正面
753,_,很喜欢,整体,正面
754,_,还好吧,整体,正面
755,_,很快,物流,正面
755,_,很方便,整体,正面
755,_,实惠,价格,正面
755,_,很好,整体,正面
755,_,商城ok,整体,正面
756,_,好评,整体,负面
756,_,好没有用,整体,负面
756,_,不给好评,整体,负面
757,_,好用,整体,正面
757,包装,有点差,包装,负面
757,_,有点小,尺寸,负面
758,快递,点个赞,物流,正面
758,快递,超级快,物流,正面
758,质量,杠杠滴,其他,正面
758,_,很不错,整体,正面
758,_,棒棒哒,整体,正面
759,_,还可以,整体,正面
759,包装,有点差,包装,负面
760,活动,不错,价格,正面
760,_,实惠,价格,正面
760,_,不错,整体,正面
760,_,看看效果,整体,中性
761,活动,给力,价格,正面
761,价格,优惠,价格,正面
761,_,划算,价格,正面
762,包装,很好,包装,正面
762,_,温和,使用体验,正面
762,_,不刺激,使用体验,正面
762,_,不错,整体,正面
762,_,很好,整体,正面
763,_,确实不错,整体,正面
763,_,没让我失望,整体,正面
763,老板,_,服务,正面
763,_,大大的,服务,正面
763,_,_,整体,正面
764,_,还好,整体,中性
765,_,_,_,_
766,活动,_,价格,正面
766,_,超级赞,整体,正面
766,_,很值,价格,正面
766,_,厉害,整体,正面
767,_,好用,整体,正面
767,性价比,高,价格,正面
767,包装,精美,包装,正面
768,_,不错,整体,正面
769,_,好用,整体,正面
769,_,不错,整体,正面
769,包装,精美,包装,正面
769,气味,清新,气味,正面
769,使用体验,很好,使用体验,正面
769,价格,实惠,价格,正面
770,味道,喜欢,气味,正面
770,_,很喜欢,整体,正面
771,物流,很快,物流,正面
771,隔离效果,很棒,功效,正面
771,包装,精美,包装,正面
771,气味,清新,气味,正面
771,使用体验,很好,使用体验,正面
771,价格,实惠,价格,正面
771,_,不错,整体,正面
771,气味,很好,气味,正面
772,_,_,_,_
773,_,_,_,_
774,_,还不错,整体,正面
774,物流,不错,物流,正面
774,包装,不错,包装,正面
774,_,方便,整体,正面
775,_,_,_,_
776,_,不好用,整体,负面
776,味道,特别刺鼻,气味,负面
776,味道,难闻到爆,气味,负面
776,_,已经扔了,整体,负面
777,_,_,_,_
778,_,不好,整体,负面
778,_,跟水一样,使用体验,负面
778,_,一股味道,气味,负面
779,保湿效果,很好,功效,正面
779,_,好用,整体,正面
779,_,喜欢,整体,正面
780,_,很自然,功效,正面
780,_,很贴妆,使用体验,正面
780,颜色,喜欢,其他,正面
780,味道,很好,气味,正面
781,_,便宜,价格,正面
782,_,_,_,_
783,补水效果,很不错,功效,正面
783,_,好了很多,使用体验,正面
784,补水效果,挺不错,功效,正面
784,快递,快,物流,正面
784,_,很愉快,整体,正面
784,_,挺不错,整体,正面
785,_,挺好的,整体,正面
785,_,挺喜欢的,整体,正面
785,瓶子,很好看,包装,正面
785,_,挺舒服的,使用体验,正面
785,_,还不错,整体,正面
786,_,服帖,使用体验,正面
786,_,自然,功效,正面
786,色号,合适,其他,正面
787,_,很干,使用体验,负面
787,_,不值,价格,负面
788,速度,很快,物流,正面
788,_,还不错,整体,正面
788,礼品袋,_,价格,中性
789,_,挺好用的,整体,正面
789,_,有点小,尺寸,负面
789,_,还好,整体,正面
789,_,挺好的,整体,正面
790,_,不好,整体,负面
790,_,便宜,价格,负面
791,_,不错,整体,正面
791,_,不是太干,使用体验,正面
791,味道,好闻,气味,正面
791,包装,精美,包装,正面
791,价格,便宜,价格,正面
791,使用体验,好,使用体验,正面
792,颜色,太浅了,其他,负面
792,_,太苍白了些,其他,负面
793,味道,淡淡,气味,正面
793,_,很好闻,气味,正面
793,_,很好用,整体,正面
793,_,会推荐,整体,正面
794,_,过敏,使用体验,负面
795,味道,香香的,气味,正面
795,外观,特别漂亮,包装,正面
796,补水效果,真的好,功效,正面
796,物流,很快,物流,正面
796,_,非常满意,整体,正面
797,_,很适合,整体,正面
797,_,很好,整体,正面
797,_,不错,整体,正面
798,_,快,物流,正面
799,补水,很不错,功效,正面
799,补水,真的不错,功效,正面
799,祛斑,不大,功效,中性
799,包装设计,很独特,包装,正面
799,气味,很清新,气味,正面
799,使用体验,很好,使用体验,正面
799,价格,很实惠,价格,正面
799,_,不错,整体,正面
800,_,还不错,整体,正面
801,盒子,很好看,包装,正面
801,包装,很好,包装,正面
801,味道,不错,气味,正面
801,价格,便宜,价格,正面
801,使用体验,一般,使用体验,中性
801,_,还不错,整体,正面
802,_,很好,整体,正面
802,香味,淡淡的,气味,正面
802,价格,很美丽,价格,正面
803,_,很好,整体,正面
803,_,很舒服,使用体验,正面
803,_,过敏性皮肤,使用体验,中性
803,_,全部都是,整体,正面
804,包装,有点不一样,包装,中性
804,物流,快,物流,正面
804,配送员服务,好,物流,正面
804,_,比较优惠,价格,正面
805,_,挺好的,整体,正面
805,价格,实惠,价格,正面
806,_,挺好用的,整体,正面
806,_,还可以,整体,正面
806,包装,很好,包装,正面
806,味道,不错,气味,正面
806,使用体验,不错,使用体验,正面
806,_,还不错,整体,正面
807,活动,没有**的活动给力,价格,负面
807,_,挺合适,整体,正面
807,_,有点失望,整体,负面
808,_,很好,整体,正面
808,_,笑了,整体,正面
809,发货,快,物流,正面
809,包装,好,包装,正面
809,服务,好,服务,正面
809,价格,好,价格,正面
809,_,好评,整体,正面
809,_,一如既往的好评,整体,正面
810,_,很好,整体,正面
810,_,喜欢,整体,正面
810,味道,淡淡,气味,正面
811,_,非常好用,整体,正面
811,_,很薄,使用体验,正面
811,补水效果,不错,功效,正面
812,_,还不错,整体,正面
812,包装,不错,包装,正面
812,味道,好闻,气味,正面
812,价格,便宜,价格,正面
812,遮暇效果,好,功效,正面
813,_,挺好用的,整体,正面
813,_,比较水润,使用体验,正面
813,上妆,挺容易,使用体验,正面
813,物流,很快,物流,正面
814,活动,_,价格,正面
814,_,很划算,价格,正面
814,包装,很好,包装,正面
814,气味,不错,气味,正面
814,使用体验,很好,使用体验,正面
814,_,还不错,整体,正面
815,包装,完好,包装,正面
815,_,不错,整体,正面
816,快递,值得表扬,物流,正面
816,快递,支持,物流,正面
817,物流,太给力了,物流,正面
817,清洁能力,_,功效,中性
817,_,超级快,物流,正面
818,_,不错,整体,正面
818,_,很温和,使用体验,正面
818,_,不刺激,使用体验,正面
819,_,_,_,_
820,活动价,_,价格,正面
820,_,实惠,价格,正面
820,_,好,整体,正面
821,_,还不错,整体,正面
822,_,很好,整体,正面
822,_,很服帖,使用体验,正面
822,_,没有浮粉,使用体验,正面
823,_,_,_,_
824,_,很好用,整体,正面
825,_,不错,整体,正面
825,_,非常满意,整体,正面
826,_,太开心了,整体,正面
826,_,更好,整体,中性
826,_,三个,整体,正面
826,_,加送,整体,正面
826,_,替换装,整体,正面
826,_,期待,整体,中性
826,_,收到,整体,正面
826,_,两个,整体,负面
826,_,加一起,整体,正面
826,_,太开心,整体,正面
827,_,不错,整体,正面
827,_,很好推开,使用体验,正面
827,_,细腻,使用体验,正面
827,_,不遮暇,功效,中性
827,_,均匀肤色,功效,正面
827,_,棒棒哒,整体,正面
828,速度,挺快,物流,正面
828,快递员,_,物流,正面
829,补水效果,挺好的,功效,正面
829,使用体验,不错,使用体验,正面
830,物流,很快,物流,正面
830,小哥,人很好,物流,正面
830,包装,精美,包装,正面
830,气味,清新,气味,正面
830,使用体验,很好,使用体验,正面
830,价格,实惠,价格,正面
830,_,不错,整体,正面
830,价格,便宜,价格,正面
831,_,是正品,真伪,正面
831,_,信赖,整体,正面
831,_,追评,整体,中性
831,_,几天,整体,中性
831,_,_,整体,中性
832,_,还可以,整体,正面
832,_,有点点油,使用体验,负面
832,包装,有点破,包装,负面
832,味道,有点刺鼻,气味,负面
832,_,有点差,整体,负面
833,_,越洗越油,使用体验,负面
833,_,不值,价格,负面
833,_,一点泡泡都没有,使用体验,负面
833,_,垃圾,整体,负面
833,_,不会差,整体,负面
833,_,像乳液,使用体验,负面
834,_,是正品,真伪,正面
834,_,挺好的,整体,正面
834,性价比,不错,价格,正面
835,_,挺好的,整体,正面
835,成膜,比较慢,使用体验,中性
835,_,好用,整体,正面
836,吸收情况,容易吸收,使用体验,正面
836,吸收情况,很好推开,使用体验,正面
836,抗衰老成分,_,成分,正面
836,性价比,高,价格,正面
836,滋润,一般,功效,中性
836,保湿,一般,功效,中性
836,_,不油腻,使用体验,正面
836,_,不错,整体,正面
837,_,很喜欢,整体,正面
837,_,还不错,整体,正面
837,价位,_,价格,正面
838,_,很好,整体,正面
839,_,还行,整体,正面
839,上妆效果,挺好的,功效,正面
839,价格,便宜,价格,正面
840,包装,还可以,包装,正面
840,味道,不错,气味,正面
840,_,不错,整体,正面
841,_,_,_,_
842,_,还行吧,整体,正面
842,_,太香了,气味,负面
842,泡泡,比较少,使用体验,负面
842,_,不太喜欢,整体,负面
843,_,_,_,_
844,_,超级好用,整体,正面
844,_,不干,使用体验,正面
844,_,香香的,气味,正面
845,_,很不错,整体,正面
845,_,是正品,真伪,正面
845,包装,精美,包装,正面
845,气味,清新,气味,正面
845,使用体验,很好,使用体验,正面
845,价格,实惠,价格,正面
845,_,不错,整体,正面
845,气味,很好,气味,正面
846,_,_,_,_
847,_,很实惠,价格,正面
848,_,不错,整体,正面
848,保湿,挺好的,功效,正面
848,快递,很快,物流,正面
849,活动,挺划算的,价格,正面
850,_,_,_,_
851,_,滑滑的,使用体验,正面
851,_,还不错,整体,正面
852,_,很好用,整体,正面
852,_,非常推荐,整体,正面
852,_,棒棒哒,整体,正面
853,_,不错,整体,正面
853,_,轻薄,使用体验,正面
853,_,好上妆,使用体验,正面
853,_,不是特别油腻,使用体验,正面
854,_,_,_,_
855,保湿效果,挺好的,功效,正面
855,_,是正品,真伪,正面
855,包装设计,很独特,包装,正面
855,气味,很好闻,气味,正面
855,使用体验,不错,使用体验,正面
855,价格,便宜,价格,正面
855,_,不错,整体,正面
856,包装,挺好的,包装,正面
856,_,是正品,真伪,正面
856,_,好评,整体,正面
856,包装,不错,包装,正面
856,味道,好闻,气味,正面
856,使用体验,不错,使用体验,正面
856,价格,便宜,价格,正面
856,物流,不错,物流,正面
856,_,不错,整体,正面
857,_,还可以,整体,正面
857,_,比较满意,整体,正面
858,_,还不错,整体,正面
858,_,很好的,整体,正面
858,_,不错,整体,正面
859,_,正品,真伪,正面
859,_,很好,整体,正面
859,_,不错,整体,正面
860,_,_,_,_
861,_,有点油,使用体验,负面
861,防摩擦,很贴心,使用体验,正面
861,包装,很棒,包装,正面
861,_,不错,整体,正面
862,快递,_,物流,负面
862,送货员,_,物流,负面
862,_,气死人了,物流,负面
862,_,慢,物流,负面
862,_,不快,物流,负面
862,_,不及时,物流,负面
862,_,不快点,物流,负面
863,_,好油,使用体验,负面
864,_,很好用,整体,正面
864,_,喜欢,整体,正面
865,_,挺保湿的,功效,正面
865,_,有点黏腻,使用体验,负面
866,_,香香的,气味,正面
866,_,挺好用,整体,正面
866,_,不是很贵,价格,正面
867,_,还可以,整体,正面
867,_,不能遮暇,功效,负面
868,_,很喜欢,整体,正面
868,赠品,好超值,价格,正面
868,_,不错,整体,正面
868,_,好超值,价格,正面
869,_,非常好用,整体,正面
870,_,不错,整体,正面
871,_,正品,真伪,正面
871,_,还不错,整体,正面
871,物流,不错,物流,正面
871,包装,不错,包装,正面
871,_,便宜,价格,正面
872,_,_,_,_
873,_,正品,真伪,正面
873,包装,精美,包装,正面
873,包装,漂亮,包装,正面
873,_,挺好的,整体,正面
874,_,_,_,_
875,_,细腻,使用体验,正面
875,_,柔滑,使用体验,正面
875,味道,清香,气味,正面
875,_,种草了,整体,正面
875,_,么么哒,整体,正面
876,_,最便宜,价格,正面
877,_,挺好用的,整体,正面
877,_,挺多的,其他,正面
878,_,很喜欢,整体,正面
878,_,很好,整体,正面
878,_,很赞,整体,正面
879,_,不错,整体,正面
879,_,很轻薄,使用体验,正面
879,遮瑕效果,不错,功效,正面
880,活动,_,价格,正面
880,保湿,不错,功效,正面
880,补水,不错,功效,正面
881,_,真心不错,整体,正面
881,_,很服帖,使用体验,正面
881,_,超级划算,价格,正面
882,_,非常好,整体,正面
882,_,很好用,整体,正面
882,面膜纸,非常贴,使用体验,正面
882,精华,好多,成分,正面
882,_,真的补水,功效,正面
883,_,大爱,整体,正面
883,_,非常喜欢,整体,正面
883,_,一直用,整体,正面
884,送货,很高效,物流,正面
884,包装,很精美,包装,正面
884,_,不错,整体,正面
885,_,还可以,整体,正面
885,_,超舒服,使用体验,正面
886,_,_,_,_
887,遮瑕效果,不错,功效,正面
887,_,好用,整体,正面
887,_,不错,整体,正面
887,包装,不错,包装,正面
888,_,好用,整体,正面
888,_,遮瑕,功效,正面
888,_,自然,功效,正面
888,_,白皙,功效,正面
889,快递速度,这么快,物流,正面
889,价格,这么实惠,价格,正面
890,活动,_,价格,正面
890,_,还行,整体,正面
890,价格,亲民,价格,正面
890,_,支持,整体,正面
890,_,国货当自强,整体,正面
890,_,一直在用,整体,正面
891,_,很满意,整体,正面
891,_,好评,整体,正面
892,_,_,_,_
893,_,很好,整体,正面
894,_,很满意,整体,正面
895,包装,精美,包装,正面
895,物流,给力,物流,正面
895,味道,好闻,气味,正面
895,_,好用,整体,正面
895,_,不错,整体,正面
896,_,好用,整体,正面
897,_,不错,整体,正面
897,_,一直用,整体,正面
897,_,会再买,整体,正面
897,_,感觉不错,整体,正面
898,_,_,_,_
899,_,没有泡沫,使用体验,负面
899,_,洗不干净,功效,负面
899,味道,好闻,气味,正面
899,包装,精美,包装,正面
899,价格,便宜,价格,正面
899,_,不错,整体,正面
900,_,_,_,_
901,_,_,_,_
902,活动,_,价格,正面
902,_,五星好评,整体,正面
902,_,物美价廉,价格,正面
903,按压,方便,使用体验,正面
903,设计,挺好,其他,正面
903,水,不刺激,使用体验,正面
903,清洁,挺干净,功效,正面
903,_,喜欢,整体,正面
904,_,很快,物流,正面
904,_,还不错,整体,正面
905,_,还阔以,整体,正面
905,_,香香的,气味,正面
905,_,很满意,整体,正面
906,快寄,很给力,物流,正面
906,_,是正品,真伪,正面
906,_,不是正品,真伪,负面
906,_,不知道是不是送的错,整体,中性
906,_,小的,尺寸,中性
906,_,大的,尺寸,正面
906,_,快寄,物流,正面
906,_,很给力,物流,正面
907,_,是正品,真伪,正面
907,活动,超划算,价格,正面
907,_,棒棒哒,整体,正面
907,_,好用,整体,正面
908,礼物,_,价格,正面
908,_,很保湿,功效,正面
908,精华,很多,成分,正面
908,_,很滋润,使用体验,正面
908,_,很温和,使用体验,正面
908,包装,很好,包装,正面
908,味道,不错,气味,正面
908,使用体验,很好,使用体验,正面
908,_,很划算,价格,正面
908,_,整体不错,整体,正面
909,物流,快,物流,正面
909,_,超级满意,整体,正面
909,_,好,整体,正面
909,_,超喜欢,整体,正面
909,_,棒棒,整体,正面
910,收货,很及时,物流,正面
910,颜色,很适合,其他,正面
910,发货,这么快,物流,正面
911,_,不错,整体,正面
911,_,美美哒,整体,正面
912,酒精味,太重,气味,负面
912,_,有点油,使用体验,负面
912,_,很好,整体,正面
912,包装,太差,包装,负面
912,气味,太重,气味,负面
913,活动,_,价格,正面
913,_,特别的不错,整体,正面
913,_,很优惠,价格,正面
913,_,优惠很多,价格,正面
914,_,很好,整体,正面
915,_,还不错,整体,正面
915,_,有点小,尺寸,负面
916,快递,真是神速,物流,正面
916,活动,优惠很多,价格,正面
916,快递,太给力了,物流,正面
917,_,不好用,整体,负面
917,_,没有提亮肤色的效果,功效,负面
917,_,抹不开,使用体验,负面
918,_,真心不错,整体,正面
919,_,还不错,整体,正面
920,味道,没错,气味,正面
920,_,是正品,真伪,正面
920,瓶盖,碎了,包装,负面
921,_,_,_,_
922,_,还可以,整体,正面
922,香料味,不怎么喜欢,气味,负面
922,包装,太差了,包装,负面
922,物流,太慢了,物流,负面
922,味道,太重了,气味,负面
923,_,_,_,_
924,_,还不错,整体,正面
924,保湿效果,还不错,功效,正面
925,补水效果,很好,功效,正面
925,_,好用,整体,正面
925,_,很实惠,价格,正面
926,_,挺好的,整体,正面
926,味道,不错,气味,正面
926,_,挺保湿的,功效,正面
927,_,挺好的,整体,正面
927,味道,好,气味,正面
927,补水效果,好,功效,正面
927,使用体验,好,使用体验,正面
927,包装,好,包装,正面
927,_,不错,整体,正面
928,_,很好,整体,正面
928,_,非常喜欢,整体,正面
929,_,好评,整体,正面
929,包装,精美,包装,正面
929,气味,清新,气味,正面
929,使用体验,很好,使用体验,正面
929,价格,实惠,价格,正面
929,物流服务,好,物流,正面
929,_,不错,整体,正面
929,价格,便宜,价格,正面
930,_,_,_,_
931,_,小小,尺寸,负面
931,_,没感觉到明显变化,整体,中性
931,_,有明显改善,整体,中性
932,物流,快,物流,正面
932,价格,有点贵,价格,负面
933,_,_,_,_
934,到账速度,快,物流,正面
934,包装,精美,包装,正面
934,服务态度,好,服务,正面
934,_,不错,整体,正面
934,速度,_,物流,正面
934,包装,不错,包装,正面
934,服务态度,不错,服务,正面
935,_,不好用,整体,负面
935,_,卡粉,使用体验,负面
935,味道,好闻,气味,正面
935,包装,精美,包装,正面
935,价格,便宜,价格,正面
935,_,不错,整体,正面
936,_,还可以,整体,正面
937,性价比,很高,价格,正面
937,活动,_,价格,正面
937,_,不错的,整体,正面
938,_,很服帖,使用体验,正面
938,精华,很多,成分,正面
938,_,很好用,整体,正面
938,_,不过敏,使用体验,正面
939,_,不好用,整体,负面
940,保湿效果,很好,功效,正面
940,_,不错,整体,正面
941,_,还不错,整体,正面
941,_,自然,功效,正面
941,_,淡化了痘痘痕迹,功效,正面
941,_,长逗,使用体验,负面
941,_,感觉还不错,整体,正面
942,价格,便宜,价格,正面
942,_,有点小,尺寸,负面
942,包装,有点差,包装,负面
942,气味,有点怪,气味,负面
942,_,还好,整体,正面
942,_,还不错,整体,正面
943,_,一般,整体,中性
943,价格,便宜,价格,正面
944,_,挺好吸收,使用体验,正面
944,_,不油腻,使用体验,正面
944,保护措施,挺好,功效,正面
944,_,没有损毁,包装,正面
944,_,确实挺好吸收,使用体验,正面
945,补水效果,不错,功效,正面
946,_,挺好用的,整体,正面
946,_,白了,功效,正面
946,包装,简陋,包装,负面
946,_,挺划算的,价格,正面
946,_,满意,整体,正面
947,补水效果,不错,功效,正面
947,包装,好看,包装,正面
947,膜布,很柔软,使用体验,正面
947,_,很薄,使用体验,正面
947,精华,满满,成分,正面
948,_,_,_,_
949,_,挺喜欢,整体,正面
949,_,很实惠,价格,正面
949,_,水水美美的,使用体验,正面
949,_,很舒服,使用体验,正面
950,_,不错,整体,正面
950,_,好,整体,正面
950,_,差,整体,负面
951,_,有点油,使用体验,负面
951,_,好多了,使用体验,正面
951,_,没有成膜,使用体验,负面
952,_,还行,整体,正面
952,_,好推开,使用体验,正面
952,_,有点不舒服,使用体验,负面
953,_,Very good,整体,正面
953,_,like it,整体,正面
954,_,还不错,整体,正面
954,_,挺舒服的,整体,正面
954,_,不错,整体,正面
955,_,挺好用的,整体,正面
955,_,提亮肤色,功效,正面
956,_,不错,整体,正面
956,_,很好,整体,正面
957,速度,快,物流,正面
957,速度,好,物流,正面
957,_,很不错,整体,正面
957,_,棒棒哒,整体,正面
957,_,快,物流,正面
957,_,好,物流,正面
958,_,挺好的,整体,正面
958,颜色,不自然,功效,负面
958,颜色,有点假白,功效,负面
958,定妆,不持久,功效,负面
958,_,好少,其他,负面
959,_,好用,整体,正面
959,_,挺不错的,整体,正面
960,快递,不咋地,物流,负面
960,快递,速度还慢,物流,负面
960,快递,关门,物流,负面
960,_,没有泡沫,使用体验,负面
960,_,真不知道咋用,整体,负面
961,_,还不错,整体,正面
961,_,挺香的,气味,正面
961,_,不是很丰富,其他,中性
961,_,挺好,整体,正面
961,_,不干燥,使用体验,正面
962,_,还不错,整体,正面
963,_,很好用,整体,正面
963,物流,很快,物流,正面
963,_,赞一个,整体,正面
964,价格,便宜,价格,正面
964,包装,精美,包装,正面
964,_,不错,整体,正面
965,_,_,_,_
966,_,卡粉,使用体验,负面
966,_,不自然,功效,负面
966,_,不好,整体,负面
967,_,_,_,_
968,颜色,太白,功效,负面
968,_,显毛孔,使用体验,负面
968,_,浮粉严重,使用体验,负面
968,包装,太差,包装,负面
968,气味,难闻,气味,负面
969,_,很滋润,使用体验,正面
969,_,不油腻,使用体验,正面
969,_,很好,整体,正面
969,_,不错,整体,正面
970,_,很好用,整体,正面
970,_,中性,整体,正面
970,_,正面,整体,正面
971,_,挺好用的,整体,正面
971,_,非常满意,整体,正面
972,_,可以,整体,正面
973,赠品,挺好用,价格,正面
973,_,棒棒哒,整体,正面
974,_,好用,整体,正面
974,_,经济,价格,正面
974,_,实惠,价格,正面
975,_,还不错,整体,正面
975,_,便宜,价格,正面
975,_,还可以,整体,正面
976,_,还可以,整体,正面
976,_,不黏腻,使用体验,正面
977,_,很油,使用体验,负面
977,_,不清爽,使用体验,负面
978,_,没用,整体,中性
978,性价比,高,价格,正面
978,包装,精美,包装,正面
978,气味,好闻,气味,正面
978,_,好用,整体,正面
978,_,不错,整体,正面
979,_,_,_,_
980,_,不错,整体,正面
980,_,很喜欢,整体,正面
981,_,有点小,尺寸,负面
982,_,还行,整体,正面
983,_,挺温和,使用体验,正面
983,_,还可以,整体,正面
984,_,好用,整体,正面
984,_,不错,整体,正面
984,_,不粘,使用体验,正面
984,_,不油腻,使用体验,正面
985,_,好评,整体,正面
985,_,挺好用的,整体,正面
985,_,不习惯,整体,负面
986,_,良好,整体,正面
986,_,无异常,整体,正面
986,_,喜欢,整体,正面
987,_,_,_,_
988,卸妆效果,很好,功效,正面
988,_,很满意,整体,正面
989,包装,一般,包装,中性
989,盒子,没有,包装,负面
989,_,那样,整体,中性
989,_,希望好用,整体,中性
990,_,很好用,整体,正面
990,味道,好闻,气味,正面
990,_,太划算了,价格,正面
991,_,很好用,整体,正面
992,_,便宜不少,价格,正面
992,_,便宜,价格,正面
993,_,好评,整体,正面
993,包装,精美,包装,正面
993,气味,清新,气味,正面
993,使用体验,很好,使用体验,正面
993,价格,实惠,价格,正面
993,物流服务,好,物流,正面
993,_,不错,整体,正面
993,价格,便宜,价格,正面
994,保湿,很好,功效,正面
994,补水效果,很好,功效,正面
994,吸收,特别快,使用体验,正面
994,价格,超值,价格,正面
995,_,好用,整体,正面
995,_,不刺激,使用体验,正面
996,活动力度,很大,价格,正面
996,价格,便宜,价格,正面
996,性价比,很高,价格,正面
996,_,真的不错,整体,正面
996,活动,_,价格,正面
997,_,很好用,整体,正面
997,_,很开心,整体,正面
997,_,很好,整体,正面
998,_,满意,整体,正面
998,吸收,好,使用体验,正面
998,_,好,整体,正面
999,_,还可以,整体,正面
999,包装,很好,包装,正面
999,味道,不错,气味,正面
999,使用体验,不错,使用体验,正面
999,_,不错,整体,正面
999,包装,不错,包装,正面
1000,发货,及时,物流,正面
1000,_,好,整体,正面
1000,包装,精美,包装,正面
1000,气味,清新,气味,正面
1000,使用体验,很好,使用体验,正面
1000,价格,实惠,价格,正面
1000,_,不错,整体,正面
1001,包装,有点差,包装,负面
1001,_,一般般,整体,中性
1002,_,好评,整体,正面
1002,活动,_,价格,中性
1002,_,一直都有关注,整体,正面
1002,_,_,整体,正面
1003,_,_,_,_
1004,_,_,_,_
1005,包装,太差,包装,负面
1005,气味,难闻,气味,负面
1005,_,不是很好用,整体,负面
1005,味道,太难闻,气味,负面
1006,_,还不错,整体,正面
1006,_,好评,整体,正面
1006,_,皮肤很白,功效,正面
1007,价格,亲民,价格,正面
1007,_,很合适,整体,正面
1007,_,好用,整体,正面
1008,_,不错,整体,正面
1008,_,很好用,整体,正面
1009,_,好很多,整体,正面
1009,_,补水,功效,正面
1009,_,保湿,功效,正面
1009,_,不油腻,使用体验,正面
1010,效果,很好,功效,正面
1010,性价比,高,价格,正面
1010,_,很方便,整体,正面
1010,_,不浪费,整体,正面
1011,_,不理想,整体,负面
1011,_,干巴巴的,使用体验,负面
1012,_,很好用,整体,正面
1012,_,很香,气味,正面
1013,_,滋润,使用体验,正面
1013,_,亮白,功效,正面
1013,_,保湿,功效,正面
1013,_,非常不错,整体,正面
1013,_,喜欢,整体,正面
1013,包装,精美,包装,正面
1013,香味,好闻,气味,正面
1013,使用体验,不错,使用体验,正面
1013,保湿效果,好,功效,正面
1013,性价比,高,价格,正面
1013,价格,便宜,价格,正面
1013,_,好评,整体,正面
1013,_,不错,整体,正面
1014,_,不错,整体,正面
1014,瓶子,挺精致的,包装,正面
1014,_,好用,整体,中性
1014,_,希望,整体,中性
1014,_,应该,整体,正面
1014,_,还没有用,整体,中性
1015,快递,很快,物流,正面
1015,_,不错,整体,正面
1015,_,好用,整体,正面
1016,_,_,_,_
1017,_,挺好用的,整体,正面
1017,_,很细腻,使用体验,正面
1017,遮瑕效果,挺好,功效,正面
1017,使用体验,很好,使用体验,正面
1017,包装,很不错,包装,正面
1018,_,挺小的,尺寸,负面
1018,_,不易脱妆,使用体验,正面
1018,_,挺自然,功效,正面
1018,_,不错,整体,正面
1019,价格,便宜,价格,正面
1019,物流,快,物流,正面
1019,包装,好,包装,正面
1019,真伪,没问题,真伪,正面
1020,_,很舒服,使用体验,正面
1020,_,很好,整体,正面
1020,包装设计,很独特,包装,正面
1020,气味,很清新,气味,正面
1020,价格,很实惠,价格,正面
1020,物流,很快,物流,正面
1021,物流,快,物流,正面
1021,服务态度,好,服务,正面
1021,包装,精美,包装,正面
1021,价格,便宜,价格,正面
1021,_,不错,整体,正面
1022,_,挺划算的,价格,正面
1023,_,好评,整体,正面
1023,_,好用,整体,正面
1023,_,不错,整体,正面
1024,活动,_,价格,正面
1024,_,炒鸡合适,价格,正面
1025,_,物有所值,整体,正面
1025,包装,精美,包装,正面
1025,气味,清新,气味,正面
1025,使用体验,很好,使用体验,正面
1025,价格,实惠,价格,正面
1025,_,不错,整体,正面
1026,_,挺好用的,整体,正面
1026,_,实惠,价格,正面
1026,_,还可以,整体,正面
1027,精华,很多,成分,正面
1027,快递员服务,超好,物流,正面
1027,_,赞一个,整体,正面
1027,_,补水,功效,正面
1027,_,最佳,整体,正面
1027,_,很多,成分,正面
1028,_,挺好用的,整体,正面
1028,提亮效果,好,功效,正面
1028,使用体验,不错,使用体验,正面
1029,包装,很好,包装,正面
1029,包装,无破损,包装,正面
1029,_,很喜欢,整体,正面
1029,_,很好,整体,正面
1029,_,无破损,包装,正面
1030,清香,淡淡的,气味,正面
1030,_,很好闻,气味,正面
1031,_,_,_,_
1032,_,挺好,整体,正面
1032,_,不卡粉,使用体验,正面
1033,活动,_,价格,正面
1033,_,便宜,价格,正面
1033,_,好用,整体,正面
1033,_,物美价廉,价格,正面
1034,保质期,_,新鲜度,负面
1034,_,好失望,整体,负面
1034,_,没有评价那么好,整体,负面
1035,_,超级好用,整体,正面
1035,_,易摸散,使用体验,正面
1035,_,太小,尺寸,负面
1035,_,不值得回购,整体,负面
1035,_,值得推荐,整体,正面
1035,_,一直很信赖,整体,正面
1035,_,40毫升,尺寸,负面
1036,_,不错,整体,正面
1036,_,挺好用的,整体,正面
1037,香精味,廉价,气味,负面
1037,_,不自然,功效,负面
1037,_,卡粉,使用体验,负面
1037,_,廉价,价格,负面
1038,_,是正品,真伪,正面
1038,_,不错,整体,正面
1039,保湿效果,还行,功效,正面
1039,_,很服帖,使用体验,正面
1039,_,特别划算,价格,正面
1040,快递,好快,物流,正面
1040,精华,很多,成分,正面
1040,_,很好,整体,正面
1041,_,不错,整体,正面
1041,店家,生意兴隆,服务,正面
1041,_,老顾客,整体,正面
1041,_,祝,整体,正面
1041,_,不错哟,整体,正面
1041,_,生意兴隆,服务,正面
1042,_,特假,整体,负面
1043,_,_,_,_
1044,_,很好用,整体,正面
1044,_,真的,真伪,正面
1044,_,会买,整体,正面
1044,_,用完,整体,正面
1044,_,回家就用了,整体,正面
1044,_,收到,整体,正面
1045,物流,很快,物流,正面
1045,_,很满意,整体,正面
1046,_,是正品,真伪,正面
1046,包装,不错,包装,正面
1046,气味,不错,气味,正面
1046,价格,便宜,价格,正面
1046,_,还不错,整体,正面
1047,_,非常方便,使用体验,正面
1047,_,挤压的,使用体验,正面
1047,_,很大,尺寸,正面
1047,_,方便,使用体验,正面
1047,_,用起来,使用体验,正面
1048,_,清爽,使用体验,正面
1048,_,不油腻,使用体验,正面
1048,_,很好,整体,正面
1049,包装,完好,包装,正面
1049,香味,淡淡的,气味,正面
1049,_,还好,整体,正面
1050,性价比,很高,价格,正面
1050,_,滋润,使用体验,正面
1050,_,补水,功效,正面
1050,_,保湿,功效,正面
1050,_,不起脂肪粒,使用体验,正面
1050,送货,超级快,物流,正面
1050,包装设计,很独特,包装,正面
1050,气味,很香,气味,正面
1050,功效,不错,功效,正面
1050,尺寸,合适,尺寸,正面
1050,新鲜度,很好,新鲜度,正面
1050,使用体验,很好,使用体验,正面
1051,_,_,_,_
1052,_,还好吧,整体,正面
1052,保湿,不是那么好,功效,负面
1052,_,有点干,使用体验,负面
1053,_,_,_,_
1054,味道,很清新,气味,正面
1054,泡沫,不多,使用体验,中性
1054,清洁力度,还可以,功效,正面
1054,_,挺细腻的,使用体验,正面
1054,_,挺温和的,使用体验,正面
1054,_,不紧绷,使用体验,正面
1055,_,一般般,整体,中性
1055,_,不明显,整体,中性
1056,_,一般般,整体,中性
1056,_,搓不出角质,使用体验,负面
1057,_,超赞,整体,正面
1057,_,大爱,整体,正面
1058,优惠活动,太赞了,价格,正面
1059,_,好评,整体,正面
1060,物流,很快,物流,正面
1060,_,挺不错的,整体,正面
1061,_,_,_,_
1062,_,太香了,气味,负面
1062,_,不是很滋润,使用体验,负面
1062,遮暇效果,稍微有点,功效,中性
1063,补水效果,好,功效,正面
1063,_,超级好用,整体,正面
1063,_,好用到爆,整体,正面
1064,服务态度,很好,服务,正面
1064,_,很满意,整体,正面
1065,_,不掉妆,使用体验,正面
1066,粉质,不够细,使用体验,负面
1066,_,不够服帖,使用体验,负面
1066,味道,蛮喜欢,气味,正面
1066,提亮的效果,不错,功效,正面
1066,包装设计,很独特,包装,正面
1066,气味,很清新,气味,正面
1066,使用体验,很好,使用体验,正面
1066,_,不错,整体,正面
1067,_,清淡,使用体验,正面
1067,_,不紧绷,使用体验,正面
1067,_,很舒服,使用体验,正面
1067,_,挺干净,功效,正面
1067,_,不刺激,使用体验,正面
1067,_,还好,整体,正面
1067,_,不错,整体,正面
1067,_,没有什么泡泡,使用体验,中性
1068,_,还不错,整体,正面
1068,_,很好用,整体,正面
1068,_,希望,整体,中性
1069,_,很难用,整体,负面
1069,_,洗不干净,功效,负面
1069,_,油油的,使用体验,负面
1069,_,很不爽,整体,负面
1070,_,非常喜欢,整体,正面
1070,_,非常满意,整体,正面
1071,_,还不错,整体,正面
1072,_,_,_,_
1073,价格,美丽,价格,正面
1073,性价比,高,价格,正面
1074,_,很不错,整体,正面
1075,_,一般,整体,中性
1076,清洁力,不是太好,功效,负面
1076,_,起痘痘,使用体验,负面
1076,_,不适合,整体,负面
1077,赠品,很大,价格,正面
1077,_,还行,整体,正面
1077,包装,很好,包装,正面
1077,味道,不错,气味,正面
1077,使用体验,很好,使用体验,正面
1077,_,还不错,整体,正面
1078,_,挺好用的,整体,正面
1079,_,还行,整体,正面
1079,_,不会很白,功效,正面
1079,粉扑,很硬,包装,负面
1079,_,不好用,包装,负面
1080,_,_,_,_
1081,_,不理想,整体,负面
1081,_,洗不干净,功效,负面
1081,泡沫,不细腻,使用体验,负面
1081,_,失望,整体,负面
1082,发货,快,物流,正面
1082,包装,好,包装,正面
1082,客服,好,服务,正面
1082,物流,好,物流,正面
1082,快递,好,物流,正面
1082,_,好评,整体,正面
1083,_,正品,真伪,正面
1083,_,还不错,整体,正面
1084,_,不错,整体,正面
1085,_,一般般,整体,中性
1086,物流,很快,物流,正面
1086,包装,很好,包装,正面
1086,气味,很好,气味,正面
1086,使用体验,很好,使用体验,正面
1086,功效,很好,功效,正面
1086,价格,很好,价格,正面
1086,尺寸,很好,尺寸,正面
1086,新鲜度,很好,新鲜度,正面
1086,_,很好,整体,正面
1087,_,还不错,整体,正面
1087,_,一样,整体,正面
1087,_,用着,整体,正面
1087,_,和描述的一样,整体,正面
1088,_,还可以,整体,正面
1089,_,_,_,_
1090,活动,实惠,价格,正面
1090,_,还不错,整体,正面
1090,_,有点小,尺寸,负面
1090,活动力度,挺大的,价格,正面
1091,_,特持久,功效,正面
1091,_,特别容易干,使用体验,负面
1091,_,一般般,整体,中性
1092,_,特别好,整体,正面
1092,_,特补水,功效,正面
1092,_,喜欢,整体,正面
1092,_,强烈推荐,整体,正面
1093,添加剂,很少,成分,正面
1093,补水,不错,功效,正面
1093,保湿,不错,功效,正面
1093,_,太粘稠,使用体验,负面
1093,添加剂,很安全,成分,正面
1094,_,_,_,_
1095,_,不错,整体,正面
1096,_,还不错,整体,正面
1096,_,通透,使用体验,正面
1096,_,不会油油的,使用体验,正面
1096,_,遮瑕,功效,正面
1096,_,防晒,功效,正面
1096,_,正面,其他,中性
1097,_,_,_,_
1098,_,挺好的,整体,正面
1098,_,提亮肤色,功效,正面
1098,_,遮瑕,功效,正面
1098,_,不错,整体,正面
1099,香味,一般,气味,负面
1099,味道,没有持久,气味,负面
1099,性价比,低,价格,负面
1100,_,不错,整体,正面
1101,性价比,高,价格,正面
1101,_,物廉价美,价格,正面
1102,_,很清爽,使用体验,正面
1102,_,不错,整体,正面
1102,价格,很划得来,价格,正面
1103,_,有点小惊喜,整体,正面
1103,_,很满意,整体,正面
1104,_,有点痒,使用体验,负面
1104,_,有点疼,使用体验,负面
1104,_,红红的,使用体验,负面
1104,_,过敏了,使用体验,负面
1105,_,一直喜欢,整体,正面
1105,_,很好,整体,正面
1105,_,很补水,功效,正面
1105,_,划算,价格,正面
1106,_,非常满意,整体,正面
1106,包装,精美,包装,正面
1106,气味,清新,气味,正面
1106,使用体验,非常好,使用体验,正面
1106,价格,实惠,价格,正面
1106,物流服务,好,物流,正面
1106,_,不错,整体,正面
1106,价格,便宜,价格,正面
1107,_,好用,整体,正面
1107,_,不错,整体,正面
1108,控油效果,还可以,功效,正面
1108,香味,太香精,气味,负面
1108,包装,太差了,包装,负面
1108,_,一分钱一分货,整体,中性
1108,_,不建议,整体,负面
1109,日期,差,新鲜度,负面
1109,日期,假的,新鲜度,负面
1110,_,超级喜欢,整体,正面
1111,_,非常好,整体,正面
1111,_,舒服,使用体验,正面
1111,_,不过敏,使用体验,正面
1111,_,挺实惠的,价格,正面
1112,包装,还可以,包装,正面
1112,包装,不错,包装,正面
1112,味道,好闻,气味,正面
1112,价格,便宜,价格,正面
1112,使用体验,一般,使用体验,中性
1112,_,还不错,整体,正面
1113,_,好差,整体,负面
1113,_,不建议,整体,负面
1113,_,真的好差,整体,负面
1114,_,比较温合,使用体验,正面
1114,新包装,确实比老包装好多了,包装,正面
1114,_,点赞,整体,正面
1115,物流,好快,物流,正面
1115,服务态度,好,服务,正面
1115,_,值得购买,整体,正面
1116,_,是正品,真伪,正面
1116,_,挺好的,整体,正面
1116,_,挺开心,整体,正面
1117,_,_,_,_
1118,_,_,_,_
1119,_,还不错,整体,正面
1119,_,很服帖,使用体验,正面
1120,_,不错,整体,正面
1120,_,挺细腻的,使用体验,正面
1121,_,挺好,整体,正面
1121,香味,淡淡,气味,正面
1121,_,非常好用,整体,正面
1122,发货速度,快,物流,正面
1122,_,还不错,整体,正面
1122,_,挺喜欢,整体,正面
1122,_,值得推荐,整体,正面
1123,_,希望是正品,真伪,中性
1123,_,很好,整体,中性
1123,_,应该很好,整体,中性
1124,_,_,_,_
1125,物流,给力,物流,正面
1125,_,好评,整体,正面
1125,_,超级好评,整体,正面
1125,_,相当不错,整体,正面
1126,_,不卡粉,使用体验,正面
1126,_,挺好的,整体,正面
1127,_,很湿润,使用体验,正面
1127,味道,有点刺鼻,气味,负面
1127,味道,很像,气味,中性
1127,_,不好用,整体,中性
1127,_,不知道,整体,中性
1127,_,质地上手,使用体验,中性
1128,_,好评,整体,正面
1128,_,很好,整体,正面
1128,_,很喜欢,整体,正面
1129,_,_,_,_
1130,_,挺好用的,整体,正面
1130,_,非常满意,整体,正面
1131,_,有点干,使用体验,负面
1131,包装,有点破了,包装,负面
1131,物流,有点慢了,物流,负面
1131,_,有点差了,整体,负面
1131,味道,有点重,气味,负面
1131,价格,有点贵了,价格,负面
1132,物流,超级快,物流,正面
1132,_,真心不错,整体,正面
1133,_,还不错,整体,正面
1133,_,很好用,整体,正面
1133,价格,优惠,价格,正面
1133,_,满意,整体,正面
1134,效果,还不错,功效,正面
1134,物流,很快,物流,正面
1135,_,满意,整体,正面
1135,_,还不错,整体,正面
1135,_,轻薄,使用体验,正面
1135,持久效果,没有宣传的那么好,功效,负面
1135,发货,快,物流,正面
1135,_,不错,整体,正面
1136,_,_,_,_
1137,_,_,_,_
1138,物流,很快,物流,正面
1138,_,很好用,整体,正面
1139,包装,不错,包装,正面
1139,气味,不错,气味,正面
1139,使用体验,不错,使用体验,正面
1139,_,不错,整体,正面
1140,_,很好,整体,正面
1140,_,很划算,价格,正面
1140,包装,很好,包装,正面
1140,气味,不错,气味,正面
1140,使用体验,很好,使用体验,正面
1140,_,不错,整体,正面
1141,提亮肤色,很不错,功效,正面
1141,活动,多一点,价格,正面
1141,_,一直用,整体,正面
1141,_,很不错,整体,正面
1142,_,很好用,整体,正面
1142,香味,淡淡的,气味,正面
1142,_,不会紧绷,使用体验,正面
1143,_,好评,整体,正面
1143,_,很舒服,使用体验,正面
1143,_,没有一点不舒服,使用体验,正面
1144,_,还行吧,整体,中性
1144,_,无功无过,整体,中性
1144,_,还行,整体,正面
1145,_,不错,整体,正面
1145,保温效果,好,功效,正面
1145,精华液,挺多的,成分,正面
1146,_,挺好的,整体,正面
1146,_,不错,整体,正面
1147,外观,还不错,包装,正面
1147,质量,_,其他,中性
1148,_,不错,整体,正面
1149,礼品,不错,价格,正面
1150,_,是正品,真伪,正面
1150,包装,有点不好,包装,负面
1150,包装,挺环保的,包装,正面
1151,物流,很快,物流,正面
1151,包装,很精美,包装,正面
1151,_,是正品,真伪,正面
1151,_,赞一个,整体,正面
1152,性价比,高,价格,正面
1152,_,非常好用,整体,正面
1153,快递,很给力,物流,正面
1154,_,很喜欢,整体,正面
1154,_,好,整体,正面
1154,_,称赞,整体,正面
1155,_,_,_,_
1156,_,是正品,真伪,正面
1156,包装,不错,包装,正面
1156,_,挺好的,整体,正面
1157,物流,垃圾,物流,负面
1157,味道,好大,气味,负面
1157,_,不喜欢,整体,负面
1158,_,非常好用,整体,正面
1158,味道,好闻,气味,正面
1158,_,非常喜欢,整体,正面
1159,_,很好用,整体,正面
1159,遮暇效果,很好,功效,正面
1159,包装,很好,包装,正面
1159,气味,不错,气味,正面
1159,使用体验,很好,使用体验,正面
1159,_,不错,整体,正面
1160,_,很不错,整体,正面
1161,价格,低,价格,正面
1161,包装,好,包装,正面
1161,气味,好,气味,正面
1161,_,不错,整体,正面
1162,_,很好用,整体,正面
1163,_,不好用,整体,负面
1163,_,太干,使用体验,负面
1163,_,不保湿,功效,负面
1164,速度,真快,物流,正面
1164,_,便宜,价格,正面
1165,_,_,_,_
1166,_,好评,整体,正面
1166,_,不知道,整体,中性
1167,_,很好,整体,正面
1167,_,物超所值,整体,正面
1168,补水效果,挺好,功效,正面
1168,_,比较实惠,价格,正面
1168,包装设计,很独特,包装,正面
1168,气味,很好闻,气味,正面
1168,使用体验,不错,使用体验,正面
1168,_,还不错,整体,正面
1169,物流,很快,物流,正面
1169,_,还可以,整体,正面
1169,_,希望不错,整体,中性
1170,_,垃圾产品,整体,负面
1170,_,假货,真伪,负面
1170,_,好评率那么好,整体,负面
1170,_,毁了,使用体验,负面
1170,_,垃圾,整体,负面
1171,_,挺好的,整体,正面
1171,_,光滑,使用体验,正面
1171,_,水润,使用体验,正面
1172,_,_,_,_
1173,味道,太刺鼻,气味,负面
1173,价格,很实惠,价格,正面
1174,_,比较喜欢,整体,正面
1174,_,不错,整体,正面
1175,_,不错,整体,正面
1175,_,很满意,整体,正面
1175,_,可以,整体,正面
1175,_,很好,整体,正面
1175,_,非常满意,整体,正面
1175,_,非常好,整体,正面
1176,促销,_,价格,正面
1176,性价比,很高,价格,正面
1177,_,很不错,整体,正面
1177,_,值得购买,整体,正面
1177,_,????,整体,正面
1177,_,???,整体,正面
1178,_,比较喜欢,整体,正面
1178,_,多次购买,整体,正面
1178,_,喜欢,整体,正面
1179,_,假货,真伪,负面
1179,_,过敏,使用体验,负面
1179,防伪码,扫不出来,真伪,负面
1179,_,一颗星都不想给,整体,负面
1179,_,够了,整体,负面
1179,_,呵呵,整体,负面
1179,_,还有,整体,负面
1179,_,真是,整体,负面
1179,_,还,整体,负面
1180,_,_,_,_
1181,日期,新鲜,新鲜度,正面
1181,价格,便宜,价格,正面
1181,物流,不错,物流,正面
1181,气味,好闻,气味,正面
1181,包装,精美,包装,正面
1181,真伪,没问题,真伪,正面
1182,_,不起沫,使用体验,正面
1182,_,不怎么好用,整体,负面
1183,_,没有特别便宜,价格,中性
1183,_,挺好的,整体,正面
1184,_,不服帖,使用体验,负面
1184,_,脱妆严重,使用体验,负面
1184,_,假白,功效,负面
1184,_,不自然,功效,负面
1184,包装设计,很糟糕,包装,负面
1184,物流服务,差劲,物流,负面
1184,_,很不好,整体,负面
1184,味道,很重,气味,负面
1184,包装,很不美观,包装,负面
1185,_,很清爽,使用体验,正面
1185,_,不油腻,使用体验,正面
1185,_,很喜欢,整体,正面
1185,_,很干净,功效,正面
1186,快递速度,真快,物流,正面
1186,包装,精美,包装,正面
1186,香味,扑鼻,气味,正面
1186,_,不错,整体,正面
1187,_,_,_,_
1188,_,_,_,_
1189,_,不开心,整体,负面
1189,_,没小样,整体,负面
1189,_,不买,整体,负面
1190,_,不错,整体,正面
1190,_,是正品,真伪,正面
1190,_,挺好的,整体,正面
1191,_,可以,整体,正面
1191,_,挺干净的,功效,正面
1191,味道,好闻,气味,正面
1191,包装,精美,包装,正面
1191,价格,便宜,价格,正面
1191,_,不错,整体,正面
1192,_,超级喜欢,整体,正面
1193,_,是正品,真伪,正面
1193,包装,太差了,包装,负面
1193,物流,太差了,物流,负面
1193,气味,太差了,气味,负面
1193,价格,太贵了,价格,负面
1193,_,太差了,整体,负面
1194,_,喜欢用,整体,正面
1194,_,比较细腻,使用体验,正面
1194,_,不油腻,使用体验,正面
1194,_,挺好的,整体,正面
1195,_,很好,整体,正面
1196,_,_,_,_
1197,_,不错,整体,正面
1197,_,不干,使用体验,正面
1197,_,白了很多,功效,正面
1198,_,挺好,整体,正面
1198,_,满意,整体,正面
1199,_,很喜欢,整体,正面
1199,_,非常好,整体,正面
1200,_,挺好的,整体,正面
1200,_,一直在用,整体,正面
1201,_,不错,整体,正面
1201,_,值得购买,整体,正面
1202,_,很好用,整体,正面
1202,_,推荐,整体,正面
1202,_,发现,整体,正面
1203,_,_,_,_
1204,物流,快,物流,正面
1204,物流,好,物流,正面
1204,包装,很好,包装,正面
1205,_,便宜,价格,正面
1205,_,还好用,整体,正面
1205,香味,清淡,气味,正面
1205,_,比较喜欢,整体,正面
1206,_,一如既往的好,整体,正面
1207,_,蛮不错的,整体,正面
1208,性价比,很高,价格,正面
1208,包装,很不错,包装,正面
1208,_,很不错,整体,正面
1209,_,水润,使用体验,正面
1209,_,提亮肤色,功效,正面
1209,_,自然,功效,正面
1209,_,很满意,整体,正面
1210,补水效果,很棒,功效,正面
1210,使用体验,很好,使用体验,正面
1211,_,_,_,_
1212,_,_,_,_
1213,_,不错,整体,正面
1213,_,变好了点,整体,正面
1214,_,水润,使用体验,正面
1214,_,透气,使用体验,正面
1214,_,不错,整体,正面
1214,_,清风般的享受,使用体验,正面
1215,_,很好用,整体,正面
1215,_,不油腻,使用体验,正面
1215,_,很舒服,使用体验,正面
1216,_,比较水润,使用体验,正面
1216,隔离效果,是不是真的很棒,功效,中性
1216,_,还算可以,整体,正面
1217,_,很细腻,使用体验,正面
1217,_,清爽,使用体验,正面
1217,_,不干燥,使用体验,正面
1217,_,安利,整体,正面
1217,_,细腻,使用体验,正面
1218,_,_,_,_
1219,_,很油,使用体验,负面
1219,_,好点,使用体验,正面
1220,_,好用,整体,正面
1220,_,不少,整体,正面
1220,_,快用完,整体,中性
1220,_,刚买,整体,中性
1220,_,末开封,整体,中性
1221,_,挺好的,整体,正面
1221,味道,清新,气味,正面
1221,_,滋润,使用体验,正面
1221,_,不粘腻,使用体验,正面
1222,_,很薄,使用体验,正面
1222,水分,很多,使用体验,正面
1222,_,很舒服,使用体验,正面
1222,_,清爽,使用体验,正面
1223,_,不错,整体,正面
1224,_,还不错,整体,正面
1224,价格,合理,价格,正面
1225,物流,很快,物流,正面
1225,包装,不错,包装,正面
1225,味道,好闻,气味,正面
1226,_,挺喜欢的,整体,正面
1226,包装,很好,包装,正面
1226,味道,不错,气味,正面
1226,使用体验,很好,使用体验,正面
1226,_,不错,整体,正面
1226,包装,不错,包装,正面
1226,使用体验,不错,使用体验,正面
1227,_,很好,整体,正面
1228,提亮,能力强,功效,正面
1228,遮暇能力,强,功效,正面
1228,使用体验,好,使用体验,正面
1228,包装,精美,包装,正面
1228,价格,实惠,价格,正面
1229,_,_,_,_
1230,_,_,_,_
1231,包装,无损坏,包装,正面
1231,_,挺不错的,整体,正面
1231,清香味,淡淡的,气味,正面
1231,保湿效果,挺好的,功效,正面
1232,速度,很快,物流,正面
1232,_,不错,整体,正面
1233,_,有点失望,整体,负面
1233,_,有点脏,包装,负面
1233,_,泄露了,包装,负面
1234,味道,很好闻,气味,正面
1235,物流,很快,物流,正面
1235,_,很好用,整体,正面
1236,设计,毫不费力,使用体验,正面
1236,气味,没有刺鼻,气味,正面
1236,_,很温和,使用体验,正面
1236,卸妆,很干净,功效,正面
1236,包装,特别再仔细,包装,正面
1236,_,很满意,整体,正面
1237,遮暇效果,没有,功效,负面
1237,_,被骗了,整体,负面
1237,_,很容易花,使用体验,负面
1238,_,好小,尺寸,负面
1238,_,没想象的那么好,整体,负面
1238,_,便宜,价格,负面
1238,_,好货,整体,负面
1238,_,不便宜,价格,负面
1238,_,没好货,整体,负面
1239,_,还不错,整体,正面
1239,包装,有点差,包装,负面
1240,_,不算太满意,整体,负面
1240,_,很干,使用体验,负面
1241,_,好用,整体,正面
1241,_,不油,使用体验,正面
1241,_,亲肤,使用体验,正面
1241,上妆效果,好用,功效,正面
1241,_,适合痘印肌肤,使用体验,正面
1241,持久情况,_,功效,正面
1241,_,偶尔化妆,使用体验,中性
1241,_,整体描述,整体,正面
1241,_,20,使用体验,中性
1241,_,上妆效果,功效,正面
1241,_,持久情况,功效,正面
1242,_,很好用,整体,正面
1243,物流,超快,物流,正面
1243,包装,高大上,包装,正面
1243,包装,很好,包装,正面
1243,包装,没有破损,包装,正面
1243,_,真的好喜欢,整体,正面
1244,_,便宜,价格,正面
1244,_,实惠,价格,正面
1244,_,非常好用,整体,正面
1245,_,挺白的,功效,正面
1245,_,可以,整体,正面
1246,_,很好,整体,正面
1247,_,很喜欢,整体,正面
1247,_,很赞,整体,正面
1248,_,好用,整体,正面
1248,包装,精美,包装,正面
1248,气味,清新,气味,正面
1248,使用体验,很好,使用体验,正面
1248,价格,实惠,价格,正面
1248,_,不错,整体,正面
1249,_,很好用,整体,正面
1249,_,水水的,使用体验,正面
1249,_,嫩嫩的,使用体验,正面
1249,_,很舒服,使用体验,正面
1250,保湿效果,很好,功效,正面
1251,包装,好评,包装,正面
1251,包装,好多了,包装,正面
1251,包装,塑料袋包装,包装,负面
1251,包装,其他牌子的纸箱,包装,正面
1251,效果,未知,功效,中性
1252,_,很好用,整体,正面
1252,味道,很好闻,气味,正面
1252,_,很喜欢,整体,正面
1253,_,还好,整体,正面
1253,_,红红火火,整体,中性
1253,_,恍恍惚惚,整体,中性
1253,_,哈哈哈哈,整体,中性
1254,香味,挺重的,气味,负面
1254,包装,太差了,包装,负面
1254,物流,太慢了,物流,负面
1254,价格,太贵了,价格,负面
1254,_,太差了,整体,负面
1254,味道,太重了,气味,负面
1255,_,挺好用,整体,正面
1255,_,很轻薄,使用体验,正面
1256,价格,实惠,价格,正面
1256,_,不会干,使用体验,正面
1256,_,保持时间较长,使用体验,正面
1257,_,不错,整体,正面
1258,_,真不错,整体,正面
1258,乳液,挺多的,成分,正面
1258,包装,不错,包装,正面
1258,味道,好闻,气味,正面
1258,使用体验,不错,使用体验,正面
1258,价格,便宜,价格,正面
1258,物流,不错,物流,正面
1258,_,不错,整体,正面
1259,_,_,_,_
1260,_,_,_,_
1261,_,喜欢,整体,正面
1261,_,不刺皮肤,使用体验,正面
1261,_,干净,功效,正面
1261,_,不油腻,使用体验,正面
1262,_,非常好用,整体,正面
1262,_,不油腻,使用体验,正面
1262,_,很清爽,使用体验,正面
1262,_,大爱,整体,正面
1263,_,_,_,_
1264,_,很好用,整体,正面
1265,_,很不错,整体,正面
1265,味道,很好闻,气味,正面
1265,_,还保湿,功效,正面
1266,物流,很快,物流,正面
1266,_,很好,整体,正面
1266,_,值得购买,整体,正面
1267,_,还不错,整体,正面
1267,_,不会太差,整体,正面
1268,_,_,_,_
1269,_,很好,整体,正面
1269,_,非常好,整体,正面
1270,_,挺好的,整体,正面
1270,_,中性,整体,中性
1270,_,正面,整体,正面
1271,_,差太多了,整体,负面
1271,香味,很浓,气味,负面
1272,发货,快,物流,正面
1272,包装,好,包装,正面
1272,客服,好,服务,正面
1272,物流,好,物流,正面
1272,快递,好,物流,正面
1272,_,好评,整体,正面
1273,_,还可以,整体,正面
1273,_,很实惠,价格,正面
1274,补水效果,很好,功效,正面
1274,_,不错,整体,正面
1275,滋润度,非常好,使用体验,正面
1275,_,好用,整体,正面
1275,_,不干,使用体验,正面
1275,_,不卡粉,使用体验,正面
1275,_,棒棒哒,整体,正面
1276,_,挺好的,整体,正面
1277,_,还不错,整体,正面
1278,_,湿润,使用体验,正面
1278,_,自然,功效,正面
1278,_,很好,整体,正面
1279,_,非常喜欢,整体,正面
1279,_,非常满意,整体,正面
1279,_,好,整体,正面
1280,活动,很合适,价格,正面
1280,_,很不错,整体,正面
1280,_,喜欢,整体,正面
1281,补水效果,非常好,功效,正面
1281,使用体验,不错,使用体验,正面
1281,包装设计,不错,包装,正面
1282,_,挺满意的,整体,正面
1283,_,_,_,_
1284,_,不紧绷,使用体验,正面
1284,_,还有一层,使用体验,负面
1284,_,洗不掉,使用体验,负面
1285,_,小了一点,尺寸,负面
1285,_,很好用,整体,正面
1285,_,很香,气味,正面
1285,_,掉色,包装,负面
1286,_,_,_,_
1287,_,还不错,整体,正面
1287,味道,不错,气味,正面
1287,包装,不错,包装,正面
1287,卸妆效果,不错,功效,正面
1287,使用体验,不错,使用体验,正面
1287,价格,不错,价格,正面
1288,_,很不错,整体,正面
1288,_,不错,整体,正面
1288,_,推荐,整体,正面
1289,_,还可以,整体,正面
1289,包装,很好,包装,正面
1289,气味,不错,气味,正面
1289,使用体验,一般,使用体验,中性
1289,_,还不错,整体,正面
1290,_,_,_,_
1291,_,很不错,整体,正面
1291,保湿效果,很好,功效,正面
1291,_,非常满意,整体,正面
1292,价格,实惠,价格,正面
1292,活动,_,价格,正面
1292,_,便宜,价格,正面
1292,_,好评,整体,正面
1293,上妆,很不错,功效,正面
1293,味道,太香了,气味,负面
1293,包装设计,很独特,包装,正面
1293,味道,很好,气味,正面
1293,使用体验,不错,使用体验,正面
1293,价格,便宜,价格,正面
1293,_,不错,整体,正面
1294,_,还行,整体,正面
1294,_,比较方便,整体,正面
1294,_,比较实用,整体,正面
1295,_,有点刺激皮肤,使用体验,负面
1295,_,还好,整体,正面
1296,_,是正品,真伪,正面
1296,_,一如既往的好,整体,正面
1296,_,生意兴隆,整体,正面
1296,_,财源滚滚,整体,正面
1296,_,正品,真伪,正面
1296,_,好,整体,正面
1296,_,一如既往,整体,正面
1297,_,非常好用,整体,正面
1298,_,是真品,真伪,中性
1298,_,过敏,使用体验,负面
1299,味道,挺好闻的,气味,正面
1299,效果,很好,功效,正面
1299,包装,不错,包装,正面
1299,价格,便宜,价格,正面
1300,_,还不错,整体,正面
1300,价格,很划算,价格,正面
1300,_,好评,整体,正面
1301,_,不错,整体,正面
1302,_,好评,整体,正面
1302,_,就是好,整体,正面
1302,_,昨天发的货今天就到了,物流,正面
1303,_,最差的,整体,负面
1303,_,不好用,整体,负面
1304,香味,喜欢,气味,正面
1304,_,爱不释手,整体,正面
1304,香味,淡淡的,气味,正面
1305,_,还可以,整体,正面
1305,_,继续观察,整体,中性
1305,_,使用,整体,中性
1305,_,迫不及待,整体,正面
1305,_,感觉,整体,中性
1306,保湿效果,特好,功效,正面
1306,遮瑕效果,不错,功效,正面
1307,_,很好用,整体,正面
1307,_,好用,整体,正面
1307,_,没有之一,整体,正面
1307,_,哈哈哈哈哈,整体,正面
1308,价格,挺便宜的,价格,正面
1309,_,还不错,整体,正面
1310,_,不错,整体,正面
1311,活动,不真实,价格,负面
1311,活动,不划算,价格,负面
1311,_,不真实,价格,负面
1311,_,不划算,价格,负面
1311,_,一个,整体,负面
1312,_,货真价实,整体,正面
1312,_,很放心,整体,正面
1312,_,不会在网上买化妆品,整体,中性
1312,_,放心,整体,正面
1313,价格,超实惠,价格,正面
1313,_,不错,整体,正面
1314,_,好用,整体,正面
1314,_,比较敷贴皮肤,使用体验,正面
1314,_,不干燥,使用体验,正面
1314,_,比较水润,使用体验,正面
1314,_,奈斯,整体,正面
1314,活动力度,比较大,价格,正面
1314,_,便宜,价格,正面
1315,送货速度,快,物流,正面
1315,_,还好,整体,正面
1316,_,非常好,整体,正面
1316,_,细腻,使用体验,正面
1317,物流,很快,物流,正面
1317,包装,无破损,包装,正面
1317,_,想要,整体,正面
1317,_,确认过眼神,整体,正面
1317,_,????????,整体,正面
1317,_,_,整体,正面
1318,_,喜欢,整体,正面
1319,_,很香,气味,正面
1320,_,很不错,整体,正面
1321,_,挺好,整体,正面
1322,补水效果,非常不错,功效,正面
1323,_,喜欢,整体,正面
1323,味道,很好闻,气味,正面
1323,包装,精美,包装,正面
1323,味道,好闻,气味,正面
1323,使用体验,不错,使用体验,正面
1323,价格,便宜,价格,正面
1323,_,不错,整体,正面
1324,_,不错,整体,正面
1325,_,不错,整体,正面
1325,美白效果,不是很好,功效,负面
1326,_,_,_,_
1327,_,还不错,整体,正面
1328,包装,太差,包装,负面
1328,物流,太差,物流,负面
1328,气味,太差,气味,负面
1328,_,非常不满意,整体,负面
1329,_,没有不舒服,使用体验,正面
1329,_,再看效果,整体,中性
1330,_,还不错,整体,正面
1330,_,不错,整体,正面
1331,_,喜欢,整体,正面
1331,_,不错,整体,正面
1331,_,好用,整体,正面
1331,快递,更给力,物流,正面
1332,_,_,_,_
1333,_,_,_,_
1334,_,很不错,整体,正面
1334,_,不错,整体,正面
1334,_,棒棒哒,整体,正面
1335,味道,有点怪,气味,负面
1335,包装,有点破,包装,负面
1335,_,有点差,整体,负面
1335,价格,有点贵,价格,负面
1336,物流,快,物流,正面
1336,_,还不错,整体,正面
1336,_,好,整体,正面
1336,_,很好,整体,正面
1336,_,喜欢,整体,正面
1337,_,还不错,整体,正面
1337,包装,有点破了,包装,负面
1337,味道,有点刺鼻,气味,负面
1338,包装,很好,包装,正面
1338,_,很实惠,价格,正面
1339,包装,完好,包装,正面
1339,日期,比较新,新鲜度,正面
1339,_,不错,整体,正面
1340,服务,很不错,服务,正面
1340,_,不错,整体,正面
1340,包装,不错,包装,正面
1340,气味,不错,气味,正面
1341,_,非常好,整体,正面
1341,_,便宜,价格,正面
1341,_,划算,价格,正面
1342,_,很喜欢,整体,正面
1342,_,非常喜欢,整体,正面
1343,_,不错,整体,正面
1344,_,_,_,_
1345,_,很好用,整体,正面
1345,_,不浮粉,使用体验,正面
1346,快递,超快,物流,正面
1346,包装,精美,包装,正面
1346,气味,清新,气味,正面
1346,使用体验,很好,使用体验,正面
1346,价格,实惠,价格,正面
1346,_,不错,整体,正面
1346,价格,便宜,价格,正面
1347,包装,蛮好的,包装,正面
1347,_,好评,整体,正面
1348,_,_,_,_
1349,_,_,_,_
1350,包装,好差劲,包装,负面
1350,包装,_,包装,负面
1351,_,很好用,整体,正面
1351,_,易推开,使用体验,正面
1351,_,有一点提亮肤色,功效,正面
1351,包装设计,很独特,包装,正面
1351,气味,很好闻,气味,正面
1351,使用体验,不错,使用体验,正面
1351,价格,便宜,价格,正面
1351,_,不错,整体,正面
1352,_,非常好,整体,正面
1352,_,非常干净,功效,正面
1353,_,_,_,_
1354,_,不错,整体,正面
1354,价格,合理,价格,正面
1355,_,非常卡粉,使用体验,负面
1355,_,不好用,整体,负面
1356,赠品,挺多的,价格,正面
1356,价格,便宜,价格,正面
1356,包装,精美,包装,正面
1356,_,还不错,整体,正面
1357,_,不错,整体,正面
1357,_,确实好用,整体,正面
1357,_,特别便宜,价格,正面
1357,_,支持,整体,正面
1357,_,好用,整体,正面
1357,_,便宜,价格,正面
1358,_,挺好的,整体,正面
1359,_,不错,整体,正面
1359,_,很舒服,使用体验,正面
1359,_,白些,功效,正面
1359,_,可以美白,功效,正面
1360,_,很滋润,使用体验,正面
1360,肤色,很自然,功效,正面
1360,_,中性,整体,正面
1360,_,正面,整体,正面
1361,_,很喜欢,整体,正面
1361,_,还会再次购买,整体,正面
1362,_,_,_,_
1363,_,很好用,整体,正面
1364,_,_,_,_
1365,_,是正品,真伪,正面
1365,_,很自然,功效,正面
1365,物流,不错,物流,正面
1365,包装,不错,包装,正面
1365,气味,不错,气味,正面
1365,_,整体不错,整体,正面
1366,_,正品,真伪,正面
1367,_,水润,使用体验,正面
1367,_,清凉,使用体验,正面
1367,_,不错,整体,正面
1367,_,肯定是正品,真伪,正面
1367,包装,精美,包装,正面
1367,气味,清新,气味,正面
1367,使用体验,很好,使用体验,正面
1367,价格,便宜,价格,正面
1368,_,会卡粉,使用体验,负面
1369,_,_,_,_
1370,价格,很美丽,价格,正面
1370,_,很优惠,价格,正面
1370,_,很好,整体,正面
1371,_,应该都可以,整体,正面
1371,包装,很好,包装,正面
1371,气味,不错,气味,正面
1371,使用体验,一般,使用体验,中性
1371,_,还不错,整体,正面
1372,_,_,_,_
1373,_,很好用,整体,正面
1373,_,值得推荐,整体,正面
1374,_,好用,整体,正面
1374,_,非常满意,整体,正面
1374,包装,精美,包装,正面
1374,气味,清新,气味,正面
1374,使用体验,很好,使用体验,正面
1374,价格,实惠,价格,正面
1374,_,不错,整体,正面
1374,气味,不好闻,气味,负面
1374,包装,一般,包装,中性
1374,价格,太贵,价格,负面
1374,使用体验,差,使用体验,负面
1374,气味,很好闻,气味,正面
1375,补水效果,特别好,功效,正面
1376,_,不错,整体,正面
1376,_,好装,包装,正面
1376,_,好包,包装,正面
1376,_,好,整体,正面
1377,_,很喜欢,整体,正面
1377,_,满意,整体,正面
1378,精华液,很多,成分,正面
1378,_,很好用,整体,正面
1378,_,很实惠,价格,正面
1379,_,清爽,使用体验,正面
1379,_,不油腻,使用体验,正面
1379,遮瑕效果,不理想,功效,负面
1379,包装,精美,包装,正面
1379,气味,清新,气味,正面
1379,使用体验,很好,使用体验,正面
1379,价格,实惠,价格,正面
1379,物流服务,好,物流,正面
1379,_,不错,整体,正面
1379,味道,好闻,气味,正面
1380,_,还不错,整体,正面
1380,_,很喜欢,整体,正面
1381,_,特别滋润,使用体验,正面
1381,_,香香的,气味,正面
1381,_,不厚重,使用体验,正面
1381,_,美白,功效,正面
1381,_,特别好用,整体,正面
1382,性价比,高,价格,正面
1382,包装,好,包装,正面
1382,气味,好,气味,正面
1382,使用体验,好,使用体验,正面
1382,_,比较好用,整体,正面
1382,_,不错,整体,正面
1383,_,不错,整体,正面
1383,_,不油腻,使用体验,正面
1383,_,挺补水的,功效,正面
1383,_,滑滑的,使用体验,正面
1383,_,嫩嫩的,使用体验,正面
1383,_,快入手,整体,正面
1383,_,快,整体,正面
1384,_,不错,整体,正面
1384,_,好用,整体,正面
1384,_,超补水,功效,正面
1385,_,喜欢,整体,正面
1385,水份,多,成分,正面
1385,_,滑溜溜,使用体验,正面
1385,价格,合适,价格,正面
1385,_,大爱,整体,正面
1386,粉质,很细腻,使用体验,正面
1386,使用体验,很好,使用体验,正面
1386,包装设计,很独特,包装,正面
1386,气味,很好闻,气味,正面
1386,价格,很便宜,价格,正面
1386,_,不错,整体,正面
1387,_,不会油油的,使用体验,正面
1387,_,不会感觉紧绷,使用体验,正面
1387,_,很好,整体,正面
1388,_,可以,整体,正面
1388,香味,不是那么冲,气味,正面
1388,包装,不错,包装,正面
1389,_,_,_,_
1390,_,很好用,整体,正面
1390,泡沫,丰富,使用体验,正面
1390,_,很舒服,使用体验,正面
1391,_,普通,整体,中性
1391,效果,差不多,功效,中性
1391,_,补水,功效,中性
1391,_,面膜,整体,中性
1391,_,效果,功效,中性
1392,送货,及时,物流,正面
1392,_,不错,整体,正面
1393,快递,很快,物流,正面
1393,客服态度,很好,服务,正面
1393,包装,精美,包装,正面
1393,味道,好闻,气味,正面
1393,价格,便宜,价格,正面
1393,_,不错,整体,正面
1394,包装,挺好的,包装,正面
1394,物流,很快,物流,正面
1394,_,不错,整体,正面
1394,味道,好闻,气味,正面
1394,包装,精美,包装,正面
1394,价格,便宜,价格,正面
1394,物流,快,物流,正面
1395,_,不知道是不是正品,真伪,中性
1395,_,挺好用的,整体,正面
1395,包装,很好,包装,正面
1395,气味,不错,气味,正面
1395,使用体验,很好,使用体验,正面
1395,价格,便宜,价格,正面
1395,物流,不错,物流,正面
1395,_,不错,整体,正面
1395,包装,不错,包装,正面
1395,使用体验,不错,使用体验,正面
1396,_,差评,整体,负面
1396,包装,太差了,包装,负面
1397,_,还可以,整体,正面
1397,_,轻薄,使用体验,正面
1397,_,不油腻,使用体验,正面
1397,遮瑕效果,不是特别好,功效,负面
1398,_,_,_,_
1399,包装,没有,包装,负面
1399,_,真假很难说,真伪,负面
1399,_,不建议,整体,负面
1399,包装,胶袋装,包装,负面
1400,价格,低,价格,正面
1400,_,还好用,整体,正面
1401,_,很好用,整体,正面
1401,_,不干,使用体验,正面
1401,_,提亮肤色,功效,正面
1402,_,_,_,_
1403,_,清爽,使用体验,正面
1403,_,不油腻,使用体验,正面
1403,使用体验,不错,使用体验,正面
1403,包装,不错,包装,正面
1403,气味,不错,气味,正面
1403,价格,不错,价格,正面
1403,_,整体不错,整体,正面
1404,效果,可以的,功效,正面
1404,包装,有点差,包装,负面
1404,味道,好闻,气味,正面
1404,包装,精美,包装,正面
1404,价格,便宜,价格,正面
1404,_,不错,整体,正面
1404,使用体验,很好,使用体验,正面
1405,价格,还不错,价格,正面
1405,包装,很好,包装,正面
1406,_,没有那么好,整体,负面
1406,_,太黏了,使用体验,负面
1406,吸收,不好,使用体验,负面
1407,活动,_,价格,正面
1407,快递,很快,物流,正面
1407,_,很水润,使用体验,正面
1407,_,保湿,功效,正面
1408,活动,超级划算,价格,正面
1408,赠品,多一点,价格,中性
1408,_,很不错的,整体,正面
1408,_,水漾心机,整体,正面
1408,_,好多年的,整体,正面
1408,_,超级划算,价格,正面
1409,_,好用,整体,正面
1409,_,不怎么好用,整体,负面
1409,包装,精美,包装,正面
1409,气味,清新,气味,正面
1409,使用体验,不错,使用体验,正面
1409,价格,便宜,价格,正面
1409,物流,快,物流,正面
1409,味道,好闻,气味,正面
1410,_,_,_,_
1411,包装,好看,包装,正面
1411,_,不错,整体,正面
1411,_,还不错,整体,正面
1412,_,_,_,_
1413,_,还不错,整体,正面
1413,_,包邮,价格,正面
1413,_,更好,价格,正面
1414,包装,太旧了,包装,负面
1414,生产日期,没有,新鲜度,负面
1414,_,不会是假的,真伪,正面
1415,_,物美价廉,价格,正面
1415,_,非常好,整体,正面
1415,配送速度,特别快,物流,正面
1415,服务,很好,服务,正面
1416,_,不咋地,整体,负面
1416,_,有白沫,使用体验,负面
1416,面膜纸,不行,使用体验,负面
1416,_,一分钱一分货,价格,负面
1416,_,质量,其他,负面
1416,_,不行,整体,负面
1416,_,不行,使用体验,负面
1417,_,太腻了,使用体验,负面
1417,_,不好闻,气味,负面
1417,_,难受,使用体验,负面
1418,_,好用,整体,正面
1418,_,不油腻,使用体验,正面
1418,价格,实惠,价格,正面
1419,_,是正品,真伪,正面
1419,_,没有激素,成分,正面
1419,吸收,还不错,使用体验,正面
1419,_,好评,整体,正面
1420,_,还不错,整体,正面
1420,_,不卡粉,使用体验,正面
1420,价格,实惠,价格,正面
1421,_,_,_,_
1422,_,还不错,整体,正面
1422,_,好用,整体,中性
1422,_,希望一样,整体,中性
1422,_,一直用,整体,正面
1422,_,好用,整体,正面
1423,_,超爽,整体,正面
1423,_,挺喜欢的,整体,正面
1424,香味,淡淡的,气味,正面
1424,泡沫,丰富,使用体验,正面
1424,_,还不错,整体,正面
1425,包装,完好,包装,正面
1425,物流,很快,物流,正面
1425,_,期待效果,整体,中性
1425,_,赠了卸妆水,价格,正面
1426,_,_,_,_
1427,_,很好,整体,正面
1427,_,很喜欢,整体,正面
1427,_,很保湿,功效,正面
1428,送货速度,很快,物流,正面
1428,_,不错,整体,正面
1429,_,提亮肤色,功效,正面
1429,_,不卡粉,使用体验,正面
1429,_,很不错,整体,正面
1430,包装,非常精美,包装,正面
1431,_,不错,整体,正面
1431,_,值得拥有,整体,正面
1432,量,很足,其他,正面
1432,精华液,很多,成分,正面
1432,_,水水的,使用体验,正面
1432,_,很舒服,使用体验,正面
1433,_,挺好用,整体,正面
1433,价格,美丽,价格,正面
1434,_,很好,整体,正面
1434,价格,很好,价格,正面
1435,_,不会假白,功效,正面
1435,_,显得肤色很好,功效,正面
1435,_,喜欢,整体,正面
1435,_,会假白,功效,负面
1436,_,很好,整体,正面
1437,_,还行,整体,正面
1438,吸收,挺好,使用体验,正面
1438,_,水嫩水嫩的,使用体验,正面
1438,吸收,很容易,使用体验,正面
1438,_,水嫩,使用体验,正面
1438,_,挺好,整体,正面
1438,_,很容易,使用体验,正面
1439,_,很不错,整体,正面
1439,卸妆水效果,不错,功效,正面
1439,_,不刺激,使用体验,正面
1440,_,很舒适,使用体验,正面
1440,_,非常细腻,使用体验,正面
1440,使用体验,很好,使用体验,正面
1441,_,_,_,_
1442,_,还行,整体,正面
1443,_,还可以,整体,正面
1443,_,有点卡,使用体验,负面
1444,_,差,整体,负面
1444,_,不补水,功效,负面
1444,_,垃圾,整体,负面
1444,_,不会回购,整体,负面
1444,_,贪便宜,价格,负面
1444,_,差差差,整体,负面
1444,_,差差差差,整体,负面
1444,_,差差差差差,整体,负面
1444,_,不会,整体,负面
1445,_,_,_,_
1446,起泡,不是很多,使用体验,正面
1446,_,很温和,使用体验,正面
1446,包装,有点破,包装,负面
1446,快递运输,有折痕,物流,负面
1446,_,不是很多,使用体验,正面
1447,_,好,整体,正面
1447,赠品,_,价格,正面
1447,_,快,物流,正面
1447,_,给力,整体,正面
1448,_,很好用,整体,正面
1448,_,很显白,功效,正面
1448,_,特别好推开,使用体验,正面
1448,送货,很快,物流,正面
1448,_,好评,整体,正面
1449,_,特别拔干,使用体验,负面
1449,_,不好推开,使用体验,负面
1449,_,弃用,整体,负面
1450,价格,便宜,价格,正面
1450,物流,快,物流,正面
1450,包装,很好,包装,正面
1450,_,真好,整体,正面
1450,_,便宜,价格,正面
1451,_,还不错,整体,正面
1452,_,很小,尺寸,负面
1452,味道,好闻,气味,正面
1452,包装,精美,包装,正面
1452,价格,便宜,价格,正面
1452,_,不错,整体,正面
1453,_,很好,整体,正面
1453,物流,很给力,物流,正面
1454,_,很自然,功效,正面
1454,_,不油腻,使用体验,正面
1454,_,很好,整体,正面
1454,_,很喜欢,整体,正面
1454,包装,很好,包装,正面
1454,物流,很好,物流,正面
1455,_,非常好用,整体,正面
1455,_,不干,使用体验,正面
1455,持久度,好,功效,正面
1456,_,不错,整体,正面
1457,物流,快,物流,正面
1457,_,挺好的,整体,正面
1457,_,方便,整体,正面
1457,_,快捷,整体,正面
1457,_,支持,整体,中性
1457,_,_,整体,中性
1458,_,不错,整体,正面
1458,_,挺好用的,整体,正面
1459,黑眼圈,没多大变化,功效,中性
1460,包装,一样,包装,中性
1460,_,不错,整体,正面
1460,_,不够用,其他,负面
1460,_,希望下次能用到,整体,中性
1461,_,还行,整体,正面
1461,_,不怎么好闻,气味,负面
1461,味道,好闻,气味,正面
1461,包装,精美,包装,正面
1461,价格,便宜,价格,正面
1461,_,不错,整体,正面
1461,使用体验,很好,使用体验,正面
1462,_,_,_,_
1463,_,非常好用,整体,正面
1463,_,是第三四次,整体,正面
1464,_,挺好用的,整体,正面
1465,_,_,_,_
1466,清洁能力,一般,功效,中性
1466,使用体验,一般,使用体验,中性
1466,气味,一般,气味,中性
1466,包装,一般,包装,中性
1467,_,是正品,真伪,正面
1468,_,很喜欢,整体,正面
1468,_,非常喜欢,整体,正面
1469,_,挺好用的,整体,正面
1470,价格,便宜,价格,正面
1470,包装,精美,包装,正面
1470,物流,给力,物流,正面
1470,气味,好闻,气味,正面
1470,使用体验,好,使用体验,正面
1470,_,五星好评,整体,正面
1470,_,不错,整体,正面
1471,味道,挺舒服的,气味,正面
1471,_,还不错,整体,正面
1472,_,_,_,_
1473,_,真的好,整体,正面
1473,_,值了,价格,正面
1474,_,_,_,_
1475,_,_,_,_
1476,_,很好,整体,正面
1476,老板,很满意,服务,正面
1476,_,积极性都提高了,整体,正面
1476,_,很满意,服务,正面
1477,_,还可以,整体,正面
1477,赠品,还可以,价格,正面
1477,_,可以,整体,正面
1478,味道,好闻,气味,正面
1478,_,很划算,价格,正面
1478,包装,太差了,包装,负面
1478,物流,太慢了,物流,负面
1478,味道,太难闻了,气味,负面
1478,价格,太贵了,价格,负面
1478,_,太差了,整体,负面
1478,包装,精美,包装,正面
1478,价格,便宜,价格,正面
1478,物流,快,物流,正面
1479,_,不错,整体,正面
1479,包装,不错,包装,正面
1479,价格,便宜,价格,正面
1479,_,没有味道,气味,正面
1480,_,不紧绷,使用体验,正面
1480,_,不再起干皮,使用体验,正面
1480,_,挺舒服的,使用体验,正面
1480,_,有一层膜保护,使用体验,正面
1481,_,还行,整体,正面
1482,_,很好用,整体,正面
1482,卸妆,很干净,功效,正面
1482,_,温和,使用体验,正面
1482,_,不刺激,使用体验,正面
1483,_,不错,整体,正面
1483,_,体验,整体,正面
1483,_,一次,整体,正面
1483,_,购物,整体,正面
1484,_,还可以,整体,正面
1484,_,有点干,使用体验,负面
1484,_,有点油,使用体验,负面
1485,_,_,_,_
1486,价格,便宜,价格,正面
1486,_,挺好的,整体,正面
1487,物流,很快,物流,正面
1487,快递小哥态度,很好,物流,正面
1487,价格,有点贵,价格,负面
1487,_,挺好的,整体,正面
1487,价格,便宜点,价格,正面
1487,盒子,挺好的,包装,正面
1487,快递小哥态度,很快,物流,正面
1488,_,_,_,_
1489,_,一如既往的好,整体,正面
1489,_,支持,整体,正面
1489,_,好,整体,正面
1490,_,_,_,_
1491,_,是正品,真伪,正面
1491,_,很满意,整体,正面
1491,活动,很划算,价格,正面
1492,_,超好用,整体,正面
1492,_,有点不开心,价格,负面
1492,包装,精美,包装,正面
1492,气味,清新,气味,正面
1492,使用体验,很好,使用体验,正面
1492,价格,实惠,价格,正面
1492,_,不错,整体,正面
1492,价格,便宜,价格,正面
1492,气味,好闻,气味,正面
1492,使用体验,不错,使用体验,正面
1493,_,好用,整体,正面
1493,_,实惠,价格,正面
1493,_,活动价,价格,正面
1494,_,不错,整体,正面
1494,_,很水润,使用体验,正面
1494,_,值得购买,整体,正面
1495,_,挺不错的,整体,正面
1495,_,好几次,整体,正面
1495,_,继续购买,整体,正面
1496,_,不错,整体,正面
1496,_,挺好用的,整体,正面
1496,_,很划算,价格,正面
1497,_,是正品,真伪,正面
1497,到货,很快,物流,正面
1497,包装,很好,包装,正面
1497,服务态度,很好,服务,正面
1497,价格,有点贵,价格,负面
1498,_,好评,整体,正面
1498,_,很适合,整体,正面
1498,_,好用,整体,正面
1498,_,希望一样好用,整体,中性
1499,_,挺好,整体,正面
1499,_,有点贵,价格,负面
1500,_,不错,整体,正面
1500,_,太少了,其他,负面
1501,_,挺好用的,整体,正面
1501,_,很方便,整体,正面
1502,_,挺好用的,整体,正面
1502,_,挺滋润的,使用体验,正面
1502,快递小哥服务态度,真的没得说,物流,正面
1503,_,还不错,整体,正面
1503,_,不错,整体,正面
1504,_,不错,整体,正面
1504,_,很喜欢,整体,正面
1505,_,很好用,整体,正面
1506,_,非常好,整体,正面
1506,_,很舒服,使用体验,正面
1507,_,_,_,_
1508,快递,超快,物流,正面
1508,优惠力度,很大,价格,正面
1508,_,很满意,整体,正面
1508,包装,精美,包装,正面
1508,气味,清新,气味,正面
1508,使用体验,很好,使用体验,正面
1508,价格,实惠,价格,正面
1508,_,不错,整体,正面
1508,价格,便宜,价格,正面
1509,价格,有点小贵,价格,负面
1509,_,物有所值,整体,正面
1510,补水,很好用,功效,正面
1510,清洁,不怎么样,功效,负面
1510,_,不太好用,整体,负面
1511,_,很好用,整体,正面
1511,价格,不会很贵,价格,正面
1512,保湿,一般,功效,中性
1513,价格,实惠,价格,正面
1514,_,_,_,_
1515,_,还不错,整体,正面
1515,_,能遮瑕,功效,正面
1515,遮瑕效果,不错,功效,正面
1515,包装,不错,包装,正面
1515,气味,不错,气味,正面
1515,价格,不错,价格,正面
1515,物流,不错,物流,正面
1516,活动,_,价格,正面
1516,_,超级划算,价格,正面
1517,味道,很好闻,气味,正面
1517,包装,很精美,包装,正面
1518,_,_,_,_
1519,_,好用,整体,正面
1519,_,不油腻,使用体验,正面
1519,_,很自然,功效,正面
1519,_,服帖,使用体验,正面
1519,包装,精美,包装,正面
1519,气味,清新,气味,正面
1519,使用体验,很好,使用体验,正面
1519,价格,实惠,价格,正面
1519,_,不错,整体,正面
1520,清洁能力,_,功效,中性
1520,_,很好,整体,正面
1520,味道,挺好闻,气味,正面
1520,_,挺好用,整体,正面
1520,_,好评,整体,正面
1521,_,不喜欢,整体,负面
1521,_,很紧绷,使用体验,负面
1521,味道,不好,气味,负面
1521,包装,不好,包装,负面
1522,_,非常好,整体,正面
1522,包装,精美,包装,正面
1522,气味,清新,气味,正面
1522,使用体验,非常好,使用体验,正面
1522,价格,实惠,价格,正面
1522,物流服务,好,物流,正面
1523,_,挺不错的,整体,正面
1523,_,很细腻,使用体验,正面
1523,_,很自然,功效,正面
1524,_,很好用,整体,正面
1524,_,水嫩,使用体验,正面
1524,_,光泽,使用体验,正面
1524,_,不错,整体,正面
1524,活动,超值,价格,正面
1525,_,挺好,整体,正面
1525,_,是正品,真伪,正面
1526,活动,_,价格,正面
1526,_,不错,整体,正面
1527,_,好用,整体,正面
1527,_,还,整体,正面
1527,_,回光顾,整体,正面
1527,_,都说好用,整体,正面
1528,活动,_,价格,正面
1528,价格,便宜,价格,正面
1528,_,很好用,整体,正面
1529,价格,便宜,价格,正面
1529,物流,不错,物流,正面
1529,包装,不错,包装,正面
1529,气味,不错,气味,正面
1529,真伪,不错,真伪,正面
1529,_,不错,整体,正面
1530,_,非常不错,整体,正面
1530,_,很喜欢,整体,正面
1531,_,很好,整体,正面
1531,物流,给了,物流,正面
1531,_,不错,整体,正面
1532,_,太白了,功效,负面
1532,_,一点点,使用体验,负面
1532,_,不行,使用体验,负面
1532,_,偏白,功效,负面
1532,_,有点发黄,功效,负面
1532,_,很少,使用体验,负面
1533,精华液,很多,成分,正面
1533,_,挺好的,整体,正面
1534,_,还可以,整体,正面
1535,_,_,_,_
1536,_,很喜欢,整体,正面
1536,_,不错,整体,正面
1537,成分,安全,成分,正面
1537,补湿效果,还可以,功效,正面
1537,包装设计,很独特,包装,正面
1537,气味,很清新,气味,正面
1537,使用体验,很好,使用体验,正面
1537,_,不错,整体,正面
1537,价格,便宜,价格,正面
1537,使用体验,不错,使用体验,正面
1537,气味,很好闻,气味,正面
1538,_,非常好用,整体,正面
1538,_,不紧绷,使用体验,正面
1539,_,很滋润,使用体验,正面
1539,_,很自然,功效,正面
1539,_,挺满意的,整体,正面
1540,送货,很快,物流,正面
1540,快递师傅,很耐心,物流,正面
1541,味道,不错,气味,正面
1541,味道,很好闻,气味,正面
1542,_,_,_,_
1543,_,_,_,_
1544,_,_,_,_
1545,价格,很实惠,价格,正面
1545,_,不错,整体,正面
1546,_,还可以,整体,正面
1546,_,有点遗憾,整体,负面
1546,_,还好,整体,正面
1546,_,没有粉扑,整体,负面
1546,_,小的,尺寸,负面
1547,_,物美价廉,价格,正面
1547,包装,太差了,包装,负面
1547,物流,太慢了,物流,负面
1547,气味,太难闻了,气味,负面
1548,_,不错,整体,正面
1548,_,物美价廉,价格,正面
1549,物流,很快,物流,正面
1549,包装,精美,包装,正面
1549,气味,清新,气味,正面
1549,使用体验,很好,使用体验,正面
1549,价格,实惠,价格,正面
1549,_,不错,整体,正面
1549,气味,难闻,气味,负面
1549,使用体验,差,使用体验,负面
1549,价格,贵,价格,负面
1549,_,差,整体,负面
1550,_,挺好用的,整体,正面
1550,_,挺划算的,价格,正面
1550,_,说好用,整体,正面
1550,_,打折,价格,正面
1551,_,不错,整体,正面
1551,_,超级划算,价格,正面
1551,包装,精美,包装,正面
1551,气味,清新,气味,正面
1551,使用体验,很好,使用体验,正面
1551,价格,实惠,价格,正面
1551,价格,便宜,价格,正面
1552,_,非常好用,整体,正面
1552,_,服帖,使用体验,正面
1552,_,提亮肤色,功效,正面
1552,_,推荐,整体,正面
1552,_,明显,功效,正面
1552,_,好用,整体,正面
1553,_,不错,整体,正面
1554,_,不错,整体,正面
1555,_,挺好的,整体,正面
1556,_,不错,整体,正面
1557,_,还可以,整体,正面
1557,包装,有点差,包装,负面
1558,_,还可以,整体,正面
1558,_,便宜,价格,正面
1559,_,温和的,使用体验,正面
1559,_,很舒服,使用体验,正面
1559,洁面,温和,功效,正面
1559,泡沫,温和,使用体验,正面
1559,_,温和的使用体验,使用体验,正面
1559,_,温和的洁面,功效,正面
1560,_,还不错,整体,正面
1560,_,很保湿,功效,正面
1560,价格,很实惠,价格,正面
1560,_,好评,整体,正面
1561,_,好用,整体,正面
1561,_,很喜欢,整体,正面
1562,_,_,_,_
1563,_,非常好,整体,正面
1563,_,谢谢,整体,正面
1563,_,隔离,功效,正面
1564,配送速度,很快,物流,正面
1564,_,放心,整体,正面
1564,_,喜欢,整体,正面
1565,_,还不错,整体,正面
1565,_,挺好的,整体,正面
1565,包装,很好,包装,正面
1565,气味,不错,气味,正面
1565,使用体验,很好,使用体验,正面
1566,_,不错,整体,正面
1566,_,好使,整体,正面
1566,_,挺好,整体,正面
1567,_,不油腻,使用体验,正面
1567,_,很好上妆,使用体验,正面
1567,_,喜欢,整体,正面
1568,颜值,不错,包装,正面
1568,送货,快,物流,正面
1568,服务,好,服务,正面
1568,_,不错,整体,正面
1568,新包装,_,包装,正面
1568,质量,不错,其他,正面
1568,_,一如既往地支持,整体,正面
1568,_,支持,整体,正面
1569,_,挺好用的,整体,正面
1570,_,好评,整体,正面
1570,_,好开心,整体,正面
1571,物流,快,物流,正面
1571,_,好,整体,正面
1571,_,_,整体,正面
1572,味道,不是很喜欢,气味,负面
1572,肤感,不错,使用体验,正面
1572,_,很值,价格,正面
1572,_,买买买,整体,正面
1573,_,挺不错的,整体,正面
1574,_,特别好,整体,正面
1575,_,_,_,_
1576,快递小哥速度,杠杠滴,物流,正面
1576,态度,不错,物流,正面
1576,_,很满意,整体,正面
1577,_,没有起豆豆,使用体验,正面
1577,_,挺补水的,功效,正面
1577,_,看好,整体,正面
1577,_,敏感肌肤,使用体验,中性
1577,_,起豆豆,使用体验,负面
1577,_,没有,使用体验,正面
1577,_,好,整体,正面
1577,_,中性,使用体验,中性
1578,_,不知道效果好不好,整体,中性
1578,_,应该是真的,真伪,正面
1578,包装,很好,包装,正面
1578,气味,不错,气味,正面
1578,使用体验,一般,使用体验,中性
1578,_,还不错,整体,正面
1579,_,很不错,整体,正面
1580,_,还可以,整体,正面
1580,_,是正品,真伪,正面
1580,赠品,很多,价格,正面
1580,价格,便宜,价格,正面
1580,物流,不错,物流,正面
1581,_,还不错,整体,正面
1581,_,很懒,整体,中性
1581,_,一般,整体,中性
1582,_,保湿,功效,正面
1582,_,补水,功效,正面
1583,_,_,_,_
1584,_,还不错,整体,正面
1584,_,方便,整体,正面
1584,_,快捷,整体,正面
1585,_,_,_,_
1586,_,很实惠,价格,正面
1586,_,挺划算的,价格,正面
1586,_,好的,整体,正面
1586,_,会继续购买,整体,正面
1586,_,赠,价格,正面
1587,_,挺好的,整体,正面
1587,_,还是不错的,整体,正面
1587,_,比较水润,使用体验,正面
1587,_,不油腻,使用体验,正面
1587,_,很清爽,使用体验,正面
1588,_,非常好用,整体,正面
1588,_,一如既往的好,整体,正面
1588,_,好,整体,正面
1588,_,好用,整体,正面
1588,_,非常好,整体,正面
1589,_,_,_,_
1590,气味,很好闻,气味,正面
1590,_,白皙一些,功效,正面
1590,包装,精美,包装,正面
1590,气味,好闻,气味,正面
1590,使用体验,不错,使用体验,正面
1590,价格,便宜,价格,正面
1590,物流,快,物流,正面
1590,_,不错,整体,正面
1591,_,有点干,使用体验,负面
1591,_,还可以,整体,正面
1591,味道,不错,气味,正面
1591,包装,精美,包装,正面
1591,价格,便宜,价格,正面
1591,_,不错,整体,正面
1592,_,很喜欢,整体,正面
1592,味道,很淡,气味,正面
1592,_,不厚重,使用体验,正面
1592,价格,不贵,价格,正面
1592,_,淡淡的亮片,使用体验,正面
1593,_,一般,整体,中性
1593,保持时间,比较短,功效,负面
1593,保湿,还行,功效,正面
1593,_,没有浮粉,使用体验,正面
1594,卸妆,挺干净的,功效,正面
1594,_,满意,整体,正面
1595,_,还可以,整体,正面
1595,包装,很好,包装,正面
1595,气味,不错,气味,正面
1595,使用体验,一般,使用体验,中性
1595,_,还不错,整体,正面
1596,_,_,_,_
1597,_,挺多的,其他,正面
1598,_,不过敏,使用体验,正面
1598,_,挺好的,整体,正面
1598,_,便宜,价格,正面
1598,_,好用,整体,正面
1599,精华液,没有,成分,负面
1599,_,有点小失望,整体,负面
1600,价格,美丽,价格,正面
1600,_,很温和,使用体验,正面
1601,价格,差不多,价格,中性
1601,_,还行,整体,正面
1602,价格,便宜,价格,正面
1602,性价比,一般,价格,中性
1603,_,_,_,_
1604,送货物流,快,物流,正面
1604,价格,便宜,价格,正面
1604,_,有点小,尺寸,负面
1605,_,_,_,_
1606,_,非常好用,整体,正面
1606,提亮效果,明显,功效,正面
1606,_,不卡粉,使用体验,正面
1606,_,特别服帖,使用体验,正面
1607,_,还行,整体,正面
1607,香味,淡些,气味,中性
1608,快递,很快,物流,正面
1609,_,很痒,使用体验,负面
1609,_,很不舒服,使用体验,负面
1609,_,起了一层小痘痘,使用体验,负面
1610,_,_,_,_
1611,_,很好用,整体,正面
1611,_,很滋润,使用体验,正面
1611,_,是我想要的,整体,正面
1612,外壳,软趴趴的,包装,负面
1612,设计,有问题,包装,负面
1612,_,瘦,尺寸,负面
1612,_,长,尺寸,负面
1612,设计,改进,包装,正面
1612,_,好放,尺寸,正面
1612,外壳,改进,包装,正面
1613,水,挺多,成分,正面
1613,_,还不错,整体,正面
1613,_,挺划算的,价格,正面
1614,_,_,_,_
1615,_,真心不错,整体,正面
1616,_,_,_,_
1617,_,非常的不错,整体,正面
1617,清香,淡淡的,气味,正面
1617,包装,很好,包装,正面
1618,隔离效果,特别高,功效,正面
1618,_,很水润,使用体验,正面
1618,包装设计,很独特,包装,正面
1618,使用体验,很舒适,使用体验,正面
1618,味道,很清新,气味,正面
1618,价格,很实惠,价格,正面
1618,味道,很香,气味,正面
1619,_,不错,整体,正面
1619,_,好评,整体,正面
1619,_,2个替换芯,价格,正面
1619,_,用过,整体,中性
1619,_,再来评价,整体,中性
1620,_,很不错,整体,正面
1620,_,量很足,其他,正面
1620,出水口设计,很棒,其他,正面
1621,_,很好,整体,正面
1621,商家,很热心,服务,正面
1621,_,体贴入微,服务,正面
1621,_,心想事成,整体,正面
1621,_,谢谢,整体,正面
1622,_,还可以,整体,正面
1622,_,好小,尺寸,负面
1623,_,超级划算,价格,正面
1623,颜色,很自然,功效,正面
1623,_,喜欢,整体,正面
1624,_,很持久,使用体验,正面
1624,_,挺舒服的,使用体验,正面
1625,_,_,_,_
1626,_,_,_,_
1627,_,很好用,整体,正面
1627,_,回购,整体,正面
1627,_,帮别人买了,整体,正面
1627,_,第二次,整体,正面
1628,清洁能力,一般般,功效,中性
1628,价格,便宜,价格,正面
1629,_,很好,整体,正面
1629,_,物有所值,整体,正面
1630,_,轻的,其他,负面
1630,_,像水一样的,其他,负面
1630,_,假的,真伪,负面
1631,物流配送服务,非常好,物流,正面
1631,包装,升级,包装,正面
1631,_,好用,整体,正面
1631,品质,不变,其他,正面
1632,_,物超所值,整体,正面
1632,_,棒棒哒,整体,正面
1633,_,很好用,整体,正面
1633,_,很喜欢,整体,正面
1633,_,正品,真伪,正面
1633,_,很,整体,正面
1633,_,用,整体,正面
1634,包装,不错,包装,正面
1634,物流,不错,物流,正面
1634,味道,不错,气味,正面
1634,_,挺好用的,整体,正面
1634,_,不错,整体,正面
1635,活动价,很合适,价格,正面
1635,物流,一天就到,物流,正面
1635,_,好用,整体,正面
1636,颜色,不喜欢,其他,负面
1636,包装,不喜欢,包装,负面
1637,_,非常喜欢,整体,正面
1637,_,很好,整体,正面
1637,性价比,高,价格,正面
1637,_,一直用,整体,正面
1637,_,值得购买,整体,正面
1638,_,好用,整体,正面
1638,_,滑滑的,使用体验,正面
1638,_,不粘腻,使用体验,正面
1639,物流,超快,物流,正面
1639,包装,精美,包装,正面
1639,气味,清新,气味,正面
1639,使用体验,非常好,使用体验,正面
1639,价格,实惠,价格,正面
1639,_,不错,整体,正面
1639,气味,难闻,气味,负面
1639,包装,粗糙,包装,负面
1639,价格,偏高,价格,负面
1639,使用体验,差,使用体验,负面
1639,气味,好闻,气味,正面
1640,物流,很快,物流,正面
1640,_,非常好,整体,正面
1640,_,很满意,整体,正面
1640,_,不错,整体,正面
1641,包装,精美,包装,正面
1641,香味,好闻,气味,正面
1641,_,非常喜欢,整体,正面
1642,_,_,_,_
1643,_,_,_,_
1644,补水,超级棒,功效,正面
1645,_,好用,整体,正面
1645,_,不卡粉,使用体验,正面
1645,_,自然,功效,正面
1646,物流,快,物流,正面
1646,包装,好,包装,正面
1646,味道,好闻,气味,正面
1646,包装,精美,包装,正面
1646,价格,便宜,价格,正面
1646,_,不错,整体,正面
1647,颜色,很好,其他,正面
1647,_,不觉得干,使用体验,正面
1647,_,很容易划开,使用体验,正面
1647,_,很好用,整体,正面
1648,物流,挺快的,物流,正面
1649,_,划算,价格,正面
1649,包装,有点差,包装,负面
1649,_,有点小,尺寸,负面
1649,礼物,没,价格,负面
1650,_,不错,整体,正面
1650,_,挺好用的,整体,正面
1651,_,不卡粉,使用体验,正面
1651,_,很适合,整体,正面
1652,_,非常好,整体,正面
1652,香,淡淡的,气味,正面
1652,_,很喜欢,整体,正面
1653,_,好用,整体,正面
1653,味道,特别喜欢,气味,正面
1653,包装,太差了,包装,负面
1653,物流,太慢了,物流,负面
1653,味道,太难闻了,气味,负面
1653,_,太差了,整体,负面
1654,性价比,很高,价格,正面
1654,_,很好用,整体,正面
1654,价格,超级优惠,价格,正面
1654,_,很满意,整体,正面
1655,_,_,_,_
1656,_,很好用,整体,正面
1656,_,中性,整体,正面
1656,_,正面,整体,正面
1657,_,不错,整体,正面
1657,_,很好用,整体,正面
1657,_,很亮,功效,正面
1657,_,很不错,整体,正面
1658,_,不错,整体,正面
1658,_,喜欢,整体,正面
1658,_,放心,整体,正面
1658,_,真的不错,整体,正面
1658,_,一直都在,整体,正面
1659,性价比,很高,价格,正面
1659,_,好用,整体,正面
1659,_,便宜,价格,正面
1660,_,还行,整体,正面
1661,活动价,_,价格,正面
1661,价格,很实惠,价格,正面
1661,_,还可以,整体,正面
1662,补水效果,很棒,功效,负面
1662,保湿效果,很棒,功效,负面
1662,美白效果,很棒,功效,负面
1662,防晒效果,很棒,功效,负面
1662,补水效果,不补水,功效,负面
1662,保湿效果,不保湿,功效,负面
1662,美白效果,不美白,功效,负面
1662,防晒效果,不防晒,功效,负面
1663,_,还是不错的,整体,正面
1663,价格,便宜,价格,正面
1663,_,相当不错,整体,正面
1664,_,好白,功效,正面
1664,_,太假面了,功效,负面
1664,客服,不管,服务,负面
1664,_,郁闷了,整体,负面
1664,_,想退,整体,负面
1664,在线客服,不管,服务,负面
1664,售后,_,服务,负面
1664,客服,要打电话,服务,负面
1665,_,_,_,_
1666,_,_,_,_
1667,保湿,不错,功效,正面
1668,_,_,_,_
1669,_,很舒服,使用体验,正面
1669,_,不紧绷,使用体验,正面
1669,_,不错的,整体,正面
1669,_,喜欢,整体,正面
1670,快递,很给力,物流,正面
1670,气味,很香,气味,正面
1671,_,不错,整体,正面
1671,_,不油腻,使用体验,正面
1671,_,润润的,使用体验,正面
1671,_,好用,整体,正面
1672,_,还不错,整体,正面
1672,_,不卡粉,使用体验,正面
1672,遮瑕效果,行,功效,正面
1673,_,不怎么样,整体,负面
1673,_,有点掉妆,使用体验,负面
1673,_,不怎么白,功效,负面
1674,_,不好用,整体,负面
1674,酒精味道,特别大,气味,负面
1674,酒精味道,刺鼻,气味,负面
1675,补水效果,很好,功效,正面
1676,_,_,_,_
1677,物流,快,物流,正面
1677,_,不错,整体,正面
1677,_,很好,整体,正面
1677,_,物美价廉,价格,正面
1677,服务,好,服务,正面
1678,_,_,_,_
1679,_,不错,整体,正面
1679,盒子,挺漂亮的,包装,正面
1679,_,比较严重,使用体验,负面
1679,_,还是不错的,整体,正面
1680,_,物美价廉,价格,正面
1680,_,真心好物,整体,正面
1680,_,推荐,整体,正面
1681,优惠活动,不错,价格,正面
1681,价格,不错,价格,正面
1681,_,有点掉毛,使用体验,负面
1682,发货,很快,物流,正面
1682,包装,不错,包装,正面
1682,_,没有什么损坏,包装,正面
1682,_,很滋润,使用体验,正面
1682,成膜速度,一般,使用体验,中性
1682,_,轻微泛白,使用体验,中性
1683,_,比较补水,功效,正面
1683,活动力度,比较小,价格,负面
1683,_,挺划算的,价格,正面
1683,活动,_,价格,负面
1684,补水效果,很好,功效,正面
1684,_,不错,整体,正面
1685,_,很好用,整体,正面
1685,_,分量足,其他,正面
1685,_,还不错,整体,正面
1686,_,_,_,_
1687,粉,很细腻,使用体验,正面
1687,_,很好,整体,正面
1687,_,很满意,整体,正面
1687,_,上脸效果很好,功效,正面
1687,_,很细腻,使用体验,正面
1688,_,_,_,_
1689,_,挺好的,整体,正面
1689,包装,新,包装,正面
1689,包装,老,包装,中性
1690,_,很好用,整体,正面
1690,_,放心,整体,正面
1690,_,一直用,整体,正面
1690,_,直营,服务,正面
1690,_,质量,其他,正面
1691,补水,不错,功效,正面
1691,包装设计,很独特,包装,正面
1691,气味,很好闻,气味,正面
1691,使用体验,不错,使用体验,正面
1691,价格,很实惠,价格,正面
1691,物流服务,很好,物流,正面
1691,_,不错,整体,正面
1692,_,还不错,整体,正面
1692,_,好东西,整体,正面
1692,_,记得分享,整体,正面
1693,店家,_,服务,正面
1693,客服,_,服务,正面
1693,物流,_,物流,正面
1693,快递,_,物流,正面
1693,_,_,整体,中性
1694,香,挺香的,气味,正面
1694,包装,不错,包装,正面
1694,_,碎到了,包装,负面
1695,速度,没的说,物流,正面
1695,_,压扁了,包装,负面
1696,活动,_,价格,正面
1696,活动力度,不错,价格,正面
1696,价格,实惠,价格,正面
1696,性价比,高,价格,正面
1696,_,服帖,使用体验,正面
1696,_,自然,功效,正面
1697,物流,很快,物流,正面
1697,_,挺好用,整体,正面
1697,_,好评,整体,正面
1698,_,_,_,_
1699,_,没问题,整体,正面
1700,_,不错,整体,正面
1700,_,很自然,功效,正面
1701,_,挺喜欢,整体,正面
1701,_,挺好的,整体,正面
1702,_,不贵,价格,正面
1702,_,是的好东西,整体,正面
1703,补水,真的棒棒的,功效,正面
1703,包装设计,很独特,包装,正面
1703,气味,很好闻,气味,正面
1703,使用体验,不错,使用体验,正面
1703,价格,便宜,价格,正面
1703,物流服务,很好,物流,正面
1703,_,不错,整体,正面
1704,_,很好,整体,正面
1704,_,非常补水,功效,正面
1704,_,不错,整体,正面
1704,_,保湿,功效,正面
1705,_,很好,整体,正面
1705,_,很光滑,使用体验,正面
1705,价格,实惠,价格,正面
1706,_,很好,整体,正面
1706,_,会再来买,整体,正面
1707,_,物有所值,整体,正面
1707,活动,_,价格,正面
1707,价钱,_,价格,正面
1707,_,可以,整体,正面
1707,_,对得起,整体,正面
1708,快递,好棒,物流,正面
1708,_,大赞,整体,正面
1708,包装,有点小,包装,负面
1709,_,很不错,整体,正面
1709,快递,很给力,物流,正面
1709,包装,精美,包装,正面
1709,气味,清新,气味,正面
1709,使用体验,很好,使用体验,正面
1709,价格,实惠,价格,正面
1709,_,不错,整体,正面
1709,价格,便宜,价格,正面
1710,_,还不错,整体,正面
1710,_,挺好用的,整体,正面
1711,_,不好用,整体,负面
1711,_,涂不开,使用体验,负面
1711,_,不建议购买,整体,负面
1712,包装,很好,包装,正面
1712,快递哥,很给力,物流,正面
1712,_,还可以,整体,正面
1712,_,还不错,整体,正面
1713,_,很好用,整体,正面
1713,_,很干净,功效,正面
1713,_,不紧绷,使用体验,正面
1714,到货,很快,物流,正面
1714,包装,精美,包装,正面
1714,气味,清新,气味,正面
1714,使用体验,很好,使用体验,正面
1714,价格,便宜,价格,正面
1715,卸妆,干净,功效,正面
1715,_,温和,使用体验,正面
1715,_,不刺激,使用体验,正面
1715,_,好用,整体,正面
1716,包装,有点破,包装,负面
1716,_,很喜欢,整体,正面
1716,_,有点失望,整体,负面
1717,_,超级好用,整体,正面
1717,_,好用,整体,正面
1718,_,_,_,_
1719,快递小哥,很准时,物流,正面
1719,味道,很好,气味,正面
1719,包装,很精美,包装,正面
1719,_,很舒服,使用体验,正面
1720,_,_,_,_
1721,_,好评,整体,正面
1722,_,很好用,整体,正面
1722,_,美白,功效,正面
1722,_,不干,使用体验,正面
1722,_,很自然,功效,正面
1722,小礼品,_,价格,正面
1723,_,很实惠,价格,正面
1723,包装,很好,包装,正面
1723,味道,不错,气味,正面
1723,使用体验,很好,使用体验,正面
1723,_,不错,整体,正面
1723,包装,不错,包装,正面
1723,价格,不错,价格,正面
1724,_,不错,整体,正面
1724,_,很满意,整体,正面
1725,颜色,很自然,功效,正面
1725,_,很值,价格,正面
1725,_,很划算,价格,正面
1725,_,三个气垫,价格,正面
1726,服务,不咋滴,服务,负面
1726,价格,幅度大,价格,负面
1726,价格,_,价格,中性
1726,服务,_,服务,负面
1726,价格,_,价格,负面
1727,_,好评,整体,正面
1727,_,好用,整体,正面
1728,_,不错,整体,正面
1728,物流,快,物流,正面
1728,服务态度,很好,服务,正面
1729,清洁能力,好用,功效,正面
1729,泡沫,多,使用体验,正面
1729,_,很奈斯,整体,正面
1729,_,好用,整体,正面
1730,_,很不错,整体,正面
1730,_,支持,整体,正面
1731,_,还不错,整体,正面
1731,_,推荐,整体,正面
1731,_,购买,整体,正面
1731,_,感觉还不错,整体,正面
1732,_,是正品,真伪,正面
1732,价格,很奈斯,价格,正面
1732,_,非常棒,整体,正面
1733,精华,超级多,成分,正面
1733,_,很补水,功效,正面
1733,_,很多水,使用体验,正面
1733,_,确实很补水,功效,正面
1734,_,不错,整体,正面
1735,_,很不错,整体,正面
1736,物流,很快,物流,正面
1736,_,不好用,整体,负面
1736,_,好用,整体,正面
1737,_,好迷你,尺寸,正面
1737,_,防晒,功效,正面
1738,_,很好,整体,正面
1738,价格,实惠,价格,正面
1738,_,很喜欢,整体,正面
1738,物流速度,很快,物流,正面
1738,_,赞一个,整体,正面
1739,_,_,_,_
1740,_,非常好,整体,正面
1740,_,非常光滑,使用体验,正面
1741,_,还不错,整体,正面
1741,补水效果,很好,功效,正面
1741,_,无刺激,使用体验,正面
1741,_,超赞,整体,正面
1742,物流,快,物流,正面
1742,价格,合适,价格,正面
1742,_,不错,整体,正面
1743,_,还可以,整体,正面
1743,_,遮暇,功效,正面
1743,包装,精美,包装,正面
1743,气味,清新,气味,正面
1743,使用体验,不错,使用体验,正面
1743,价格,便宜,价格,正面
1743,_,不错,整体,正面
1744,_,好很多,整体,正面
1745,_,特别好用,整体,正面
1745,包装设计,很独特,包装,正面
1745,气味,很清新,气味,正面
1745,使用体验,很好,使用体验,正面
1745,价格,很实惠,价格,正面
1745,_,不错,整体,正面
1746,温和度,比较好,使用体验,正面
1746,_,比较干净,功效,正面
1746,_,挺好,整体,正面
1747,_,很好,整体,正面
1747,_,很满意,整体,正面
1748,_,喜欢,整体,正面
1748,_,很好用,整体,正面
1748,卸妆,干净,功效,正面
1748,_,不紧绷,使用体验,正面
1749,_,很显白,功效,正面
1749,_,挺好,整体,正面
1750,_,还不错,整体,正面
1750,_,不紧绷,使用体验,正面
1751,_,卡脸,使用体验,负面
1752,盒子,挺好,包装,正面
1752,_,方便,其他,正面
1752,_,差不多,整体,中性
1752,_,收纳,其他,正面
1752,_,挺好,包装,正面
1753,_,挺好用的,整体,正面
1753,_,比较细腻,使用体验,正面
1753,_,不干燥,使用体验,正面
1753,味道,很好闻,气味,正面
1754,包装,好,包装,正面
1754,物流,好,物流,正面
1754,气味,好,气味,正面
1754,真伪,好,真伪,正面
1754,服务,好,服务,正面
1754,尺寸,好,尺寸,正面
1754,新鲜度,好,新鲜度,正面
1754,_,便宜,价格,正面
1754,_,好,整体,正面
1755,_,挺好的,整体,正面
1755,_,希望是正品,真伪,中性
1755,_,希望不会让我失望,整体,中性
1756,_,不怎么样,整体,负面
1756,_,不太喜欢,整体,负面
1756,味道,好闻,气味,正面
1756,包装,精美,包装,正面
1756,价格,便宜,价格,正面
1756,_,不错,整体,正面
1757,_,很好用,整体,正面
1757,_,水嫩,使用体验,正面
1757,_,不掐架,使用体验,正面
1758,_,很喜欢,整体,正面
1758,_,好舒服,使用体验,正面
1759,_,好多,整体,正面
1759,保湿,还可以,功效,正面
1759,包装,太差了,包装,负面
1759,物流,太差了,物流,负面
1759,气味,太差了,气味,负面
1759,价格,太贵了,价格,负面
1759,_,太差了,整体,负面
1759,价格,便宜,价格,正面
1759,包装,精美,包装,正面
1759,气味,好闻,气味,正面
1759,_,不错,整体,正面
1760,日期,太旧,新鲜度,负面
1760,服务态度,差,服务,负面
1760,客服,不回复,服务,负面
1760,调子,高,服务,负面
1761,_,很好,整体,正面
1761,_,不错,整体,正面
1761,_,很舒服,整体,正面
1761,_,好评,整体,正面
1762,_,很细润,使用体验,正面
1762,_,很好用,整体,正面
1762,_,大救星,整体,正面
1763,遮红,挺好,功效,正面
1763,遮红,挺自然的,功效,正面
1763,遮瑕,挺好,功效,正面
1763,遮瑕,挺自然的,功效,正面
1764,_,很香,气味,正面
1764,_,太干了,使用体验,负面
1765,_,_,_,_
1766,_,不错,整体,正面
1766,_,还可以,整体,正面
1767,_,_,_,_
1768,物流,给力,物流,正面
1768,_,很喜欢,整体,正面
1768,包装,精美,包装,正面
1768,气味,清新,气味,正面
1768,使用体验,很好,使用体验,正面
1768,价格,实惠,价格,正面
1768,_,不错,整体,正面
1768,价格,便宜,价格,正面
1768,气味,好闻,气味,正面
1768,使用体验,不错,使用体验,正面
1769,_,还好吧,整体,正面
1769,物流,贼快,物流,正面
1769,_,便宜,价格,正面
1770,包装,很可爱,包装,正面
1770,价格,很便宜,价格,正面
1770,_,很多,其他,正面
1771,价格,合理,价格,正面
1771,赠品,_,价格,正面
1771,送货速度,很快,物流,正面
1771,_,不错,整体,正面
1772,_,很好,整体,正面
1772,_,很快,物流,正面
1772,_,加油,整体,正面
1772,_,支持,整体,正面
1773,清洁效果,不如,功效,负面
1773,_,太稀了,使用体验,负面
1773,清洁能力,一般,功效,中性
1773,_,很不爽,使用体验,负面
1774,_,物美价廉,价格,正面
1774,_,非常满意,整体,正面
1774,补水效果,很好,功效,正面
1774,_,很薄,使用体验,正面
1775,_,_,_,_
1776,_,还行,整体,正面
1776,_,过敏了,使用体验,负面
1776,店家态度,太差了,服务,负面
1776,店家,不负责,服务,负面
1777,补水效果,很好,功效,正面
1778,_,挺好的,整体,正面
1778,_,不油腻,使用体验,正面
1778,成膜,快,功效,正面
1778,防晒效果,_,功效,中性
1778,_,希望,整体,中性
1778,_,快,其他,正面
1779,包装,很完美,包装,正面
1779,_,不错,整体,正面
1779,_,很实惠,价格,正面
1780,包装,非常仔细,包装,正面
1780,包装,严实,包装,正面
1780,发货速度,非常快,物流,正面
1780,_,好评,整体,正面
1781,_,_,_,_
1782,_,特别喜欢,整体,正面
1783,_,_,_,_
1784,送货速度,很快,物流,正面
1784,_,有点小贵,价格,负面
1784,_,还好,整体,正面
1784,_,可以接受,整体,正面
1784,送货速度,没超过12小时,物流,正面
1784,_,谢谢,整体,正面
1785,_,不错,整体,正面
1785,_,很喜欢,整体,正面
1786,_,很好用,整体,正面
1786,_,遮暇,功效,正面
1786,_,棒棒的,整体,正面
1786,优惠活动,_,价格,正面
1786,_,很划算,价格,正面
1786,发货,很快,物流,正面
1786,送货速度,很快,物流,正面
1786,_,好评,整体,正面
1787,快递员服务,很好,物流,正面
1787,包装,完好,包装,正面
1787,包装,没有破损,包装,正面
1787,_,是正品,真伪,正面
1787,_,没有异味,气味,正面
1787,使用体验,很好,使用体验,正面
1787,包装设计,很精美,包装,正面
1787,尺寸,合适,尺寸,正面
1787,新鲜度,很好,新鲜度,正面
1788,_,挺好用的,整体,正面
1788,_,很补水,功效,正面
1788,精华液,很多,成分,正面
1788,_,喜欢,整体,正面
1788,_,一直在用,整体,正面
1789,物流,快,物流,正面
1789,_,不错,整体,正面
1789,_,好,整体,正面
1790,_,超级喜欢,整体,正面
1790,_,特别舒服,使用体验,正面
1790,_,没有过敏现象,使用体验,正面
1790,_,不刺激,使用体验,正面
1790,_,喜欢,整体,正面
1790,_,很好,整体,正面
1791,包装,可以,包装,正面
1791,价格,便宜,价格,正面
1792,_,比较水润,使用体验,正面
1792,肤色,比较自然,功效,正面
1792,包装设计,很独特,包装,正面
1792,使用体验,很好,使用体验,正面
1792,气味,很清新,气味,正面
1792,价格,很实惠,价格,正面
1792,_,不错,整体,正面
1793,_,蛮喜欢,整体,正面
1793,日期,_,新鲜度,负面
1793,_,没别的毛病,整体,正面
1794,物流,很快,物流,正面
1795,_,是假货,真伪,负面
1795,_,浪费钱,整体,负面
1795,_,便宜,价格,正面
1795,_,没来得及用,整体,中性
1795,_,囤货,整体,中性
1795,_,发现,整体,负面
1795,_,真是,整体,负面
1795,_,浪费,整体,负面
1795,_,钱,整体,负面
1795,_,假货,真伪,负面
1796,_,_,_,_
1797,_,是正品,真伪,正面
1797,_,很好,整体,正面
1797,包装,很好,包装,正面
1797,气味,不错,气味,正面
1797,使用体验,不错,使用体验,正面
1797,价格,便宜,价格,正面
1797,尺寸,合适,尺寸,正面
1797,新鲜度,很好,新鲜度,正面
1798,_,_,_,_
1799,_,挺好用的,整体,正面
1799,_,被孩子打碎了,使用体验,负面
1799,_,再买一瓶,整体,中性
1800,_,非常不错,整体,正面
1801,_,干巴巴的,使用体验,负面
1801,_,有一点点刺痛,使用体验,负面
1801,_,失望透了,整体,负面
1801,_,水水嫩嫩的,使用体验,负面
1801,_,没有,使用体验,负面
1802,_,太赞了,价格,正面
1802,_,猴赛雷,价格,正面
1802,_,优惠,价格,正面
1802,_,满减活动,价格,正面
1802,_,红包,价格,正面
1802,_,京豆,价格,正面
1802,_,优惠券,价格,正面
1802,_,两套才花了70多,价格,正面
1802,_,太赞,价格,正面
1803,_,很好用,整体,正面
1803,_,挺薄的,使用体验,正面
1803,_,很水润,使用体验,正面
1803,包装,很不错,包装,正面
1804,赠品,不错,价格,正面
1804,_,不错,整体,正面
1805,_,太小,尺寸,负面
1805,包装,太差了,包装,负面
1805,气味,难闻,气味,负面
1806,_,是正品,真伪,正面
1806,物流,快,物流,正面
1806,包装,不错,包装,正面
1806,气味,不错,气味,正面
1807,_,挺好用的,整体,正面
1807,水口,太大,使用体验,负面
1808,包装箱抗震,挺好,包装,正面
1808,_,是正品,真伪,正面
1808,_,好用,整体,中性
1809,_,不错,整体,正面
1810,_,是正品,真伪,正面
1810,_,正品,真伪,正面
1811,_,很好用,整体,正面
1811,_,滋润,使用体验,正面
1811,_,不油腻,使用体验,正面
1811,_,不紧绷,使用体验,正面
1811,_,喜欢,整体,正面
1812,_,挺好用的,整体,正面
1812,_,喜欢,整体,正面
1812,_,很自然,功效,正面
1812,_,不错,整体,正面
1813,_,_,_,_
1814,_,_,_,_
1815,_,很喜欢,整体,正面
1815,_,好评,整体,正面
1815,包装,很好,包装,正面
1815,味道,不错,气味,正面
1815,使用体验,很好,使用体验,正面
1815,_,不错,整体,正面
1815,包装,不错,包装,正面
1815,使用体验,不错,使用体验,正面
1816,_,非常不错,整体,正面
1816,香味,淡淡的,气味,正面
1816,_,很自然,功效,正面
1817,_,特别实惠,价格,正面
1817,_,比较水润,使用体验,正面
1817,_,喜欢,整体,正面
1818,_,挺好用的,整体,正面
1818,隔离效果,超级棒,功效,正面
1818,赠品,_,价格,正面
1818,_,比较完美,整体,正面
1819,_,不错,整体,正面
1819,颜色,很正,功效,正面
1819,_,会再买,整体,正面
1819,_,感觉不错,整体,正面
1820,发货,快,物流,正面
1820,_,不错,整体,正面
1820,_,好,整体,正面
1821,_,贴肤,使用体验,正面
1821,_,好用,整体,正面
1821,_,划算,价格,正面
1822,_,_,_,_
1823,_,一点效果都没有,整体,负面
1824,_,_,_,_
1825,包装,太简陋,包装,负面
1825,包装,塑料袋,包装,负面
1826,_,差评,整体,负面
1826,_,太差了,整体,负面
1826,_,不值,整体,负面
1826,_,疼,使用体验,负面
1826,_,差,整体,负面
1827,_,特别好用,整体,正面
1827,发货,特别快,物流,正面
1827,礼物,好多,价格,正面
1827,_,冬天夏天用都可以,使用体验,正面
1828,_,挺干净的,功效,正面
1829,_,还不错,整体,正面
1829,_,有点贵,价格,负面
1830,_,非常好用,整体,正面
1830,_,支持,整体,正面
1830,_,推荐,整体,正面
1830,_,给朋友,整体,正面
1830,_,继续购买,整体,正面
1831,_,不错,整体,正面
1831,_,赞一个,整体,正面
1832,_,不怎么好用,整体,负面
1833,活动力度,不错,价格,正面
1833,价格,便宜,价格,正面
1833,活动,_,价格,正面
1833,_,节日礼物,整体,正面
1833,_,不错,整体,正面
1833,_,便宜,价格,正面
1834,_,_,_,_
1835,_,挺好用,整体,正面
1835,_,很柔和,使用体验,正面
1835,_,不紧绷,使用体验,正面
1836,补水效果,不错,功效,正面
1836,使用体验,不错,使用体验,正面
1836,包装,不错,包装,正面
1837,_,不错,整体,正面
1837,_,物美价廉,价格,正面
1837,_,值得购买,整体,正面
1838,包装,太差,包装,负面
1839,小礼品,很多,价格,正面
1839,_,真的不错,整体,正面
1839,商家,很贴心,服务,正面
1840,_,挺好的,整体,正面
1840,保湿,很好,功效,正面
1840,_,不干,使用体验,正面
1840,_,很润,使用体验,正面
1841,_,很保湿,功效,正面
1841,_,很好,整体,正面
1842,_,还不错,整体,正面
1843,_,很合适,整体,正面
1844,速度,很快,物流,正面
1844,_,蛮好的,整体,正面
1845,精华,挺多的,成分,正面
1845,_,还不错,整体,正面
1846,_,不错,整体,正面
1846,_,像用了美颜滤镜,功效,正面
1847,_,挺好用的,整体,正面
1848,卸妆效果,差,功效,负面
1848,_,不能好评,整体,负面
1849,_,不好,整体,负面
1849,_,不遮瑕,功效,负面
1849,_,不保湿,功效,负面
1850,_,_,_,_
1851,_,正品,真伪,正面
1851,_,挺好用的,整体,正面
1852,物流速度,很快,物流,正面
1852,优惠,更大一些,价格,中性
1852,优惠,_,价格,中性
1853,_,_,_,_
1854,粉质,比较淡,使用体验,正面
1854,_,不错,整体,正面
1854,包装设计,很独特,包装,正面
1854,气味,很好闻,气味,正面
1854,价格,便宜,价格,正面
1854,物流,很快,物流,正面
1855,_,_,_,_
1856,活动,_,价格,正面
1856,_,好划算,价格,正面
1857,美白效果,还是有的,功效,正面
1857,包装设计,不错,包装,正面
1857,使用体验,很好,使用体验,正面
1857,气味,很好,气味,正面
1857,价格,便宜,价格,正面
1857,物流,不错,物流,正面
1857,_,不错,整体,正面
1858,上色,不够好,功效,负面
1858,遮瑕效果,一般般,功效,负面
1858,包装,有点破旧,包装,负面
1858,味道,有点刺鼻,气味,负面
1858,使用体验,一般般,使用体验,负面
1858,_,还不错,整体,正面
1859,_,好评,整体,正面
1859,_,不错,整体,正面
1859,包装,很好,包装,正面
1859,味道,不错,气味,正面
1859,包装,不错,包装,正面
1860,_,是正品,真伪,正面
1860,_,很好用,整体,正面
1860,包装,很好,包装,正面
1860,气味,不错,气味,正面
1860,使用体验,不错,使用体验,正面
1860,_,不错,整体,正面
1860,包装,不错,包装,正面
1861,_,不错,整体,正面
1861,_,很好用,整体,正面
1861,快递小哥,这么给力,物流,正面
1862,卸妆,很干净,功效,正面
1862,卸妆,温和,功效,正面
1862,卸妆,不刺激,功效,正面
1862,_,滑滑的,使用体验,正面
1862,_,舒服的很,使用体验,正面
1863,物流,很快,物流,正面
1863,包装,很好,包装,正面
1863,_,蛮期待的,整体,正面
1863,_,信柰,整体,正面
1863,_,刚到,整体,中性
1863,_,没用,整体,中性
1864,_,_,_,_
1865,_,还不错,整体,正面
1865,粉质,_,使用体验,中性
1866,_,满意,整体,正面
1866,_,挺清爽的,使用体验,正面
1866,清洁,可以,功效,正面
1866,_,好白,功效,正面
1867,赠品,挺好的,价格,正面
1867,包装,精美,包装,正面
1867,气味,清新,气味,正面
1867,使用体验,很好,使用体验,正面
1867,价格,实惠,价格,正面
1867,物流服务,好,物流,正面
1867,_,不错,整体,正面
1867,价格,便宜,价格,正面
1868,_,很不错,整体,正面
1868,_,有增白效果,功效,正面
1869,_,不错,整体,正面
1869,_,挺好用的,整体,正面
1869,_,干净,功效,正面
1869,_,不紧绷,使用体验,正面
1870,_,很好,整体,正面
1870,价格,优惠,价格,正面
1870,送货,快,物流,正面
1870,_,很满意,整体,正面
1870,_,方便,整体,正面
1870,质量,保证,其他,正面
1870,_,炒鸡很满意,整体,正面
1871,_,很适合,整体,正面
1871,_,有点油,使用体验,负面
1871,味道,好闻,气味,正面
1871,包装,精美,包装,正面
1871,价格,便宜,价格,正面
1871,_,不错,整体,正面
1872,_,不知道效果怎么样,整体,中性
1872,包装,很好,包装,正面
1872,气味,不错,气味,正面
1872,价格,便宜,价格,正面
1872,使用体验,一般,使用体验,中性
1872,_,还不错,整体,正面
1873,遮瑕,不是很好,功效,负面
1873,颜色,有点深,功效,负面
1873,包装设计,很独特,包装,正面
1873,气味,很好闻,气味,正面
1873,_,不错,整体,正面
1873,价格,便宜,价格,正面
1873,物流,很快,物流,正面
1874,_,好用,整体,正面
1875,_,非常满意,整体,正面
1875,_,推荐,整体,正面
1875,_,满意,整体,正面
1875,_,一直用,整体,正面
1876,活动,_,价格,正面
1876,活动力度,很大,价格,正面
1876,价格,便宜,价格,正面
1876,性价比,很高,价格,正面
1876,_,很划算,价格,正面
1877,_,_,_,_
1878,_,_,_,_
1879,_,很好,整体,正面
1879,_,很快,物流,正面
1879,_,支持,整体,正面
1879,_,加油,整体,正面
1880,粉质,细腻,使用体验,正面
1880,粉质,服帖,使用体验,正面
1881,_,水水的,使用体验,正面
1881,_,滑滑的,使用体验,正面
1881,补水效果,可以的,功效,正面
1882,_,_,_,_
1883,_,很实惠,价格,正面
1883,_,很满意,整体,正面
1883,速度,超快,物流,正面
1883,_,很高兴,整体,正面
1884,_,不错,整体,正面
1885,_,很喜欢,整体,正面
1885,_,赞一下,整体,正面
1886,_,很自然,功效,正面
1886,_,很细腻,使用体验,正面
1886,_,不干,使用体验,正面
1886,_,不过敏,使用体验,正面
1886,_,真的不错,整体,正面
1886,_,不错,整体,正面
1887,_,特别好用,整体,正面
1887,发货,特别快,物流,正面
1887,礼物,好多,价格,正面
1887,_,冬天夏天用都可以,使用体验,正面
1888,_,不错,整体,正面
1889,_,喜欢,整体,正面
1890,_,还不错,整体,正面
1890,_,有点贵,价格,负面
1891,活动价格,还不错,价格,正面
1891,_,很久,整体,正面
1891,_,正面,其他,中性
1892,_,还不错,整体,正面
1892,_,已经用上了,整体,正面
1892,_,已经收到了,整体,正面
1893,_,好用,整体,正面
1893,包装,精美,包装,正面
1893,气味,清新,气味,正面
1893,使用体验,很好,使用体验,正面
1893,价格,实惠,价格,正面
1893,_,不错,整体,正面
1893,味道,好闻,气味,正面
1893,价格,便宜,价格,正面
1893,使用体验,好,使用体验,正面
1894,_,清爽,使用体验,正面
1894,_,不油腻,使用体验,正面
1894,吸收,很快,使用体验,正面
1894,包装,很好看,包装,正面
1894,美白的效果,_,功效,中性
1894,滴管的设计,方便,包装,正面
1895,_,非常好,整体,正面
1895,_,非常棒补水,功效,正面
1896,_,很好,整体,正面
1897,_,不错,整体,正面
1897,_,不紧绷,使用体验,正面
1898,服务态度,不好,服务,负面
1898,_,过敏了,使用体验,负面
1899,物流,好给力,物流,正面
1899,包装,好漂亮,包装,正面
1899,_,好喜欢,整体,正面
1900,_,不错,整体,正面
1901,_,还可以,整体,正面
1901,_,实惠,价格,正面
1901,包装,不错,包装,正面
1902,_,挺不错的,整体,正面
1902,包装设计,不错,包装,正面
1902,使用体验,很好,使用体验,正面
1902,气味,很好,气味,正面
1902,价格,便宜,价格,正面
1902,_,不错,整体,正面
1903,速度,太快了,物流,正面
1903,_,不错,整体,正面
1903,味道,挺好闻的,气味,正面
1903,速度,简直太快了,物流,正面
1904,_,还可以,整体,正面
1905,泡沫,细腻,使用体验,正面
1905,泡沫,柔软,使用体验,正面
1905,_,舒服,使用体验,正面
1905,包装,很好,包装,正面
1905,包装,精美,包装,正面
1905,味道,好闻,气味,正面
1905,使用体验,不错,使用体验,正面
1905,价格,便宜,价格,正面
1905,性价比,高,价格,正面
1905,_,不错,整体,正面
1906,_,喜欢,整体,正面
1906,妆感,非常好,使用体验,正面
1906,_,是正品,真伪,正面
1906,包装,不错,包装,正面
1906,气味,很好,气味,正面
1906,使用体验,不错,使用体验,正面
1906,价格,便宜,价格,正面
1906,_,不错,整体,正面
1907,_,好用,整体,正面
1907,_,不紧绷,使用体验,正面
1908,活动,更划算,价格,正面
1908,_,比较放心,整体,正面
1909,_,比较滋润,使用体验,正面
1909,_,没有干燥起皮,使用体验,正面
1910,_,不错,整体,正面
1910,颜色,比较自然,功效,正面
1910,_,降价,价格,负面
1911,补水效果,好,功效,正面
1911,_,不油腻,使用体验,正面
1911,_,好评,整体,正面
1912,_,挺好的,整体,正面
1913,包装,没有损坏,包装,正面
1913,_,没有少,其他,正面
1913,箱子口,_,包装,中性
1913,包装,_,包装,中性
1914,_,非常不错,整体,正面
1914,_,很润,使用体验,正面
1914,颜色,不是特别的白,功效,正面
1914,颜色,很自然,功效,正面
1914,_,喜欢,整体,正面
1915,效果,不错,功效,正面
1915,味道,淡淡的,气味,正面
1915,味道,挺好闻,气味,正面
1915,包装,不错,包装,正面
1915,_,挺好的,整体,正面
1916,_,不错,整体,正面
1916,_,很喜欢,整体,正面
1917,_,非常容易上装,使用体验,正面
1917,_,不错,整体,正面
1918,送货速度,很快,物流,正面
1919,_,不好用,整体,负面
1920,_,很服帖,使用体验,正面
1920,精华,清爽,成分,正面
1920,_,不粘,使用体验,正面
1920,_,喜欢,整体,正面
1921,_,不错,整体,正面
1921,赠品,_,价格,正面
1921,_,物美价廉,价格,正面
1921,_,很大,尺寸,正面
1921,_,看起来,整体,正面
1922,_,不错,整体,正面
1922,_,喜欢,整体,正面
1922,_,值得拥有,整体,正面
1922,_,赶快下手,整体,正面
1923,_,很满意,整体,正面
1923,_,不错,整体,正面
1923,_,很好,整体,正面
1923,_,赞,整体,正面
1923,_,超级好,整体,正面
1923,_,超级赞,整体,正面
1924,_,_,_,_
1925,_,挺水润的,使用体验,正面
1925,_,没有出现过敏现象,使用体验,正面
1925,_,挺好用的,整体,正面
1926,_,好用,整体,正面
1926,_,不过敏,使用体验,正面
1926,_,还买,整体,正面
1927,价格,非常实惠,价格,正面
1927,_,很喜欢,整体,正面
1928,_,_,_,_
1929,_,_,_,_
1930,_,不好用,整体,负面
1931,_,清爽,使用体验,正面
1931,_,不油腻,使用体验,正面
1931,_,很喜欢,整体,正面
1932,_,挺好的,整体,正面
1933,_,五星好评,整体,正面
1933,_,物美价廉,价格,正面
1933,_,货真价实,整体,正面
1933,_,强烈推荐,整体,正面
1933,_,值得购买,整体,正面
1934,_,还可以,整体,正面
1934,补水,还行,功效,正面
1934,包装,不错,包装,正面
1934,味道,好闻,气味,正面
1934,使用体验,不错,使用体验,正面
1934,价格,便宜,价格,正面
1934,_,还不错,整体,正面
1935,_,超级划算,价格,正面
1935,_,很舒服,使用体验,正面
1935,_,赞,整体,正面
1936,精华,太少,成分,负面
1936,_,一般,整体,中性
1937,_,还不错,整体,正面
1937,_,还行,整体,正面
1937,_,用先用用看,整体,中性
1937,_,好的话,整体,正面
1937,_,不好看,整体,负面
1937,_,会继续来买,整体,正面
1937,_,退货,整体,负面
1938,_,不不错,整体,正面
1939,_,_,_,_
1940,_,超棒的,整体,正面
1940,_,温和,使用体验,正面
1940,_,不绷紧,使用体验,正面
1940,_,很喜欢,整体,正面
1941,_,_,_,_
1942,活动,非常合算,价格,正面
1942,_,润润的,使用体验,正面
1942,精华液,不浪费,成分,正面
1942,活动,_,价格,正面
1942,_,非常合算,价格,正面
1943,活动,_,价格,正面
1943,_,非常棒,整体,正面
1944,_,_,_,_
1945,包装,完好,包装,正面
1945,_,是正品,真伪,正面
1946,_,非常好用,整体,正面
1946,_,柔和,使用体验,正面
1946,_,细腻,使用体验,正面
1946,_,美好,整体,正面
1946,_,喜欢,整体,正面
1947,_,_,_,_
1948,_,很划算,价格,正面
1948,_,很舒服,整体,正面
1949,_,一般般,整体,中性
1949,_,很干,使用体验,负面
1949,_,抹不开,使用体验,负面
1949,_,不服帖,使用体验,负面
1950,包装,精美,包装,正面
1950,日期,新鲜,新鲜度,正面
1950,_,不错,整体,正面
1950,_,有遮瑕效果,功效,正面
1951,_,还行,整体,正面
1951,_,很水嫩,使用体验,正面
1951,保湿效果,不错,功效,正面
1952,泡沫,细腻,使用体验,正面
1952,泡沫,丰富,使用体验,正面
1952,_,轻微紧绷感,使用体验,负面
1953,_,还不错,整体,正面
1953,价格,实惠,价格,正面
1954,赠品,_,价格,负面
1954,_,不客气,价格,负面
1954,赠品,少,价格,负面
1954,赠品,不多,价格,负面
1955,_,很喜欢,整体,正面
1955,_,挺水润的,使用体验,正面
1956,_,很好用,整体,正面
1956,_,不过敏,使用体验,正面
1957,_,是正品,真伪,正面
1957,_,很好,整体,正面
1957,_,不过敏,使用体验,正面
1958,香味,淡淡的,气味,正面
1958,_,蛮好,整体,正面
1958,_,不油腻,使用体验,正面
1958,_,有点增白效果,功效,正面
1959,保湿效果,不错,功效,正面
1959,卖家服务态度,很好,服务,正面
1959,发货速度,快,物流,正面
1959,_,很满意,整体,正面
1960,_,_,_,_
1961,物流,一般,物流,负面
1961,快递盒,被揉烂了,包装,负面
1961,包装盒,被挤坏了,包装,负面
1961,物流,太差劲了,物流,负面
1962,快递,挺快的,物流,正面
1962,包装,很好,包装,正面
1962,快递员服务,好,物流,正面
1962,遮瑕效果,不很好,功效,负面
1963,_,好评,整体,正面
1963,包装,精美,包装,正面
1963,气味,清新,气味,正面
1963,使用体验,很好,使用体验,正面
1963,价格,实惠,价格,正面
1963,物流服务,好,物流,正面
1963,_,不错,整体,正面
1963,味道,好闻,气味,正面
1964,_,不错,整体,正面
1964,赠品,好用,价格,正面
1964,_,很实惠,价格,正面
1964,_,好,整体,正面
1964,_,推荐,整体,正面
1965,_,还不错,整体,正面
1966,快递,真快,物流,正面
1966,包装,有点简陋,包装,负面
1966,盒子,稍许破损,包装,负面
1966,_,还不错,整体,正面
1967,_,非常满意,整体,正面
1967,_,满意,整体,正面
1967,_,很满意,整体,正面
1968,_,比较方便,整体,正面
1968,_,方便,整体,正面
1968,_,比较,整体,正面
1969,_,不太好用,整体,负面
1969,_,太干,使用体验,负面
1969,_,不给退,服务,负面
1969,_,谨慎,整体,中性
1970,_,_,_,_
1971,优惠力度,很高,价格,正面
1971,_,很好用,整体,正面
1971,_,推荐,整体,正面
1971,_,一直用,整体,正面
1971,_,很好,整体,正面
1971,_,优惠,价格,正面
1972,物流,好快,物流,正面
1972,_,好评,整体,正面
1972,_,期待效果,整体,中性
1973,_,蛮清爽的,使用体验,正面
1973,_,推荐,整体,正面
1973,_,清爽,使用体验,正面
1973,_,蛮,整体,正面
1974,_,很刺眼,使用体验,负面
1974,_,垃圾,整体,负面
1974,_,不会差,整体,负面
1975,_,很明显,功效,正面
1975,_,很自然,功效,正面
1975,_,不会起皮,使用体验,正面
1975,味道,很不错,气味,正面
1975,味道,很清新,气味,正面
1976,_,好用,整体,正面
1976,_,还是用,整体,正面
1976,_,一直用,整体,正面
1976,_,感觉,整体,正面
1976,_,还是,整体,正面
1976,_,用,整体,正面
1977,_,不错,整体,正面
1978,_,_,_,_
1979,发货速度,很快,物流,正面
1979,包装,精美,包装,正面
1979,气味,清新,气味,正面
1979,使用体验,很好,使用体验,正面
1979,价格,实惠,价格,正面
1979,_,不错,整体,正面
1980,活动,_,价格,正面
1980,_,很实惠,价格,正面
1980,_,不错,整体,正面
1980,赠品,_,价格,正面
1981,_,很满意,整体,正面
1981,味道,不大喜欢,气味,负面
1981,_,很舒服,整体,正面
1981,_,很不错,整体,正面
1982,_,挺好用的,整体,正面
1982,_,比较服帖,使用体验,正面
1982,_,自然,功效,正面
1982,速度,很快,物流,正面
1982,_,好评,整体,正面
1983,_,好评,整体,正面
1983,_,还可以,整体,正面
1983,价格,优惠,价格,正面
1984,_,是正品,真伪,正面
1984,包装,很好,包装,正面
1984,气味,不错,气味,正面
1984,使用体验,很好,使用体验,正面
1984,价格,便宜,价格,正面
1984,物流,不错,物流,正面
1984,_,还不错,整体,正面
1985,_,超划算,价格,正面
1985,_,挺补水,功效,正面
1985,包装,精美,包装,正面
1985,气味,清新,气味,正面
1985,使用体验,很好,使用体验,正面
1985,价格,实惠,价格,正面
1985,_,不错,整体,正面
1985,气味,好闻,气味,正面
1985,使用体验,不错,使用体验,正面
1985,价格,便宜,价格,正面
1986,_,挺好的,整体,正面
1986,遮瑕效果,不错,功效,正面
1986,肤色,提亮了好多,功效,正面
1986,赠品,多,价格,正面
1986,_,值得推荐,整体,正面
1986,_,提亮了好多,功效,正面
1986,_,不错,功效,正面
1987,活动,_,价格,正面
1987,_,挺好用的,整体,正面
1987,_,还不错,整体,正面
1987,_,很均匀,使用体验,正面
1987,_,小清香,气味,正面
1988,_,_,_,_
1989,_,挺好的,整体,正面
1990,_,非常好用,整体,正面
1990,价格,不贵,价格,正面
1990,_,好几次,整体,正面
1991,_,很好用,整体,正面
1991,_,很适合,整体,正面
1991,_,更便宜些,价格,中性
1992,_,_,_,_
1993,性价比,高,价格,正面
1993,_,提亮,功效,正面
1993,_,不脱妆,使用体验,正面
1994,_,_,_,_
1995,_,没有那么好,整体,负面
1995,_,不持久,使用体验,负面
1995,味道,淡淡的,气味,正面
1995,_,还行,整体,正面
1996,_,很滋润,使用体验,正面
1996,_,不干,使用体验,正面
1996,_,遮瑕,功效,正面
1996,_,不错,整体,正面
1997,_,特别喜欢,整体,正面
1997,_,凉凉的,使用体验,正面
1997,_,特别舒服,使用体验,正面
1997,_,不刺激,使用体验,正面
1997,_,信赖,整体,正面
1997,_,真买对了,整体,正面
1997,_,贴在脸上,使用体验,正面
1998,_,是正品,真伪,正面
1998,味道,淡淡的香味,气味,正面
1998,_,很棒,整体,正面
1998,小礼品,很多,价格,正面
1999,_,好,整体,正面
1999,_,值得推荐,整体,正面
1999,_,信赖,整体,正面
1999,_,大品牌,整体,正面
1999,_,^_^,整体,正面
2000,_,_,_,_
2001,物流,还行,物流,正面
2001,_,不太好,整体,负面
2001,_,不合适,整体,负面
2001,包装设计,很独特,包装,正面
2001,使用体验,一般般,使用体验,中性
2001,气味,有点刺鼻,气味,负面
2001,价格,有点贵,价格,负面
2001,_,不太满意,整体,负面
2002,_,_,_,_
2003,_,非常好看,整体,正面
2003,_,不墙白,功效,正面
2003,_,颜色自然,功效,正面
2003,外壳,好看,包装,正面
2003,_,赞,整体,正面
2003,_,峰峰代言,其他,正面
2003,_,好看,整体,正面
2004,_,好,整体,正面
2004,_,一直好下去,整体,正面
2005,_,_,_,_
2006,_,挺柔和的,使用体验,正面
2006,_,不刺激,使用体验,正面
2006,_,不怎么建议,使用体验,负面
2007,保湿效果,很好,功效,正面
2007,_,挺好用的,整体,正面
2008,_,凉凉的,使用体验,中性
2008,_,就那样,整体,中性
2009,_,一般般,整体,中性
2009,价格,太贵,价格,负面
2010,_,非常好用,整体,正面
2010,_,很舒服,使用体验,正面
2010,_,没有一点刺激,使用体验,正面
2010,_,非常好,整体,正面
2010,_,非常满意,整体,正面
2011,补水效果,不错,功效,正面
2011,_,不错,整体,正面
2011,包装设计,不错,包装,正面
2011,气味,不错,气味,正面
2011,价格,不错,价格,正面
2012,_,很温和,使用体验,正面
2012,设计,真的好方便,其他,正面
2012,_,很贴心,整体,正面
2012,出水,按压式,其他,正面
2013,_,不错,整体,正面
2014,_,挺好的,整体,正面
2015,_,很锁水,使用体验,正面
2015,_,不会腻,使用体验,正面
2015,_,很适合,整体,正面
2016,_,蛮干净的,功效,正面
2017,隔离效果,好,功效,正面
2017,_,滋润,使用体验,正面
2017,_,美白,功效,正面
2017,_,不错,整体,正面
2018,_,五星好评,整体,正面
2018,_,可以,整体,正面
2019,_,很差,整体,负面
2019,客服态度,不好,服务,负面
2019,_,没有责任心,服务,负面
2020,_,不错,整体,正面
2021,_,不过敏,使用体验,正面
2021,味道,太浓,气味,负面
2021,泡沫,刺眼睛,使用体验,负面
2022,控油,特别好,功效,负面
2022,_,还不错,整体,正面
2022,_,没有搓泥,使用体验,正面
2022,_,不错,整体,正面
2023,_,很好,整体,正面
2023,遮暇功能,差一些,功效,负面
2023,_,还不错,整体,正面
2024,_,物美价廉,价格,正面
2024,发货,很快,物流,正面
2024,_,五星好评,整体,正面
2024,_,图片相符,其他,正面
2025,_,挺好看用的,整体,正面
2026,_,很不错,整体,正面
2027,妆感,有点厚,使用体验,负面
2027,遮瑕效果,不错,功效,正面
2027,包装,有点破旧,包装,负面
2027,气味,有点刺鼻,气味,负面
2027,_,有点失望,整体,负面
2028,洁面,一般般,功效,中性
2028,泡沫,丰富,使用体验,正面
2028,_,不错,整体,正面
2029,_,_,_,_
2030,_,_,_,_
2031,_,特别补水,功效,正面
2032,_,细腻,使用体验,正面
2032,_,自然,功效,正面
2032,赠品,很多,价格,正面
2032,_,太好了,整体,正面
2032,_,最适合,整体,正面
2033,_,挺好用的,整体,正面
2034,_,_,_,_
2035,活动,超级划算,价格,正面
2035,_,非常好用,整体,正面
2036,_,垃圾,整体,负面
2036,_,差评,整体,负面
2037,_,_,_,_
2038,_,很不错,整体,正面
2038,_,实惠,价格,正面
2039,_,不错,整体,正面
2039,_,好用,整体,正面
2039,性价比,高,价格,正面
2040,_,很不错,整体,正面
2040,味道,好闻,气味,正面
2041,肤色,均匀,功效,正面
2041,质地,很轻薄,使用体验,正面
2042,_,是正品,真伪,正面
2042,_,满意,整体,正面
2042,包装,精美,包装,正面
2042,气味,好闻,气味,正面
2042,价格,便宜,价格,正面
2042,_,不错,整体,正面
2042,使用体验,很好,使用体验,正面
2043,_,_,_,_
2044,_,_,_,_
2045,价钱,挺好的,价格,正面
2045,_,不怎么样,整体,负面
2045,味道,好闻,气味,正面
2045,包装,精美,包装,正面
2045,价格,便宜,价格,正面
2045,_,不错,整体,正面
2046,臭味,_,气味,负面
2046,包装,太差了,包装,负面
2046,味道,太重了,气味,负面
2047,_,_,_,_
2048,_,真的快,物流,正面
2048,_,真的好用,整体,正面
2048,精华,特别多,成分,正面
2048,_,爆,整体,正面
2049,_,_,_,_
2050,_,还行,整体,正面
2050,大小,适合,尺寸,正面
2050,包装,还可以,包装,正面
2050,气味,不错,气味,正面
2051,_,很自然,功效,正面
2051,_,不错,整体,正面
2051,_,好假,功效,负面
2051,_,自然的美,功效,正面
2051,_,白的好假,功效,负面
2052,_,好用,整体,正面
2052,_,很服帖,使用体验,正面
2052,_,不油腻,使用体验,正面
2053,气味,没有任何,气味,中性
2053,_,清爽,使用体验,正面
2053,_,不知是否正品,真伪,中性
2054,_,很不好,整体,负面
2054,_,发干,使用体验,负面
2054,_,起皮严重,使用体验,负面
2055,_,挺好的,整体,正面
2055,_,不错,整体,正面
2055,上妆,很合适,功效,正面
2055,气味,娃娃香,气味,正面
2056,优惠力度,_,价格,负面
2056,_,没有搓泥,使用体验,正面
2056,包装,不错,包装,正面
2056,气味,不错,气味,正面
2057,_,好用,整体,正面
2057,_,便宜太多了,价格,正面
2057,_,太划算了,价格,正面
2058,价格,实惠,价格,正面
2058,送货,快,物流,正面
2058,_,赞一个,整体,正面
2058,_,好评,整体,正面
2059,_,不错,整体,正面
2059,_,非常喜欢,整体,正面
2059,快递小哥服务,到位,物流,正面
2060,_,很清爽,使用体验,正面
2060,_,非常不错,整体,正面
2061,味道,淡淡的清香,气味,正面
2061,赠品,很多,价格,正面
2061,_,很满意,整体,正面
2062,_,_,_,_
2063,_,挺好的,整体,正面
2064,_,过敏了,使用体验,负面
2064,_,没有广告宣传的那么好,整体,负面
2064,价格,_,价格,中性
2064,_,不敢苟同,整体,负面
2064,_,算了,整体,负面
2064,_,实在,整体,负面
2064,_,不行,整体,负面
2065,_,_,_,_
2066,_,好用,整体,正面
2066,_,特别湿润,使用体验,正面
2066,_,舒服,使用体验,正面
2066,_,有弹力,使用体验,正面
2066,补水效果,没得说,功效,正面
2066,做工,细致,其他,正面
2066,_,补水神器,功效,正面
2067,_,很好,整体,正面
2067,上妆效果,比较自然,功效,正面
2067,遮瑕效果,比较不错,功效,正面
2068,_,量很少,其他,负面
2068,_,不像是正品,真伪,负面
2068,味道,勉强可以,气味,中性
2069,味,_,气味,负面
2069,_,香中带着难闻,气味,负面
2069,_,不好用,整体,负面
2069,_,好用,整体,正面
2069,_,两股味,气味,负面
2069,_,难闻,气味,负面
2069,_,两分钟,使用体验,负面
2069,_,香中,气味,负面
2070,_,好用,整体,正面
2070,遮暇效果,不错,功效,正面
2070,使用体验,不错,使用体验,正面
2070,包装,不错,包装,正面
2070,气味,不错,气味,正面
2070,价格,不错,价格,正面
2070,新鲜度,不错,新鲜度,正面
2070,尺寸,不错,尺寸,正面
2071,_,_,_,_
2072,物流,超快,物流,正面
2072,_,是正品,真伪,正面
2072,包装,很好,包装,正面
2072,味道,很好,气味,正面
2072,使用体验,很好,使用体验,正面
2072,_,很好,整体,正面
2073,_,绝对的正品,真伪,正面
2073,补水效果,很好,功效,正面
2073,补水效果,刺激的,功效,中性
2073,_,最爱,整体,正面
2074,质感,特别薄,使用体验,正面
2074,_,很服帖,使用体验,正面
2074,容量,多,其他,正面
2074,香味,有点重,气味,负面
2075,包装,太差,包装,负面
2076,遮瑕效果,_,功效,中性
2076,_,很服帖,使用体验,正面
2076,_,挺遮毛孔,功效,正面
2076,持妆效果,不错,功效,正面
2076,_,不脱妆,使用体验,正面
2077,_,很喜欢,整体,正面
2077,_,不错,整体,正面
2078,_,_,_,_
2079,_,不错,整体,正面
2079,_,还可以,整体,正面
2080,_,非常喜欢,整体,正面
2080,保湿,很好,功效,正面
2080,遮暇效果,不错,功效,正面
2080,快递,很快,物流,正面
2080,_,满意,整体,正面
2080,_,好评,整体,正面
2081,_,_,_,_
2082,_,很服帖,使用体验,正面
2082,_,很好看,整体,正面
2082,味道,香香的,气味,正面
2082,_,很不错,整体,正面
2083,_,很水润,使用体验,正面
2083,_,很服帖,使用体验,正面
2083,_,很划算,价格,正面
2084,_,还可以,整体,正面
2084,_,很好吸收,使用体验,正面
2084,盖子,很蠢,包装,负面
2084,盖子,不好看,包装,负面
2084,盖子,改进,包装,中性
2084,_,希望改进,包装,中性
2084,_,很蠢,包装,负面
2084,_,不好看,包装,负面
2085,_,蛮好的,整体,正面
2086,_,好评,整体,正面
2086,_,真有心,服务,正面
2087,服务,很好,服务,正面
2087,_,不知道怎么样,整体,中性
2087,_,不少,整体,正面
2087,客服,很好,服务,正面
2087,_,好,整体,正面
2087,_,会再来,整体,正面
2087,_,不错,整体,正面
2087,_,很好,整体,正面
2088,包装,不错,包装,正面
2088,快递,不错,物流,正面
2088,价格,不错,价格,正面
2088,_,蛮好的,整体,正面
2088,_,希望不错,整体,中性
2088,_,快,物流,正面
2089,_,还不错,整体,正面
2089,_,没有过敏,使用体验,正面
2089,_,很好,整体,正面
2090,_,很不错,整体,正面
2090,_,不会太干,使用体验,正面
2090,价格,适中,价格,正面
2090,_,粉粉的,气味,正面
2090,_,很喜欢,整体,正面
2091,价格,实惠,价格,正面
2091,_,很方便,整体,正面
2092,_,一般般,整体,中性
2092,包装设计,很独特,包装,正面
2092,气味,很好闻,气味,正面
2092,使用体验,不错,使用体验,正面
2092,价格,便宜,价格,正面
2092,_,不错,整体,正面
2093,_,是正品,真伪,正面
2093,_,挺滋润,使用体验,正面
2093,_,特别方便,使用体验,正面
2093,快递,非常快,物流,正面
2094,_,很好用,整体,正面
2095,_,是正品,真伪,正面
2095,_,很好用,整体,正面
2095,包装,很好,包装,正面
2095,气味,不错,气味,正面
2095,包装,不错,包装,正面
2095,气味,很好,气味,正面
2095,_,不错,整体,正面
2096,_,好用,整体,正面
2096,_,非常喜欢,整体,正面
2096,_,可以购买,整体,正面
2096,_,不错,整体,正面
2097,_,挺好的,整体,正面
2097,_,没试,整体,中性
2097,_,追评,整体,中性
2097,_,化妆盒,包装,中性
2097,_,大家说,整体,正面
2097,_,三单,整体,正面
2098,_,很补水,功效,正面
2098,_,超喜欢,整体,正面
2098,包装,很漂亮,包装,正面
2099,_,喜欢,整体,正面
2099,_,不怎么喜欢,整体,负面
2099,_,一如既往,整体,正面
2100,物流,很快,物流,正面
2100,_,很满意,整体,正面
2101,_,很不错,整体,正面
2101,_,很喜欢,整体,正面
2101,_,容易抹开,使用体验,正面
2102,_,很划算,价格,正面
2102,性价比,很高,价格,正面
2102,_,不稀,使用体验,正面
2102,_,可以当霜,使用体验,正面
2103,气味,刺鼻,气味,负面
2103,_,不是正品,真伪,负面
2103,包装,太差了,包装,负面
2103,气味,太刺鼻了,气味,负面
2104,包装,精美,包装,正面
2104,_,物美价廉,价格,正面
2104,_,非常值得拥有,整体,正面
2104,_,精美,包装,正面
2105,_,很喜欢,整体,正面
2105,上妆,特别服帖,使用体验,正面
2105,物流,很快,物流,正面
2105,价格,实惠,价格,正面
2105,包装,很好,包装,正面
2105,气味,很好闻,气味,正面
2105,真伪,没问题,真伪,正面
2106,_,很棒,整体,正面
2107,快递,很快,物流,正面
2107,_,是正品,真伪,正面
2107,_,很好用,整体,正面
2107,包装,很好,包装,正面
2107,气味,不错,气味,正面
2107,使用体验,很好,使用体验,正面
2107,价格,便宜,价格,正面
2107,_,不错,整体,正面
2108,_,还不错,整体,正面
2108,_,挺自然,功效,正面
2108,遮瑕,不太好,功效,负面
2109,活动价,划算,价格,正面
2109,售后,好,服务,正面
2109,_,很好,整体,正面
2110,价格,贵,价格,负面
2110,服务态度,差,服务,负面
2110,_,不新鲜,新鲜度,负面
2110,_,不咋滴,整体,负面
2110,_,是名牌,真伪,正面
2110,_,旗舰店,其他,正面
2110,_,贵,价格,负面
2111,_,不错,整体,正面
2111,盖子设计,太狗血,包装,负面
2112,快递速度,很快,物流,正面
2112,_,非常好,整体,正面
2113,价格,比较便宜,价格,正面
2114,_,太干,使用体验,负面
2114,_,补水,功效,中性
2114,_,是不是我期待的,功效,中性
2114,_,不知道效果怎么样,整体,中性
2114,_,过敏,使用体验,负面
2114,_,是不是,功效,中性
2114,_,不知道,整体,中性
2115,_,_,_,_
2116,_,挺好的,整体,正面
2117,_,挺好的,整体,正面
2117,味道,好闻,气味,正面
2117,包装,精美,包装,正面
2117,价格,便宜,价格,正面
2117,_,不错,整体,正面
2117,使用体验,很好,使用体验,正面
2118,_,没什么效果,整体,负面
2118,_,有点刺痛,使用体验,负面
2118,味道,不错,气味,正面
2118,包装,不错,包装,正面
2118,_,不错,整体,正面
2118,使用体验,不错,使用体验,正面
2118,价格,不错,价格,正面
2119,包装,不好,包装,负面
2119,包装,很好,包装,正面
2119,味道,不错,气味,正面
2119,价格,便宜,价格,正面
2119,使用体验,好,使用体验,正面
2119,_,不错,整体,正面
2120,_,很好用,整体,正面
2120,_,很划算,价格,正面
2120,_,太满意了,整体,正面
2121,补水效果,真的很不错,功效,正面
2121,_,很喜欢,整体,正面
2122,_,好,整体,正面
2122,_,干净,功效,正面
2122,泡沫,丰富,使用体验,正面
2122,物流,快,物流,正面
2122,_,5分好评,整体,正面
2122,_,不是特紧绷,使用体验,正面
2123,_,_,_,_
2124,_,还可以,整体,正面
2124,_,挺好的,整体,正面
2124,味道,淡淡的,气味,正面
2124,包装,挺好的,包装,正面
2125,_,好用,整体,正面
2125,_,不紧绷,使用体验,正面
2125,_,很舒服,使用体验,正面
2126,_,不错,整体,正面
2126,_,很好,整体,正面
2127,_,是正品,真伪,正面
2127,补水效果,很好,功效,正面
2127,_,不错,整体,正面
2128,赠品,没有,价格,负面
2129,_,_,_,_
2130,_,不错,整体,正面
2130,价格,不贵,价格,正面
2130,_,不会去痘痘,使用体验,正面
2130,_,不会过敏,使用体验,正面
2130,_,比较适合,整体,正面
2131,清洁度,中等,功效,中性
2131,_,很柔和,使用体验,正面
2131,_,舒服,使用体验,正面
2132,_,非常好,整体,正面
2132,_,很多年,整体,正面
2132,_,质量非常好,整体,正面
2133,_,很补水,功效,正面
2133,_,不错,整体,正面
2133,_,很好,整体,正面
2133,使用体验,不错,使用体验,正面
2134,精华,很多,成分,正面
2134,补水效果,不错,功效,正面
2134,_,确实不错,整体,正面
2134,_,很服帖,使用体验,正面
2135,服务态度,很好,服务,正面
2135,_,很好用,整体,正面
2136,包装,完好,包装,正面
2136,_,很好用,整体,正面
2136,包装,精美,包装,正面
2136,味道,好闻,气味,正面
2136,使用体验,不错,使用体验,正面
2136,价格,便宜,价格,正面
2136,物流,快,物流,正面
2136,_,不错,整体,正面
2137,活动,_,价格,正面
2137,补水效果,不错,功效,正面
2137,_,特别划算,价格,正面
2138,_,_,_,_
2139,_,很喜欢,整体,正面
2139,_,提肤色,功效,正面
2139,_,很自然,功效,正面
2139,香味,优然,气味,正面
2139,物流,超快,物流,正面
2139,_,好评,整体,正面
2140,_,喜欢得不得了,整体,正面
2140,_,超级喜欢,整体,正面
2141,包装,有点破,包装,负面
2141,_,比较信赖,整体,正面
2141,_,有点失望,整体,负面
2142,物流,很快,物流,正面
2142,_,不错,整体,正面
2143,_,_,_,_
2144,_,_,_,_
2145,补水效果,非常好,功效,正面
2145,_,不错,整体,正面
2145,使用体验,不错,使用体验,正面
2146,物流,很快,物流,正面
2146,_,还不错,整体,正面
2146,包装,精美,包装,正面
2146,气味,很好,气味,正面
2146,使用体验,不错,使用体验,正面
2146,价格,便宜,价格,正面
2147,速度,很快,物流,正面
2147,_,不错,整体,正面
2148,包装,不错,包装,正面
2149,_,非常好,整体,正面
2149,保湿,好,功效,正面
2149,_,贴皮肤,使用体验,正面
2149,_,不油腻,使用体验,正面
2150,_,_,_,_
2151,活动,最合适,价格,正面
2151,_,特别好,整体,正面
2152,包装,挺好的,包装,正面
2153,_,很好用,整体,正面
2153,_,好,整体,正面
2154,_,_,_,_
2155,_,很好,整体,正面
2156,包装,太差了,包装,负面
2156,_,贵了点,价格,负面
2156,味道,太重了,气味,负面
2157,_,很好用,整体,正面
2158,包装,不太好,包装,负面
2158,快递服务态度,很好,物流,正面
2158,_,好评,整体,正面
2158,_,追加好评,整体,正面
2159,物流,给力,物流,正面
2159,_,很喜欢,整体,正面
2159,包装,精美,包装,正面
2159,气味,清新,气味,正面
2159,使用体验,很好,使用体验,正面
2159,价格,实惠,价格,正面
2159,_,不错,整体,正面
2159,气味,不好闻,气味,负面
2159,包装,一般,包装,负面
2159,价格,太贵,价格,负面
2159,使用体验,差,使用体验,负面
2159,气味,很好闻,气味,正面
2160,补水效果,很好,功效,正面
2160,_,没有不适反应,使用体验,正面
2160,包装设计,很独特,包装,正面
2160,气味,很好闻,气味,正面
2160,_,不错,整体,正面
2160,价格,便宜,价格,正面
2160,使用体验,好,使用体验,正面
2161,配送小哥,棒棒哒,物流,正面
2161,服务态度,好,物流,正面
2161,送货速度,快,物流,正面
2161,_,好评,整体,正面
2162,_,香香的,气味,正面
2162,_,很好拍开,使用体验,正面
2162,_,不是面粉的那种白,功效,正面
2162,_,喜欢,整体,正面
2162,_,素颜,功效,正面
2162,_,快下手,整体,正面
2163,气味,太香了,气味,负面
2163,气味,太重了,气味,负面
2163,包装,太差了,包装,负面
2163,物流,太慢了,物流,负面
2163,味道,太刺鼻了,气味,负面
2163,_,太差了,整体,负面
2164,价钱,给力,价格,正面
2164,_,非常好,整体,正面
2164,_,实惠,价格,正面
2164,_,放心,价格,正面
2164,_,优惠,价格,正面
2165,_,_,_,_
2166,_,非常好用,整体,正面
2167,味道,太刺鼻,气味,负面
2167,_,没有泡沫,使用体验,负面
2167,_,不好,整体,负面
2168,_,香香的,气味,正面
2168,_,很细腻,使用体验,正面
2168,_,滑滑的,使用体验,正面
2168,_,很舒服,使用体验,正面
2169,_,不错,整体,正面
2169,_,很实惠,价格,正面
2169,_,值得购买,整体,正面
2170,_,不太好洗,使用体验,负面
2170,_,滑滑的,使用体验,负面
2170,_,没洗干净,使用体验,负面
2170,成份,没有看到氨基酸,成分,负面
2170,_,不太好,整体,负面
2171,_,还可以,整体,正面
2171,_,值得拥有,整体,正面
2172,快递,真的好快,物流,正面
2172,快递员,_,物流,正面
2173,_,_,_,_
2174,价格,没差别,价格,中性
2174,_,不值,整体,负面
2174,_,凑合,整体,中性
2175,味道,奇怪,气味,负面
2175,_,还可以,整体,正面
2176,_,不错,整体,正面
2177,_,一般,整体,中性
2177,_,不干净,功效,负面
2178,_,_,_,_
2179,粉扑,不怎么好,使用体验,负面
2179,_,不方便,使用体验,负面
2179,颜色,不是很自然,功效,负面
2179,包装设计,很独特,包装,正面
2179,颜色,很鲜艳,功效,正面
2179,使用体验,很好,使用体验,正面
2179,性价比,很高,价格,正面
2179,气味,很重,气味,负面
2180,瓶子颜色,不符合,包装,负面
2180,_,还行,整体,正面
2180,包装,有点差,包装,负面
2181,油腻感,能接受,使用体验,正面
2181,延展性,很好,使用体验,正面
2181,气味,不太好闻,气味,负面
2181,包装,有点破旧,包装,负面
2181,_,还不错,整体,正面
2182,_,很好用,整体,正面
2183,_,很好用,整体,正面
2183,_,好评,整体,正面
2184,_,挺便宜的,价格,正面
2184,_,囎品,价格,正面
2184,_,卖家,服务,正面
2184,_,送了,服务,正面
2184,_,便宜,价格,正面
2184,卖家,_,服务,正面
2185,_,_,_,_
2186,包装,有点差,包装,负面
2186,_,还可以,整体,正面
2186,遮暇功能,差一些,功效,负面
2186,气味,有点差,气味,负面
2187,_,挺好的,整体,正面
2187,包装,精美,包装,正面
2187,气味,清新,气味,正面
2187,使用体验,很好,使用体验,正面
2187,价格,实惠,价格,正面
2187,物流服务,好,物流,正面
2187,_,不错,整体,正面
2187,气味,很好,气味,正面
2188,_,还可以,整体,正面
2188,包装,有点差,包装,负面
2189,物流,快,物流,正面
2189,_,是正品,真伪,正面
2190,包装盒,没有,包装,负面
2190,_,还行,整体,正面
2190,_,抠门,整体,负面
2191,快递,快,物流,正面
2191,_,很好,整体,正面
2191,遮暇功能,差一些,功效,负面
2191,_,还不错,整体,正面
2192,_,_,_,_
2193,活动,挺划算,价格,正面
2193,_,太慢,物流,负面
2193,包装,太差了,包装,负面
2193,气味,难闻,气味,负面
2193,价格,便宜,价格,正面
2193,物流,快,物流,正面
2193,气味,好闻,气味,正面
2193,包装,精美,包装,正面
2193,_,不错,整体,正面
2194,发货,很快,物流,正面
2194,质检报告,_,其他,正面
2194,质保书,_,其他,正面
2194,_,省心,整体,正面
2194,_,省时,其他,正面
2194,_,省力,其他,正面
2194,_,通过,其他,正面
2194,_,继续合作,整体,正面
2194,_,拨款,其他,正面
2194,_,采购,其他,正面
2194,_,检测,其他,正面
2195,性价比,真的高,价格,正面
2195,_,很好用,整体,正面
2195,_,好用,整体,正面
2195,_,不贵,价格,正面
2195,_,一直用,整体,正面
2195,_,不怎么挑,整体,正面
2196,包装,好,包装,正面
2196,物流,快,物流,正面
2196,_,不卡粉,使用体验,正面
2196,_,很润,使用体验,正面
2196,_,很满意,整体,正面
2197,_,适合,整体,正面
2198,_,好贵,价格,负面
2199,味道,好闻,气味,正面
2199,包装,不错,包装,正面
2200,包装,太差,包装,负面
2200,气味,太难闻,气味,负面
2200,_,不是太好用,整体,负面
2200,味道,太难闻,气味,负面
2200,价格,太贵,价格,负面
2201,发货,快,物流,正面
2201,包装,好看,包装,正面
2201,_,满意,整体,正面
2202,价格,便宜,价格,正面
2202,物流,快,物流,正面
2202,包装,精美,包装,正面
2202,气味,好闻,气味,正面
2202,_,很划算,价格,正面
2203,_,还可以,整体,正面
2204,_,很好,整体,正面
2205,包装,一般,包装,中性
2205,_,很精致,包装,正面
2205,质量问题,很好,其他,正面
2205,_,_,整体,中性
2206,_,脸红了,使用体验,负面
2206,性价比,高,价格,正面
2206,包装,精美,包装,正面
2206,气味,好闻,气味,正面
2206,使用体验,好,使用体验,正面
2206,_,真的太好用了,整体,正面
2207,_,干的厉害,使用体验,负面
2207,_,不细腻,使用体验,负面
2207,味道,还行,气味,正面
2207,包装,一般般,包装,中性
2207,_,有泡沫,使用体验,中性
2208,_,没过敏,使用体验,正面
2208,补水,还可以,功效,正面
2208,_,不错,整体,正面
2209,_,不错,整体,正面
2209,_,挺好,整体,正面
2209,_,温和,使用体验,正面
2209,_,不刺激,使用体验,正面
2210,包装,精美,包装,正面
2210,价格,实惠,价格,正面
2210,_,非常棒,整体,正面
2211,活动,很便宜,价格,正面
2211,性价比,挺高的,价格,正面
2211,_,挺好的,整体,正面
2212,_,还行,整体,正面
2212,价格,不贵,价格,正面
2212,_,经济,价格,正面
2212,_,实惠,价格,正面
2213,_,_,_,_
2214,_,喜欢,整体,正面
2214,_,超级喜欢,整体,正面
2215,_,后悔,整体,负面
2215,_,更贵,价格,负面
2215,_,骗大家,整体,负面
2215,_,高兴的买,整体,负面
2215,_,便宜点,价格,负面
2215,_,搞笑了,整体,负面
2215,_,便宜,价格,负面
2215,_,不划算,价格,负面
2215,_,贵,价格,负面
2215,_,不便宜,价格,负面
2216,补水效果,挺不错,功效,正面
2216,_,超级棒,整体,正面
2217,物流,挺快的,物流,正面
2217,_,还不错,整体,正面
2217,_,挺舒服的,整体,正面
2218,_,_,_,_
2219,_,挺好的,整体,正面
2219,_,细腻,使用体验,正面
2219,_,顺滑,使用体验,正面
2219,_,有光泽,功效,正面
2219,赠品,不错,价格,正面
2220,_,_,_,_
2221,_,不错,整体,正面
2222,_,特别开心,整体,正面
2222,_,非常满意,整体,正面
2222,_,特别好用,整体,正面
2223,客服,耐心,服务,正面
2223,_,改善,功效,中性
2223,_,谢谢,服务,正面
2223,_,推荐,服务,正面
2223,_,追评,整体,中性
2224,补水效果,很好,功效,正面
2224,使用体验,不错,整体,正面
2224,包装设计,很精致,包装,正面
2224,气味,很好闻,气味,正面
2224,价格,很实惠,价格,正面
2225,_,_,_,_
2226,_,_,_,_
2227,_,_,_,_
2228,_,一般一般,整体,中性
2228,价格,_,价格,中性
2229,_,_,_,_
2230,_,_,_,_
2231,_,挺好的,整体,正面
2232,包装,很好,包装,正面
2232,_,棒棒哒,整体,正面
2232,_,是正品,真伪,正面
2232,_,好用,整体,正面
2233,活动价,_,价格,正面
2233,_,划算,价格,正面
2233,_,不错,整体,正面
2234,_,很细腻,使用体验,正面
2234,_,不是太白,功效,正面
2234,_,有点少,其他,负面
2234,_,有点贵,价格,负面
2235,物流,超快,物流,正面
2235,_,很好用,整体,正面
2235,包装,精美,包装,正面
2235,气味,清新,气味,正面
2235,使用体验,很好,使用体验,正面
2235,价格,实惠,价格,正面
2235,_,不错,整体,正面
2235,价格,便宜,价格,正面
2235,使用体验,不错,使用体验,正面
2236,_,挺显白的,功效,正面
2236,_,不容易推开,使用体验,负面
2236,_,需要用力涂抹,使用体验,负面
2236,_,显白,功效,正面
2237,_,真的很不错,整体,正面
2237,_,容易推开,使用体验,正面
2237,_,改善肤色,功效,正面
